交易日期,开盘价,最高价,最低价,收盘价,前收盘价,涨跌额,涨跌幅(%),成交量(手),成交额(千元)
20190102,74.25,74.97,73.53,73.66,73.8,-0.14,-0.1897,43940.96,326259.378
20190103,72.51,74.54,72.51,73.83,73.66,0.17,0.2308,44949.03,332238.737
20190104,73.33,77.24,73.23,76.96,73.83,3.13,4.2395,79053.31,602100.011
20190107,76.94,77.65,76.3,77.42,76.96,0.46,0.5977,59695.59,460577.318
20190108,77.22,79.45,77.2,79.33,77.42,1.91,2.4671,85749.9,674107.579
20190109,77.0,78.21,75.18,77.98,79.33,-1.35,-1.7018,123798.79,952624.089
20190110,77.64,77.85,76.02,76.28,77.98,-1.7,-2.18,83942.73,644858.368
20190111,76.6,76.75,74.8,75.29,76.28,-0.99,-1.2979,61367.03,463701.25
20190114,75.3,76.33,74.3,76.08,75.29,0.79,1.0493,48487.95,366505.969
20190115,76.0,77.48,74.85,77.37,76.08,1.29,1.6956,58736.35,448317.233
20190116,76.9,77.2,76.41,76.67,77.37,-0.7,-0.9047,25738.62,197749.843
20190117,76.95,77.69,76.41,76.66,76.67,-0.01,-0.013,37188.09,286721.586
20190118,77.16,77.16,74.0,75.4,76.66,-1.26,-1.6436,65039.27,488797.282
20190121,75.03,75.63,74.26,75.24,75.4,-0.16,-0.2122,52411.59,392168.954
20190122,75.0,75.67,74.03,74.27,75.24,-0.97,-1.2892,42588.58,318440.028
20190123,74.26,75.66,74.01,75.44,74.27,1.17,1.5753,48847.98,367089.066
20190124,75.0,75.86,74.7,75.17,75.44,-0.27,-0.3579,37984.18,286305.027
20190125,75.64,78.79,75.17,77.44,75.17,2.27,3.0198,91189.56,707431.983
20190128,78.1,78.26,76.02,76.07,77.44,-1.37,-1.7691,46288.93,355879.562
20190129,76.26,77.39,74.1,76.68,76.07,0.61,0.8019,52363.13,395374.218
20190130,74.33,77.36,73.61,76.2,76.68,-0.48,-0.626,77077.82,583430.175
20190131,76.27,77.77,76.05,76.12,76.2,-0.08,-0.105,44127.55,339614.007
20190201,76.67,79.17,76.2,78.4,76.12,2.28,2.9953,62144.11,483480.057
20190211,78.99,81.38,78.98,81.0,78.4,2.6,3.3163,83433.27,670709.803
20190212,80.5,81.6,80.03,81.0,81.0,0.0,0.0,49891.21,402647.822
20190213,80.8,83.57,80.37,81.7,81.0,0.7,0.8642,78771.77,647619.276
20190214,81.5,88.88,81.35,84.72,81.7,3.02,3.6965,127233.14,1084873.164
20190215,84.4,86.0,82.4,82.42,84.72,-2.3,-2.7148,105153.13,880799.439
20190218,83.15,84.88,82.56,84.46,82.42,2.04,2.4751,87787.2,735318.29
20190219,84.66,84.78,81.8,82.29,84.46,-2.17,-2.5693,94257.86,782086.064
20190220,82.8,84.5,82.1,83.17,82.29,0.88,1.0694,60674.42,506750.853
20190221,82.7,84.87,82.3,83.33,83.17,0.16,0.1924,82287.72,690870.555
20190222,83.0,85.3,82.11,84.37,83.33,1.04,1.248,89600.36,752183.5
20190225,85.77,91.66,85.77,91.32,84.37,6.95,8.2375,154113.02,1380347.01
20190226,90.0,90.8,87.68,88.5,91.32,-2.82,-3.088,113242.11,1009210.794
20190227,87.7,89.39,85.3,86.05,88.5,-2.45,-2.7684,91037.9,795251.089
20190228,86.01,89.18,86.01,87.7,86.05,1.65,1.9175,72399.18,637896.402
20190301,91.1,92.88,89.4,90.03,87.7,2.33,2.6568,96192.84,873963.51
20190304,91.5,95.16,90.73,92.39,90.03,2.36,2.6213,140369.47,1306102.15
20190305,92.38,92.98,91.2,92.6,92.39,0.21,0.2273,86156.92,793012.158
20190306,93.12,93.8,89.38,91.2,92.6,-1.4,-1.5119,104329.22,949501.268
20190307,90.85,90.85,86.68,87.89,91.2,-3.31,-3.6294,137071.48,1210805.141
20190308,86.0,88.3,84.72,84.97,87.89,-2.92,-3.3223,110696.63,951944.818
20190311,84.73,88.18,84.55,87.92,84.97,2.95,3.4718,93546.58,813096.537
20190312,91.6,93.85,89.21,91.07,87.92,3.15,3.5828,147634.35,1352038.771
20190313,90.99,90.99,87.71,88.08,91.07,-2.99,-3.2832,75777.21,674377.765
20190314,87.98,90.48,87.32,88.95,88.08,0.87,0.9877,79825.75,710913.722
20190315,90.01,91.4,88.97,89.83,88.95,0.88,0.9893,78215.43,707054.564
20190318,89.89,90.0,87.9,89.28,89.83,-0.55,-0.6123,72757.62,646068.126
20190319,89.15,91.88,88.0,88.6,89.28,-0.68,-0.7616,68170.28,611077.097
20190320,88.5,88.5,85.82,87.17,88.6,-1.43,-1.614,88141.18,764749.351
20190321,87.0,88.4,85.95,87.12,87.17,-0.05,-0.0574,81359.6,707343.505
20190322,87.12,87.12,85.21,86.58,87.12,-0.54,-0.6198,60189.92,518360.062
20190325,87.97,90.58,87.02,89.0,86.58,2.42,2.7951,129906.46,1158349.085
20190326,88.02,88.49,84.9,85.3,89.0,-3.7,-4.1573,97197.83,836361.947
20190327,85.5,86.54,82.3,83.41,85.3,-1.89,-2.2157,94921.22,795590.922
20190328,83.34,84.36,82.1,83.2,83.41,-0.21,-0.2518,58571.93,487897.668
20190329,83.42,85.0,82.65,85.0,83.2,1.8,2.1635,71241.26,598855.278
20190401,85.16,86.96,85.0,86.35,85.0,1.35,1.5882,92390.9,794157.526
20190402,86.35,86.43,84.33,84.98,86.35,-1.37,-1.5866,102413.27,869961.308
20190403,84.8,85.2,83.88,84.48,84.98,-0.5,-0.5884,71840.38,605819.178
20190404,84.63,85.16,84.0,84.17,84.48,-0.31,-0.367,66796.09,564517.873
20190408,84.71,84.9,81.1,82.29,84.17,-1.88,-2.2336,113769.79,941060.713
20190409,84.76,85.25,82.9,83.91,82.29,1.62,1.9686,119422.66,1003599.92
20190410,83.81,83.81,81.7,82.24,83.91,-1.67,-1.9902,108408.37,890277.783
20190411,82.25,82.6,80.58,80.72,82.24,-1.52,-1.8482,89537.65,728469.344
20190412,80.92,82.61,80.91,81.98,80.72,1.26,1.561,59356.73,486028.531
20190415,82.8,83.01,80.95,80.97,81.98,-1.01,-1.232,59950.6,491053.132
20190416,80.5,82.27,80.37,82.27,80.97,1.3,1.6055,57187.22,464852.034
20190417,83.5,86.28,83.5,86.11,82.27,3.84,4.6676,205004.78,1752514.963
20190418,86.12,86.3,84.42,84.65,86.11,-1.46,-1.6955,70617.81,601487.607
20190419,84.52,84.99,82.9,83.2,84.65,-1.45,-1.7129,62967.75,524874.428
20190422,83.21,83.6,81.03,81.23,83.2,-1.97,-2.3678,66492.29,543402.295
20190423,80.5,80.65,75.01,78.17,81.23,-3.06,-3.7671,115259.36,898901.903
20190424,78.18,79.86,77.4,79.78,78.17,1.61,2.0596,51343.74,404380.493
20190425,78.59,80.86,78.1,79.1,79.78,-0.68,-0.8523,52973.14,422497.288
20190426,79.0,80.35,78.98,79.35,79.1,0.25,0.3161,34918.01,278261.724
20190429,80.99,81.37,79.15,79.78,79.35,0.43,0.5419,47882.77,383749.258
20190430,79.8,80.58,79.15,79.76,79.78,-0.02,-0.0251,31090.77,248280.438
20190506,76.87,77.66,75.06,75.7,79.76,-4.06,-5.0903,65431.06,499354.099
20190507,76.0,77.42,75.62,75.85,75.7,0.15,0.1982,37119.4,283552.904
20190508,74.9,76.17,73.7,74.61,75.85,-1.24,-1.6348,34995.81,261613.986
20190509,74.0,75.09,72.63,72.7,74.61,-1.91,-2.56,48134.23,353504.942
20190510,73.48,74.49,70.72,74.1,72.7,1.4,1.9257,54074.24,396995.566
20190513,73.05,73.26,71.26,71.59,74.1,-2.51,-3.3873,46327.21,334093.982
20190514,71.92,73.2,71.91,72.16,71.59,0.57,0.7962,43329.93,313815.476
20190515,72.5,75.15,72.5,74.98,72.16,2.82,3.908,66195.34,491578.062
20190516,74.8,74.84,73.9,74.33,74.98,-0.65,-0.8669,37371.56,277622.386
20190517,74.71,74.71,71.92,72.25,74.33,-2.08,-2.7983,36003.07,263549.587
20190520,71.37,72.08,67.89,69.69,72.25,-2.56,-3.5433,45237.47,315226.938
20190521,70.22,71.18,69.88,70.15,69.69,0.46,0.6601,31949.38,225101.966
20190522,70.72,70.92,69.25,69.37,70.15,-0.78,-1.1119,27823.87,194769.381
20190523,68.8,69.25,67.3,67.48,69.37,-1.89,-2.7245,44016.86,298347.37
20190524,67.82,68.2,66.99,67.85,67.48,0.37,0.5483,29311.12,198625.492
20190527,67.99,69.64,67.68,69.2,67.85,1.35,1.9897,43690.21,300432.177
20190528,69.2,71.88,68.8,71.88,69.2,2.68,3.8728,53181.29,372556.045
20190529,70.21,71.29,70.05,70.57,71.88,-1.31,-1.8225,32951.13,232757.105
20190530,70.49,70.49,68.9,69.81,70.57,-0.76,-1.0769,28726.44,199994.014
20190531,70.3,70.47,69.36,69.44,69.81,-0.37,-0.53,25166.79,175685.319
20190603,68.6,69.67,68.0,68.16,69.44,-1.28,-1.8433,32528.37,223503.068
20190604,68.4,68.4,66.8,66.87,68.16,-1.29,-1.8926,31666.78,213131.577
20190605,67.37,69.35,67.36,69.07,66.87,2.2,3.29,50093.14,343503.184
20190606,68.81,68.89,66.66,66.94,69.07,-2.13,-3.0838,37484.86,252839.103
20190610,67.85,70.27,66.91,67.6,66.94,0.66,0.986,88452.44,608130.669
20190611,64.02,68.94,64.0,68.19,67.6,0.59,0.8728,241071.11,1598113.764
20190612,67.27,69.5,67.27,68.65,68.19,0.46,0.6746,153508.06,1051599.152
20190613,68.6,72.26,67.9,71.01,68.65,2.36,3.4377,215487.52,1517836.884
20190614,71.07,74.18,70.8,72.18,71.01,1.17,1.6477,204332.97,1485468.811
20190617,72.25,73.83,71.1,71.96,72.18,-0.22,-0.3048,120704.89,876179.72
20190618,71.9,72.38,70.4,71.05,71.96,-0.91,-1.2646,81801.08,582895.043
20190619,72.98,73.24,69.12,69.68,71.05,-1.37,-1.9282,142814.97,1005547.313
20190620,69.68,70.24,68.25,69.06,69.68,-0.62,-0.8898,128161.1,888389.359
20190621,71.0,71.0,68.85,69.09,69.06,0.03,0.0434,118185.86,821987.074
20190624,69.09,69.13,67.91,68.86,69.09,-0.23,-0.3329,66058.5,452626.112
20190625,68.84,69.2,67.81,68.83,68.86,-0.03,-0.0436,76387.9,524726.34
20190626,68.44,70.56,68.29,69.98,68.83,1.15,1.6708,94483.65,659276.524
20190627,69.82,70.71,69.45,69.93,69.98,-0.05,-0.0714,109489.02,766946.532
20190628,68.9,69.43,68.0,68.88,69.93,-1.05,-1.5015,57212.15,393261.787
20190701,70.0,71.0,69.31,70.32,68.88,1.44,2.0906,130772.3,918840.408
20190702,70.28,72.38,69.96,71.04,70.32,0.72,1.0239,162519.96,1159161.875
20190703,70.51,73.01,70.28,71.8,71.04,0.76,1.0698,221001.68,1590621.264
20190704,71.99,72.28,70.55,71.05,71.8,-0.75,-1.0446,80844.14,575394.325
20190705,71.1,71.5,70.02,71.08,71.05,0.03,0.0422,88937.49,631207.237
20190708,70.53,70.53,67.89,68.86,71.08,-2.22,-3.1232,83043.3,572956.111
20190709,68.88,70.89,68.5,70.86,68.86,2.0,2.9044,96027.29,671619.524
20190710,71.1,73.47,71.0,72.25,70.86,1.39,1.9616,159315.12,1152969.652
20190711,73.5,73.52,71.9,72.42,72.25,0.17,0.2353,70672.79,513699.469
20190712,72.79,74.23,72.51,73.88,72.42,1.46,2.016,94172.05,694124.849
20190715,74.51,74.58,73.0,73.66,73.88,-0.22,-0.2978,112714.92,831092.957
20190716,73.41,73.66,71.31,72.82,73.66,-0.84,-1.1404,96070.41,696256.679
20190717,72.45,73.84,72.28,72.99,72.82,0.17,0.2335,43172.37,315550.235
20190718,72.46,72.8,71.33,71.5,72.99,-1.49,-2.0414,45170.44,324530.503
20190719,71.71,72.95,71.57,72.5,71.5,1.0,1.3986,57358.54,415492.043
20190722,72.5,73.6,71.51,73.08,72.36,0.72,0.995,87657.02,637958.006
20190723,73.4,76.95,72.62,75.87,73.08,2.79,3.8177,164707.05,1243667.02
20190724,76.2,76.93,75.4,75.68,75.87,-0.19,-0.2504,119685.48,911581.946
20190725,75.7,76.75,75.3,75.81,75.68,0.13,0.1718,118401.07,900265.031
20190726,75.36,77.77,75.36,76.66,75.81,0.85,1.1212,115263.51,887611.744
20190729,76.52,77.4,76.01,76.68,76.66,0.02,0.0261,70375.96,539231.508
20190730,76.9,78.49,76.14,77.76,76.68,1.08,1.4085,96458.86,748447.373
20190731,77.6,77.6,76.0,76.0,77.76,-1.76,-2.2634,66221.24,507359.962
20190801,75.9,76.93,75.28,75.8,76.0,-0.2,-0.2632,67503.26,512836.765
20190802,73.99,75.6,73.75,75.28,75.8,-0.52,-0.686,71660.1,537012.579
20190805,74.7,75.2,72.88,73.0,75.28,-2.28,-3.0287,89916.67,664300.302
20190806,70.8,72.69,70.51,72.15,73.0,-0.85,-1.1644,84938.25,606804.434
20190807,72.5,74.55,72.44,73.33,72.15,1.18,1.6355,86048.99,634607.223
20190808,74.0,74.18,72.8,73.08,73.33,-0.25,-0.3409,38743.96,283896.694
20190809,73.97,73.97,71.51,71.93,73.08,-1.15,-1.5736,47326.89,342757.055
20190812,71.81,73.4,71.53,73.37,71.93,1.44,2.0019,42536.1,309047.521
20190813,72.82,74.29,72.58,73.47,73.37,0.1,0.1363,53094.9,390413.486
20190814,74.0,75.09,73.5,73.5,73.47,0.03,0.0408,63248.64,469662.043
20190815,71.95,74.2,71.71,74.17,73.5,0.67,0.9116,46222.34,338674.803
20190816,74.0,74.2,73.03,73.22,74.17,-0.95,-1.2808,69540.25,510354.144
20190819,73.7,76.2,73.22,76.2,73.22,2.98,4.0699,105122.85,788088.318
20190820,76.18,76.35,75.16,75.43,76.2,-0.77,-1.0105,68190.64,516227.096
20190821,75.22,76.95,75.22,75.8,75.43,0.37,0.4905,65330.92,497063.366
20190822,76.0,76.0,75.0,75.6,75.8,-0.2,-0.2639,49174.99,371406.219
20190823,75.59,75.59,71.92,73.9,75.6,-1.7,-2.2487,165651.81,1217057.417
20190826,72.89,73.73,72.5,72.77,73.9,-1.13,-1.5291,91278.93,667071.588
20190827,73.36,74.53,73.11,73.3,72.77,0.53,0.7283,96052.21,708485.566
20190828,74.17,74.27,72.36,72.52,73.3,-0.78,-1.0641,86400.82,630707.719
20190829,72.51,72.53,71.03,71.08,72.52,-1.44,-1.9857,100760.8,719068.78
20190830,71.46,72.88,70.56,72.27,71.08,1.19,1.6742,118967.19,853502.524
20190902,72.19,73.14,71.89,72.96,72.27,0.69,0.9548,98066.82,711942.578
20190903,72.71,72.9,70.84,71.2,72.96,-1.76,-2.4123,130194.63,928815.989
20190904,70.88,71.38,69.9,71.18,71.2,-0.02,-0.0281,117106.54,825074.108
20190905,71.21,72.39,71.21,71.3,71.18,0.12,0.1686,123015.92,882671.197
20190906,71.45,72.3,71.45,71.86,71.3,0.56,0.7854,82921.98,595782.214
20190909,72.51,77.0,72.06,77.0,71.86,5.14,7.1528,258029.48,1929969.738
20190910,77.33,77.75,76.45,77.22,77.0,0.22,0.2857,188278.78,1453966.628
20190911,77.9,81.08,77.36,77.77,77.22,0.55,0.7123,212306.12,1677214.721
20190912,78.2,79.7,77.3,78.0,77.77,0.23,0.2957,154047.9,1208379.49
20190916,78.99,79.3,76.32,76.7,78.0,-1.3,-1.6667,135279.21,1049862.814
20190917,76.58,76.58,74.21,74.52,76.7,-2.18,-2.8422,143175.99,1075220.901
20190918,75.05,75.46,74.45,74.59,74.52,0.07,0.0939,100855.97,755559.853
20190919,74.59,76.0,74.59,75.38,74.59,0.79,1.0591,141323.03,1065080.393
20190920,75.52,76.12,74.6,74.86,75.38,-0.52,-0.6898,128027.41,962427.238
20190923,74.87,74.88,72.3,72.99,74.86,-1.87,-2.498,123098.84,899754.06
20190924,73.14,73.92,72.06,72.73,72.99,-0.26,-0.3562,128426.7,936875.749
20190925,72.6,73.78,71.85,72.96,72.73,0.23,0.3162,133953.25,975645.561
20190926,73.2,73.35,71.02,71.45,72.96,-1.51,-2.0696,130923.62,941682.667
20190927,71.45,71.89,71.06,71.46,71.45,0.01,0.014,71437.29,510484.481
20190930,71.8,72.07,71.16,71.5,71.46,0.04,0.056,67607.07,484212.294
20191008,71.61,71.98,70.2,70.26,71.5,-1.24,-1.7343,87357.1,618883.409
20191009,70.01,70.03,68.38,69.1,70.26,-1.16,-1.651,132218.57,911571.269
20191010,70.07,71.64,69.76,70.9,69.1,1.8,2.6049,122851.54,869992.051
20191011,71.17,72.14,70.33,71.46,70.9,0.56,0.7898,94925.62,677544.365
20191014,71.9,72.0,70.5,70.85,71.46,-0.61,-0.8536,122035.88,867406.114
20191015,70.85,72.1,70.66,70.97,70.85,0.12,0.1694,89350.77,636739.159
20191016,71.01,71.33,69.5,69.69,70.97,-1.28,-1.8036,81236.9,568498.326
20191017,69.7,69.97,68.89,69.3,69.69,-0.39,-0.5596,72455.04,501288.116
20191018,69.6,70.32,69.36,70.09,69.3,0.79,1.14,76282.38,533023.008
20191021,70.28,70.28,69.0,69.64,70.09,-0.45,-0.642,50431.68,350055.632
20191022,70.0,70.92,70.0,70.72,69.64,1.08,1.5508,69273.58,489333.687
20191023,70.7,71.15,70.05,70.76,70.72,0.04,0.0566,63176.48,447168.647
20191024,70.93,71.95,70.88,71.63,70.76,0.87,1.2295,90432.48,646704.355
20191025,71.7,71.75,70.56,71.02,71.63,-0.61,-0.8516,53897.14,382402.723
20191028,70.05,70.82,69.68,70.81,71.02,-0.21,-0.2957,99662.86,700210.842
20191029,70.89,70.89,69.13,69.28,70.81,-1.53,-2.1607,98656.52,687635.379
20191030,69.0,69.72,68.38,69.52,69.28,0.24,0.3464,75613.67,520676.672
20191031,69.38,69.83,68.68,68.71,69.52,-0.81,-1.1651,56268.06,387993.148
20191101,68.52,69.4,68.42,69.33,68.71,0.62,0.9023,56134.92,387301.784
20191104,69.6,69.99,69.1,69.93,69.33,0.6,0.8654,82866.01,577524.887
20191105,70.31,74.35,69.93,73.48,69.93,3.55,5.0765,237825.33,1725001.848
20191106,76.27,78.88,75.35,75.9,73.48,2.42,3.2934,441481.5,3404725.404
20191107,75.3,76.91,74.13,75.3,75.9,-0.6,-0.7905,216633.34,1632551.884
20191108,75.9,77.2,75.0,75.62,75.3,0.32,0.425,190358.38,1451717.069
20191111,74.78,75.4,73.7,73.7,75.62,-1.92,-2.539,99913.43,743193.688
20191112,74.0,75.3,73.55,74.45,73.7,0.75,1.0176,90842.73,676179.118
20191113,74.8,74.89,73.79,73.94,74.45,-0.51,-0.685,67352.41,500321.731
20191114,74.4,74.85,73.81,74.1,73.94,0.16,0.2164,67258.75,500146.771
20191115,74.29,74.29,71.6,72.6,74.1,-1.5,-2.0243,107220.51,777993.873
20191118,72.88,73.19,72.15,72.87,72.6,0.27,0.3719,44955.07,327040.087
20191119,73.28,76.97,72.88,76.94,72.87,4.07,5.5853,186313.5,1408822.314
20191120,76.83,78.1,76.2,76.3,76.94,-0.64,-0.8318,112468.09,866890.314
20191121,76.7,78.1,76.3,77.15,76.3,0.85,1.114,124424.67,962849.296
20191122,82.0,84.6,79.46,80.5,77.15,3.35,4.3422,423471.74,3469882.994
20191125,81.35,83.65,81.0,83.58,80.5,3.08,3.8261,280837.68,2324168.795
20191126,82.99,89.6,81.9,88.0,83.58,4.42,5.2883,391483.58,3366468.758
20191127,87.45,88.86,85.97,87.25,88.0,-0.75,-0.8523,194442.74,1701295.924
20191128,86.7,89.6,86.15,87.41,87.25,0.16,0.1834,145224.64,1272961.361
20191129,87.12,88.9,85.38,87.41,87.41,0.0,0.0,129221.96,1128335.006
20191202,88.2,88.32,85.8,87.1,87.41,-0.31,-0.3547,119017.18,1037432.152
20191203,87.0,87.25,84.59,86.4,87.1,-0.7,-0.8037,156894.4,1344177.278
20191204,86.36,88.76,85.18,86.7,86.4,0.3,0.3472,168785.94,1471734.012
20191205,87.02,93.46,86.96,92.0,86.7,5.3,6.113,263629.86,2386541.251
20191206,91.7,93.39,91.1,93.0,92.0,1.0,1.087,134377.36,1241180.809
20191209,93.5,93.5,90.9,92.89,93.0,-0.11,-0.1183,147499.03,1356068.173
20191210,92.0,94.44,91.3,93.35,92.89,0.46,0.4952,126949.1,1180456.0
20191211,93.35,94.19,90.5,91.49,93.35,-1.86,-1.9925,133255.22,1228395.775
20191212,91.46,92.9,89.22,89.7,91.49,-1.79,-1.9565,148786.93,1348243.702
20191213,91.53,93.4,90.32,93.0,89.7,3.3,3.6789,182898.16,1685672.88
20191216,92.54,92.87,91.28,92.3,93.0,-0.7,-0.7527,182178.8,1677225.43
20191217,94.8,97.19,94.44,95.39,92.3,3.09,3.3478,277393.58,2651624.403
20191218,94.46,94.5,92.17,93.19,95.39,-2.2,-2.3063,186405.37,1738803.703
20191219,93.5,93.58,91.52,93.25,93.19,0.06,0.0644,108433.49,1003631.198
20191220,93.24,94.88,92.71,92.78,93.25,-0.47,-0.504,103579.47,968703.786
20191223,92.0,95.39,91.56,92.9,92.78,0.12,0.1293,141429.0,1327211.448
20191224,93.2,100.09,93.2,99.5,92.9,6.6,7.1044,297043.9,2899590.776
20191225,99.35,105.48,98.15,105.3,99.5,5.8,5.8291,233077.15,2363520.362
20191226,105.0,106.98,102.68,105.12,105.3,-0.18,-0.1709,148416.77,1549926.129
20191227,105.12,110.0,103.15,104.2,105.12,-0.92,-0.8752,240549.59,2568286.547
20191230,106.57,110.5,105.0,110.0,104.2,5.8,5.5662,235779.64,2546998.962
20191231,109.86,110.35,105.54,106.4,110.0,-3.6,-3.2727,215007.0,2311684.353
20200102,107.21,108.85,105.7,107.52,106.4,1.12,1.0526,206115.89,2213454.65
20200103,107.52,110.19,105.97,109.55,107.52,2.03,1.888,180841.78,1956828.808
20200106,111.3,114.5,107.8,109.09,109.55,-0.46,-0.4199,265002.0,2958351.779
20200107,109.01,109.64,107.41,108.5,109.09,-0.59,-0.5408,135075.44,1461154.189
20200108,109.01,111.5,107.1,109.6,108.5,1.1,1.0138,192240.68,2098374.347
20200109,112.0,115.5,110.01,115.0,109.6,5.4,4.927,201643.51,2287090.666
20200110,114.2,114.2,111.68,113.31,115.0,-1.69,-1.4696,144280.07,1628569.248
20200113,116.0,118.48,114.2,116.9,113.31,3.59,3.1683,215974.45,2516539.925
20200114,119.51,120.75,115.18,115.7,116.9,-1.2,-1.0265,217684.73,2585867.747
20200115,115.7,117.58,112.21,115.3,115.7,-0.4,-0.3457,177587.2,2031327.383
20200116,116.0,116.5,113.85,116.4,115.3,1.1,0.954,129341.58,1492301.746
20200117,116.36,117.56,114.0,115.08,116.4,-1.32,-1.134,146624.07,1694771.901
20200120,114.99,125.08,112.9,123.2,115.08,8.12,7.056,248922.0,2992287.056
20200121,122.51,123.0,120.46,121.65,123.2,-1.55,-1.2581,142671.08,1734790.906
20200122,121.65,133.82,119.38,133.82,121.65,12.17,10.0041,349915.61,4493837.402
20200123,132.5,137.0,125.1,130.57,133.82,-3.25,-2.4286,359862.24,4755930.193
20200203,126.56,143.48,126.5,135.36,130.57,4.79,3.6685,526346.02,7148822.247
20200204,145.77,148.9,140.01,148.9,135.36,13.54,10.003,359135.83,5283954.889
20200205,158.17,163.79,156.3,163.79,148.9,14.89,10.0,530823.82,8588999.756
20200206,155.01,169.89,152.99,169.89,163.79,6.1,3.7243,579189.93,9265610.935
20200207,166.0,169.33,158.95,160.2,169.89,-9.69,-5.7037,454994.8,7426674.364
20200210,161.0,168.58,160.0,165.26,160.2,5.06,3.1586,375409.21,6161572.536
20200211,167.2,168.0,157.6,158.4,165.26,-6.86,-4.151,339945.59,5451183.356
20200212,153.55,161.84,152.03,159.65,158.4,1.25,0.7891,325862.06,5174595.055
20200213,155.99,159.38,153.69,156.34,159.65,-3.31,-2.0733,313609.6,4914616.428
20200214,158.9,159.9,148.86,149.9,156.34,-6.44,-4.1192,439618.53,6739413.554
20200217,149.0,156.16,148.88,154.1,149.9,4.2,2.8019,344471.33,5309578.996
20200218,154.1,159.0,152.85,156.62,154.1,2.52,1.6353,282305.13,4400767.113
20200219,165.0,165.1,152.89,153.2,156.62,-3.42,-2.1836,418167.83,6598898.913
20200220,156.5,165.0,153.0,160.0,153.2,6.8,4.4386,518440.2,8254242.623
20200221,157.8,162.5,155.22,159.9,160.0,-0.1,-0.0625,338051.37,5376640.66
20200224,157.0,159.85,152.48,154.41,159.9,-5.49,-3.4334,365230.81,5670550.935
20200225,149.74,165.5,148.84,161.85,154.41,7.44,4.8183,516026.3,8116792.624
20200226,158.7,160.85,150.7,152.86,161.85,-8.99,-5.5545,338279.86,5273485.008
20200227,155.1,156.66,148.8,149.48,152.86,-3.38,-2.2112,332002.45,5062343.3
20200228,139.99,145.0,135.51,135.67,149.48,-13.81,-9.2387,508447.19,7090643.685
20200302,138.8,141.95,134.95,139.99,135.67,4.32,3.1842,318150.02,4426474.527
20200303,146.0,149.69,143.9,145.78,139.99,5.79,4.136,296910.61,4366384.638
20200304,143.99,145.88,139.78,143.7,145.78,-2.08,-1.4268,205946.14,2945905.656
20200305,146.54,147.83,142.0,145.22,143.7,1.52,1.0578,224633.28,3254884.224
20200306,142.01,147.3,141.5,143.52,145.22,-1.7,-1.1706,159808.69,2309879.439
20200309,138.99,140.9,133.0,133.45,143.52,-10.07,-7.0164,294252.85,4022533.011
20200310,133.61,141.69,133.01,140.53,133.45,7.08,5.3054,292744.7,4026499.803
20200311,143.0,148.58,138.8,140.78,140.53,0.25,0.1779,339232.07,4857506.589
20200312,136.2,136.77,131.32,134.2,140.78,-6.58,-4.674,333857.59,4454589.854
20200313,126.1,133.8,126.01,132.1,134.2,-2.1,-1.5648,274552.84,3557983.786
20200316,128.0,128.88,118.89,119.06,132.1,-13.04,-9.8713,490484.85,5992811.655
20200317,121.0,122.93,111.25,117.95,119.06,-1.11,-0.9323,392203.28,4571660.103
20200318,118.9,123.5,116.0,117.35,117.95,-0.6,-0.5087,313383.76,3757216.35
20200319,119.0,119.5,111.69,115.04,117.35,-2.31,-1.9685,331563.07,3803916.536
20200320,118.0,119.7,113.22,115.86,115.04,0.82,0.7128,225142.2,2615607.081
20200323,110.8,111.57,105.01,107.48,115.86,-8.38,-7.2329,307618.09,3324031.004
20200324,110.6,112.88,107.0,111.57,107.48,4.09,3.8054,291169.96,3222263.478
20200325,116.2,122.18,116.0,121.0,111.57,9.43,8.4521,385928.46,4603104.636
20200326,119.01,122.35,118.3,119.63,121.0,-1.37,-1.1322,194370.9,2344662.56
20200327,122.21,123.33,117.36,118.71,119.63,-0.92,-0.769,174990.77,2101160.34
20200330,116.0,120.64,110.7,119.31,118.71,0.6,0.5054,261655.39,3010412.506
20200331,120.27,123.13,117.86,120.39,119.31,1.08,0.9052,194851.92,2350421.157
20200401,123.1,125.56,119.08,120.4,120.39,0.01,0.0083,298950.88,3664714.147
20200402,117.5,123.6,116.71,123.6,120.4,3.2,2.6578,209588.36,2523168.23
20200403,124.65,125.0,119.8,121.0,123.6,-2.6,-2.1036,182204.15,2225897.354
20200407,123.6,126.09,123.02,124.7,121.0,3.7,3.0579,183728.89,2284706.364
20200408,123.9,125.49,122.6,123.0,124.7,-1.7,-1.3633,119469.73,1479285.37
20200409,123.98,124.48,119.81,120.21,123.0,-2.79,-2.2683,160527.78,1944405.072
20200410,121.15,123.07,117.93,118.46,120.21,-1.75,-1.4558,145695.54,1748457.124
20200413,114.9,116.99,113.08,114.69,118.46,-3.77,-3.1825,124581.36,1432291.941
20200414,118.0,126.16,117.5,126.16,114.69,11.47,10.0009,388938.73,4803638.073
20200415,129.8,131.89,127.23,128.0,126.16,1.84,1.4585,325644.92,4226641.423
20200416,128.27,133.71,126.82,132.95,128.0,4.95,3.8672,216381.1,2835377.036
20200417,136.08,140.58,135.1,136.95,132.95,4.0,3.0086,292521.82,4024198.915
20200420,136.4,136.75,131.88,134.51,136.95,-2.44,-1.7817,187002.33,2507578.389
20200421,131.99,132.86,127.0,130.52,134.51,-3.99,-2.9663,193917.46,2519303.194
20200422,127.33,132.3,127.3,130.85,130.52,0.33,0.2528,146868.85,1904011.483
20200423,132.9,132.9,128.6,129.9,130.85,-0.95,-0.726,125378.57,1635621.701
20200424,130.0,136.0,130.0,131.69,129.9,1.79,1.378,169916.48,2263542.699
20200427,133.02,136.0,132.08,133.91,131.69,2.22,1.6858,143654.53,1933994.988
20200428,137.0,140.1,131.62,138.3,133.91,4.39,3.2783,226916.56,3115997.363
20200429,136.13,140.19,136.01,138.72,138.3,0.42,0.3037,119544.08,1659513.004
20200430,144.0,148.51,144.0,144.38,138.72,5.66,4.0802,233385.21,3409837.973
20200506,139.0,146.8,138.75,145.79,144.38,1.41,0.9766,191463.91,2769607.852
20200507,146.3,147.2,141.0,143.2,145.79,-2.59,-1.7765,160786.8,2302059.541
20200508,143.0,145.22,140.89,144.08,143.2,0.88,0.6145,141338.8,2024998.124
20200511,144.2,145.98,135.06,137.62,144.08,-6.46,-4.4836,285364.31,3959234.289
20200512,139.06,139.88,135.73,139.0,137.62,1.38,1.0028,160276.6,2208624.438
20200513,137.33,139.65,136.88,138.26,139.0,-0.74,-0.5324,121542.42,1678255.895
20200514,137.85,138.25,135.5,135.6,138.26,-2.66,-1.9239,114334.88,1560698.259
20200515,139.94,147.69,138.96,145.48,135.6,9.88,7.2861,322121.18,4605864.489
20200518,145.0,145.0,139.69,141.81,145.48,-3.67,-2.5227,160889.36,2287442.333
20200519,143.2,145.8,142.52,143.26,141.81,1.45,1.0225,104251.83,1499320.586
20200520,150.0,155.4,149.01,149.3,143.26,6.04,4.2161,329692.79,5027432.242
20200521,151.81,153.55,146.58,147.46,149.3,-1.84,-1.2324,154876.07,2328717.775
20200522,146.62,146.86,141.0,142.81,147.46,-4.65,-3.1534,148172.95,2127136.883
20200525,142.68,144.41,140.55,144.3,142.81,1.49,1.0433,103782.05,1482241.104
20200526,145.77,150.41,145.2,150.03,144.3,5.73,3.9709,174865.31,2596292.602
20200527,149.96,155.0,149.9,151.5,150.03,1.47,0.9798,181049.17,2763780.108
20200528,149.99,150.9,143.5,147.84,151.5,-3.66,-2.4158,174247.09,2553996.974
20200529,147.0,147.83,144.5,145.53,147.84,-2.31,-1.5625,141427.91,2060033.605
20200601,147.47,153.03,146.36,150.95,145.53,5.42,3.7243,151765.62,2284037.537
20200602,154.0,154.89,146.98,149.46,150.95,-1.49,-0.9871,137030.28,2055312.032
20200603,150.0,151.12,147.81,148.5,149.46,-0.96,-0.6423,113635.32,1693882.301
20200604,149.8,154.13,148.6,150.0,148.28,1.72,1.16,137573.96,2082248.431
20200605,149.55,151.35,147.26,151.2,150.0,1.2,0.8,98627.0,1475831.34
20200608,153.74,154.55,150.46,151.4,151.2,0.2,0.1323,105603.79,1605995.418
20200609,154.5,155.97,153.1,153.96,151.4,2.56,1.6909,150699.25,2325730.459
20200610,159.9,159.9,153.5,156.68,153.96,2.72,1.7667,198210.16,3097487.314
20200611,160.0,170.08,158.13,163.98,156.68,7.3,4.6592,368177.09,6056179.35
20200612,160.18,162.5,158.88,159.3,163.98,-4.68,-2.854,252445.51,4038133.987
20200615,156.23,161.26,155.51,157.7,159.3,-1.6,-1.0044,159452.46,2526289.032
20200616,161.0,163.28,158.01,160.0,157.7,2.3,1.4585,131297.41,2107390.563
20200617,159.04,160.5,156.01,157.8,160.0,-2.2,-1.375,125291.34,1973464.261
20200618,157.8,159.57,156.0,158.95,157.8,1.15,0.7288,96562.14,1526258.395
20200619,159.98,168.8,159.15,165.9,158.95,6.95,4.3724,250193.27,4137793.351
20200622,165.75,171.3,164.5,165.0,165.9,-0.9,-0.5425,190412.26,3191062.036
20200623,166.0,169.13,163.52,168.89,165.0,3.89,2.3576,159475.06,2662217.15
20200624,170.52,173.58,169.3,171.5,168.89,2.61,1.5454,146604.07,2515400.581
20200629,170.5,172.5,169.01,171.04,171.5,-0.46,-0.2682,116040.49,1980641.413
20200630,173.0,179.47,173.0,174.36,171.04,3.32,1.9411,162514.33,2849476.587
20200701,178.5,181.9,167.88,169.4,174.36,-4.96,-2.8447,286574.78,4991087.872
20200702,172.0,172.18,164.51,167.2,169.4,-2.2,-1.2987,270479.63,4535545.521
20200703,170.0,170.74,167.03,167.6,167.2,0.4,0.2392,240264.47,4054240.06
20200706,168.2,180.0,167.59,177.8,167.6,10.2,6.0859,307152.68,5324573.165
20200707,188.0,195.58,187.5,195.58,177.8,17.78,10.0,253604.23,4915716.571
20200708,197.99,198.82,189.98,197.57,195.58,1.99,1.0175,288890.36,5645451.323
20200709,197.0,206.77,196.0,205.02,197.57,7.45,3.7708,279035.52,5622121.4
20200710,202.98,207.16,200.6,203.9,205.02,-1.12,-0.5463,168293.33,3436550.911
20200713,211.6,224.29,211.6,224.11,203.9,20.21,9.9117,303268.79,6609862.26
20200714,214.0,220.7,208.86,215.95,224.11,-8.16,-3.6411,333296.26,7129824.248
20200715,219.0,220.57,202.11,207.03,215.95,-8.92,-4.1306,274350.61,5785551.114
20200716,208.0,212.88,196.4,196.77,207.03,-10.26,-4.9558,272549.68,5596500.616
20200717,197.01,201.18,188.08,195.7,196.77,-1.07,-0.5438,303785.91,5903627.257
20200720,204.09,211.11,199.09,205.3,195.7,9.6,4.9055,289999.08,5919664.189
20200721,209.99,209.99,203.0,207.0,205.3,1.7,0.8281,186565.92,3855792.321
20200722,205.0,211.19,203.03,207.89,207.0,0.89,0.43,191657.79,3992449.598
20200723,207.0,215.51,206.0,213.5,207.89,5.61,2.6985,255899.54,5395410.864
20200724,209.0,209.9,195.85,198.68,213.5,-14.82,-6.9415,343983.14,6943402.672
20200727,198.0,200.98,189.99,191.3,198.68,-7.38,-3.7145,251555.81,4870628.815
20200728,196.05,200.5,195.51,197.52,191.3,6.22,3.2514,201489.9,3988264.848
20200729,197.52,205.0,195.27,204.18,197.52,6.66,3.3718,189985.83,3844683.433
20200730,205.0,206.98,202.4,205.35,204.18,1.17,0.573,143530.72,2944644.012
20200731,206.0,215.3,205.5,212.17,205.35,6.82,3.3212,207049.8,4378422.256
20200803,213.88,215.8,210.05,215.6,212.17,3.43,1.6166,151061.33,3216865.097
20200804,214.3,222.98,210.32,210.69,215.6,-4.91,-2.2774,199580.62,4309494.88
20200805,210.74,212.8,206.55,210.35,210.69,-0.34,-0.1614,127300.6,2664523.682
20200806,216.88,217.88,208.0,211.5,210.35,1.15,0.5467,145656.88,3082282.259
20200807,209.0,214.3,202.11,204.29,211.5,-7.21,-3.409,180552.46,3733669.851
20200810,204.2,205.3,198.08,200.68,204.29,-3.61,-1.7671,130787.44,2629646.475
20200811,200.75,204.6,198.13,198.42,200.68,-2.26,-1.1262,122332.13,2468198.212
20200812,199.9,200.26,188.2,195.73,198.42,-2.69,-1.3557,252727.41,4855191.798
20200813,200.8,201.98,194.47,195.99,195.73,0.26,0.1328,130612.1,2581164.116
20200814,197.7,200.45,195.99,200.37,195.99,4.38,2.2348,119700.02,2373752.13
20200817,200.0,200.37,194.2,196.62,200.37,-3.75,-1.8715,197074.1,3866925.434
20200818,199.6,205.0,195.88,199.28,196.62,2.66,1.3529,221223.98,4415130.04
20200819,197.8,197.8,190.0,190.19,199.28,-9.09,-4.5614,187146.8,3610137.183
20200820,187.0,191.0,185.0,188.42,190.19,-1.77,-0.9306,130201.38,2444311.254
20200821,191.36,193.94,190.0,192.23,188.42,3.81,2.0221,146552.72,2815939.72
20200824,194.2,208.0,192.24,202.01,192.23,9.78,5.0877,258069.84,5156579.057
20200825,202.01,206.0,198.96,199.92,202.01,-2.09,-1.0346,145490.72,2935647.68
20200826,199.01,199.98,192.94,194.4,199.92,-5.52,-2.7611,152402.58,2985718.224
20200827,202.5,208.5,199.0,204.95,194.4,10.55,5.427,283977.72,5799779.573
20200828,206.32,209.5,203.68,208.3,204.95,3.35,1.6345,169671.22,3510925.235
20200831,209.66,210.76,205.01,206.35,208.3,-1.95,-0.9361,135144.81,2797718.777
20200901,206.5,215.0,205.01,214.25,206.35,7.9,3.8284,197161.89,4175644.975
20200902,213.36,214.13,208.0,211.31,214.25,-2.94,-1.3722,146086.11,3084140.607
20200903,210.0,211.0,205.89,209.9,211.31,-1.41,-0.6673,124528.89,2600401.902
20200904,202.22,205.66,200.58,204.26,209.9,-5.64,-2.687,147736.63,2993649.066
20200907,202.9,204.85,180.0,186.4,204.26,-17.86,-8.7438,447896.99,8540774.209
20200908,185.0,188.0,179.51,186.9,186.4,0.5,0.2682,220732.72,4063178.479
20200909,179.0,187.5,177.99,184.32,186.9,-2.58,-1.3804,189343.68,3444737.254
20200910,185.0,189.5,184.5,184.96,184.32,0.64,0.3472,148264.21,2775741.169
20200911,186.0,189.3,183.35,187.3,184.96,2.34,1.2651,117650.01,2188559.588
20200914,190.5,194.98,190.0,192.78,187.3,5.48,2.9258,142896.37,2755344.741
20200915,195.5,197.0,192.82,194.7,192.78,1.92,0.996,117036.65,2283119.874
20200916,196.79,196.9,190.5,192.26,194.7,-2.44,-1.2532,118378.64,2289962.853
20200917,192.24,201.95,191.0,198.4,192.26,6.14,3.1936,181307.71,3567477.518
20200918,198.91,200.0,195.23,198.03,198.4,-0.37,-0.1865,105486.91,2089777.817
20200921,201.9,208.0,196.86,197.93,198.03,-0.1,-0.0505,160683.19,3253235.561
20200922,200.0,204.2,197.93,200.5,197.93,2.57,1.2984,123393.78,2486477.01
20200923,199.6,199.82,191.1,197.0,200.5,-3.5,-1.7456,157194.29,3068479.262
20200924,193.65,195.8,190.11,190.82,197.0,-6.18,-3.1371,106680.28,2053506.543
20200925,193.6,194.7,190.59,191.5,190.82,0.68,0.3564,68012.08,1308079.227
20200928,193.45,196.95,191.81,192.91,191.5,1.41,0.7363,82331.95,1600223.953
20200929,195.49,206.25,195.43,204.99,192.91,12.08,6.262,202435.51,4072131.575
20200930,205.3,211.01,203.8,209.2,204.99,4.21,2.0538,159908.37,3336273.48
20201009,219.99,228.88,219.77,224.87,209.2,15.67,7.4904,239592.41,5376329.911
20201012,228.0,235.0,227.3,234.78,224.87,9.91,4.407,189382.22,4398493.906
20201013,234.88,238.58,229.0,235.67,234.78,0.89,0.3791,107466.66,2516817.784
20201014,237.0,244.0,234.8,237.3,235.67,1.63,0.6916,137701.83,3291861.335
20201015,241.11,244.1,237.0,238.6,237.3,1.3,0.5478,99535.26,2390083.998
20201016,239.5,240.0,224.31,228.1,238.6,-10.5,-4.4007,203040.62,4680601.973
20201019,231.33,236.1,228.0,229.41,228.1,1.31,0.5743,130024.99,3013473.695
20201020,230.63,241.6,228.94,241.6,229.41,12.19,5.3136,135966.34,3215157.955
20201021,240.06,240.63,227.68,232.33,241.6,-9.27,-3.8369,161679.25,3765707.374
20201022,230.2,233.8,227.0,231.88,232.33,-0.45,-0.1937,90551.57,2083319.77
20201023,232.51,238.76,224.45,225.0,231.88,-6.88,-2.9671,115938.11,2675565.182
20201026,225.97,233.63,219.33,233.15,225.0,8.15,3.6222,108027.73,2483444.489
20201027,235.0,238.7,232.0,237.21,233.15,4.06,1.7414,91015.39,2142729.17
20201028,227.65,245.47,226.66,240.26,237.21,3.05,1.2858,224158.26,5333295.829
20201029,237.02,244.02,232.32,240.0,240.26,-0.26,-0.1082,174352.3,4141992.876
20201030,241.02,256.6,238.3,247.17,240.0,7.17,2.9875,229587.47,5697363.353
20201102,247.0,265.5,244.51,260.14,247.17,12.97,5.2474,189461.31,4851443.507
20201103,260.0,260.0,247.18,256.02,260.14,-4.12,-1.5838,184566.65,4678655.503
20201104,255.0,260.0,250.0,255.55,256.02,-0.47,-0.1836,110616.72,2823450.164
20201105,261.0,268.5,260.96,268.5,255.55,12.95,5.0675,157959.24,4183384.889
20201106,271.38,275.23,260.0,263.5,268.5,-5.0,-1.8622,156583.85,4181642.685
20201109,268.0,272.9,261.1,266.43,263.5,2.93,1.112,132285.7,3519918.484
20201110,265.32,271.88,255.55,265.92,266.43,-0.51,-0.1914,144175.44,3798315.741
20201111,264.11,267.48,250.84,250.84,265.92,-15.08,-5.6709,157583.98,4067832.842
20201112,260.0,260.0,252.58,254.25,250.84,3.41,1.3594,97168.64,2484194.228
20201113,258.12,260.77,253.0,253.21,254.25,-1.04,-0.409,113776.78,2916695.926
20201116,253.89,257.7,247.43,254.9,253.21,1.69,0.6674,123120.65,3117461.904
20201117,257.3,260.0,246.5,250.68,254.9,-4.22,-1.6556,136748.53,3446644.846
20201118,250.12,252.06,236.82,240.5,250.68,-10.18,-4.061,192833.21,4666571.941
20201119,241.01,243.55,237.11,242.1,240.5,1.6,0.6653,97580.1,2347767.353
20201120,244.49,253.6,244.48,252.08,242.1,9.98,4.1223,123034.62,3074188.105
20201123,252.08,259.7,250.1,253.0,252.08,0.92,0.365,120912.93,3074248.59
20201124,258.0,259.1,250.01,254.7,253.0,1.7,0.6719,97919.66,2493964.413
20201125,256.6,256.88,244.4,246.22,254.7,-8.48,-3.3294,117098.94,2919290.534
20201126,246.6,246.6,239.2,245.34,246.22,-0.88,-0.3574,86294.85,2093179.753
20201127,245.42,248.77,238.0,242.0,245.34,-3.34,-1.3614,84332.21,2042276.835
20201130,244.0,244.0,234.02,242.8,242.0,0.8,0.3306,126662.36,3027343.94
20201201,238.8,246.65,238.0,246.17,242.8,3.37,1.388,94919.71,2313881.357
20201202,246.0,246.0,236.6,243.69,246.17,-2.48,-1.0074,119653.1,2878299.332
20201203,243.69,246.97,238.37,245.99,243.69,2.3,0.9438,106885.61,2599398.532
20201204,245.06,251.3,244.35,249.72,245.99,3.73,1.5163,92337.84,2301628.558
20201207,250.9,264.83,250.9,261.46,249.72,11.74,4.7013,171129.54,4455396.83
20201208,265.5,269.89,264.5,266.03,261.46,4.57,1.7479,116361.58,3104188.969
20201209,268.73,272.6,262.08,266.0,266.03,-0.03,-0.0113,153636.49,4118082.968
20201210,263.15,267.5,259.0,264.82,266.0,-1.18,-0.4436,99856.64,2632528.799
20201211,263.31,267.52,261.7,266.56,264.82,1.74,0.6571,128936.73,3422455.576
20201214,266.57,268.73,262.1,266.0,266.56,-0.56,-0.2101,107241.16,2853628.548
20201215,268.0,279.37,264.45,278.5,266.0,12.5,4.6992,177812.61,4843902.027
20201216,280.2,286.3,277.0,286.06,278.5,7.56,2.7145,142888.03,4031211.462
20201217,284.2,287.8,282.01,284.81,286.06,-1.25,-0.437,88123.26,2508931.372
20201218,285.5,292.95,283.22,289.99,284.81,5.18,1.8188,95126.18,2747669.766
20201221,296.75,325.0,293.3,325.0,289.99,35.01,12.0728,198103.97,6099782.514
20201222,319.99,330.33,311.7,313.64,325.0,-11.36,-3.4954,168744.0,5377597.576
20201223,313.67,329.3,307.18,318.0,313.64,4.36,1.3901,173903.2,5538718.908
20201224,317.0,318.66,308.5,311.0,318.0,-7.0,-2.2013,94785.96,2959419.425
20201225,309.0,315.2,306.01,312.79,311.0,1.79,0.5756,95399.34,2967552.613
20201228,315.2,320.0,311.0,316.78,312.79,3.99,1.2756,119730.62,3782275.235
20201229,316.79,318.8,303.38,308.0,316.78,-8.78,-2.7716,121747.91,3759197.905
20201230,320.0,347.94,320.0,340.0,308.0,32.0,10.3896,228816.82,7648664.797
20201231,344.98,353.9,341.71,351.11,340.0,11.11,3.2676,152005.21,5283669.711
20210104,358.1,411.11,358.1,404.1,351.11,52.99,15.0921,224808.07,8687099.006
20210105,395.0,403.8,386.01,402.0,404.1,-2.1,-0.5197,227452.01,9014539.649
20210106,408.0,416.0,391.01,406.77,402.0,4.77,1.1866,186681.14,7476239.865
20210107,400.99,415.0,396.88,413.23,406.77,6.46,1.5881,173894.87,7064219.721
20210108,419.0,424.99,397.4,404.5,413.23,-8.73,-2.1126,210066.85,8534719.468
20210111,409.88,409.88,386.0,390.0,404.5,-14.5,-3.5847,230050.38,9098694.885
20210112,385.5,404.4,380.0,401.17,390.0,11.17,2.8641,165596.71,6519876.504
20210113,400.0,410.5,372.98,385.0,401.17,-16.17,-4.0307,272619.67,10634079.156
20210114,375.2,384.0,368.02,369.01,385.0,-15.99,-4.1532,196065.69,7315308.913
20210115,367.99,383.98,365.0,380.55,369.01,11.54,3.1273,198229.28,7439894.398
20210118,376.74,391.8,375.77,383.9,380.55,3.35,0.8803,142011.78,5471186.934
20210119,384.0,386.0,364.55,366.11,383.9,-17.79,-4.634,162866.61,6085692.761
20210120,373.8,393.38,370.91,391.4,366.11,25.29,6.9078,213416.13,8254525.726
20210121,387.0,399.0,380.0,391.3,391.4,-0.1,-0.0255,174791.66,6831720.356
20210122,391.5,410.28,391.5,408.0,391.3,16.7,4.2678,190441.56,7637563.994
20210125,406.3,418.34,392.34,396.95,408.0,-11.05,-2.7083,217414.25,8762929.073
20210126,396.81,396.81,383.76,385.5,396.95,-11.45,-2.8845,151043.74,5853513.769
20210127,392.0,393.2,372.0,390.52,385.5,5.02,1.3022,148385.11,5705898.439
20210128,380.0,383.01,368.0,369.9,390.52,-20.62,-5.2801,181820.27,6792412.556
20210129,376.01,377.0,342.56,354.11,369.9,-15.79,-4.2687,276013.26,9896345.998
20210201,353.0,356.9,346.2,350.33,354.11,-3.78,-1.0675,175250.81,6170654.212
20210202,352.01,369.99,337.37,367.8,350.33,17.47,4.9867,250864.75,8919403.723
20210203,379.0,387.56,375.05,380.98,367.8,13.18,3.5835,211072.94,8082621.707
20210204,384.91,393.8,379.5,388.5,380.98,7.52,1.9739,216301.74,8354708.667
20210205,395.0,396.99,372.85,373.45,388.5,-15.05,-3.8739,184116.95,7036248.026
20210208,375.0,404.8,373.01,404.0,373.45,30.55,8.1805,244026.58,9586610.901
20210209,411.2,415.0,400.8,410.2,404.0,6.2,1.5347,162037.46,6632109.518
20210210,413.99,416.6,406.0,412.66,410.2,2.46,0.5997,162829.57,6704613.974
20210218,422.0,422.0,386.88,397.0,412.66,-15.66,-3.7949,238249.29,9491493.857
20210219,390.0,396.0,374.2,387.5,397.0,-9.5,-2.3929,186903.54,7159858.378
20210222,387.5,395.8,374.9,375.0,387.5,-12.5,-3.2258,167203.51,6411239.336
20210223,370.0,376.54,360.88,376.54,375.0,1.54,0.4107,136047.46,5027757.786
20210224,375.0,378.0,339.4,347.0,376.54,-29.54,-7.8451,302720.84,10682015.85
20210225,353.85,353.85,335.0,337.1,347.0,-9.9,-2.853,245757.02,8445690.07
20210226,323.0,333.0,317.79,322.23,337.1,-14.87,-4.4112,229506.35,7449904.802
20210301,331.51,345.62,328.28,344.6,322.23,22.37,6.9422,205394.02,6964880.536
20210302,353.0,353.2,341.06,349.6,344.6,5.0,1.451,152811.31,5308970.364
20210303,346.05,349.63,340.36,349.63,349.6,0.03,0.0086,104644.33,3617077.585
20210304,345.0,345.0,322.91,325.57,349.63,-24.06,-6.8816,181034.03,5984259.54
20210305,313.01,326.88,308.33,320.0,325.57,-5.57,-1.7108,173073.41,5511104.28
20210308,323.0,334.72,300.88,305.0,320.0,-15.0,-4.6875,212955.14,6751702.325
20210309,300.0,310.5,289.0,300.0,305.0,-5.0,-1.6393,273577.19,8235734.794
20210310,316.0,322.28,313.0,314.5,300.0,14.5,4.8333,237637.68,7542999.117
20210311,316.0,333.48,311.3,331.28,314.5,16.78,5.3355,209642.81,6829108.561
20210312,336.91,345.0,331.3,341.46,331.28,10.18,3.0729,189520.41,6424536.234
20210315,340.0,340.0,307.0,312.3,341.46,-29.16,-8.5398,230403.52,7361113.706
20210316,317.0,324.99,313.5,323.0,312.3,10.7,3.4262,137123.97,4384184.142
20210317,317.88,336.2,313.1,333.0,323.0,10.0,3.096,146725.78,4829807.794
20210318,334.0,343.11,333.51,335.8,333.0,2.8,0.8408,113669.56,3840901.084
20210319,325.0,332.99,311.0,316.5,335.8,-19.3,-5.7475,189715.9,6051504.889
20210322,319.0,321.0,298.89,307.8,316.5,-8.7,-2.7488,231718.83,7137600.231
20210323,305.0,310.64,300.12,303.91,307.8,-3.89,-1.2638,151169.23,4603584.945
20210324,305.0,305.1,285.0,288.79,303.91,-15.12,-4.9752,252081.86,7334176.816
20210325,280.51,293.35,280.05,291.55,288.79,2.76,0.9557,184398.89,5281518.749
20210326,295.0,314.05,293.0,313.62,291.55,22.07,7.5699,237102.85,7292443.31
20210329,313.5,319.77,305.01,311.6,313.62,-2.02,-0.6441,155632.43,4871068.353
20210330,311.61,320.98,308.0,318.98,311.6,7.38,2.3684,126403.86,4003150.838
20210331,318.89,326.16,313.0,322.17,318.98,3.19,1.0001,160545.53,5133802.498
20210401,323.8,335.49,323.3,329.99,322.17,7.82,2.4273,113338.13,3741712.771
20210402,332.95,336.18,326.88,332.4,329.99,2.41,0.7303,92628.91,3074575.828
20210406,335.0,338.0,319.09,325.8,332.4,-6.6,-1.9856,104638.17,3421873.64
20210407,332.91,332.91,312.15,320.0,325.8,-5.8,-1.7802,133931.47,4245479.57
20210408,314.0,321.66,311.0,319.85,320.0,-0.15,-0.0469,78709.73,2507089.321
20210409,324.01,324.01,310.0,312.0,319.85,-7.85,-2.4543,93236.86,2918718.12
20210412,318.26,325.04,313.1,315.01,312.0,3.01,0.9647,140595.46,4483570.206
20210413,313.3,333.0,313.1,324.76,315.01,9.75,3.0951,140210.91,4558191.605
20210414,331.26,347.49,328.68,346.0,324.76,21.24,6.5402,185043.45,6295708.676
20210415,339.96,341.5,333.17,337.0,346.0,-9.0,-2.6012,124741.37,4202803.202
20210416,340.0,340.4,324.6,333.84,337.0,-3.16,-0.9377,115362.69,3834287.11
20210419,335.0,364.5,331.35,364.0,333.84,30.16,9.0343,205476.82,7250923.622
20210420,357.98,368.79,353.5,359.0,364.0,-5.0,-1.3736,142834.34,5154523.734
20210421,351.16,357.9,347.8,355.69,359.0,-3.31,-0.922,123996.43,4373022.068
20210422,366.0,366.6,353.63,362.36,355.69,6.67,1.8752,107913.46,3907120.259
20210423,362.36,373.0,360.01,371.5,362.36,9.14,2.5224,115365.38,4255126.795
20210426,373.6,380.0,347.2,349.0,371.5,-22.5,-6.0565,256236.65,9238754.935
20210427,350.0,350.8,340.26,348.6,349.0,-0.4,-0.1146,151809.79,5243699.574
20210428,353.01,375.0,352.0,367.03,348.6,18.43,5.2869,236326.14,8597828.977
20210429,370.81,381.9,367.87,379.99,367.03,12.96,3.531,180863.2,6806129.765
20210430,373.0,392.0,367.92,388.17,379.99,8.18,2.1527,258651.06,9896566.189
20210506,390.0,390.0,368.5,384.0,388.17,-4.17,-1.0743,189680.26,7198512.557
20210507,384.0,387.55,366.13,367.28,384.0,-16.72,-4.3542,151385.29,5685506.805
20210510,364.8,373.99,360.0,368.21,367.28,0.93,0.2532,124552.8,4573789.55
20210511,362.0,369.9,353.0,366.6,368.21,-1.61,-0.4373,114120.84,4142445.89
20210512,367.0,369.07,355.59,361.5,366.6,-5.1,-1.3912,133601.6,4812795.101
20210513,354.3,358.78,349.7,351.1,361.5,-10.4,-2.8769,113476.05,4017576.452
20210514,353.52,360.5,343.17,359.0,351.1,7.9,2.2501,176576.6,6228877.398
20210517,360.0,375.88,359.99,373.18,359.0,14.18,3.9499,193309.18,7172265.166
20210518,372.0,379.2,366.46,369.1,373.18,-4.08,-1.0933,89620.1,3323751.525
20210519,366.5,380.0,363.0,375.05,369.1,5.95,1.612,117464.35,4407782.455
20210520,377.8,383.89,370.1,377.74,375.05,2.69,0.7172,128439.69,4839062.724
20210521,382.77,387.28,368.97,375.57,377.74,-2.17,-0.5745,140565.97,5316782.152
20210524,380.0,388.55,376.18,387.96,375.57,12.39,3.299,169611.48,6535959.08
20210525,389.44,396.0,385.7,395.53,387.96,7.57,1.9512,149577.05,5881748.189
20210526,395.0,399.98,384.66,385.42,395.53,-10.11,-2.5561,126988.5,4932244.991
20210527,387.51,390.0,381.85,384.0,385.42,-1.42,-0.3684,79598.38,3073473.014
20210528,390.0,421.5,390.0,409.6,384.0,25.6,6.6667,277150.51,11346592.533
20210531,416.0,435.57,414.0,434.1,409.6,24.5,5.9814,200063.12,8540083.588
20210601,420.0,431.0,416.52,425.34,434.1,-8.76,-2.018,158753.57,6727933.26
20210602,429.1,433.69,419.27,424.5,425.34,-0.84,-0.1975,115712.16,4933369.539
20210603,426.0,428.28,410.0,414.78,424.5,-9.72,-2.2898,123759.91,5164432.66
20210604,419.0,439.5,415.16,432.21,414.78,17.43,4.2022,180101.5,7765736.027
20210607,423.85,423.99,400.0,407.5,432.21,-24.71,-5.7171,215294.47,8812647.425
20210608,404.0,424.85,404.0,409.59,407.5,2.09,0.5129,166316.9,6887633.928
20210609,409.0,416.0,403.0,409.37,409.59,-0.22,-0.0537,93582.39,3829137.54
20210610,410.09,444.66,410.09,434.63,409.37,25.26,6.1705,193502.31,8400201.736
20210611,443.0,457.84,430.06,451.98,434.63,17.35,3.9919,197960.63,8816469.19
20210615,453.0,455.9,435.5,445.0,451.98,-6.98,-1.5443,102521.53,4562143.371
20210616,440.91,443.8,417.01,420.18,445.0,-24.82,-5.5775,139693.65,5989483.516
20210617,424.25,437.74,424.25,434.51,420.18,14.33,3.4104,102723.98,4433456.914
20210618,437.19,455.2,437.19,450.0,434.51,15.49,3.5649,156000.42,7001105.223
20210621,451.8,455.9,440.22,452.8,450.0,2.8,0.6222,120823.14,5452180.813
20210622,450.18,453.99,440.22,450.23,452.8,-2.57,-0.5676,88470.05,3966367.403
20210623,454.08,472.01,451.5,468.45,450.23,18.22,4.0468,124456.99,5774145.63
20210624,473.13,474.88,462.01,467.3,468.45,-1.15,-0.2455,92132.46,4302188.924
20210625,473.0,477.0,459.0,476.23,467.3,8.93,1.911,99555.34,4686222.357
20210628,476.22,502.98,468.31,493.9,476.23,17.67,3.7104,146439.27,7224070.341
20210629,513.65,519.6,504.22,508.51,493.9,14.61,2.9581,153401.8,7834685.995
20210630,509.01,542.0,498.0,534.8,508.51,26.29,5.17,144556.82,7574604.647
20210701,536.8,540.0,518.01,529.5,534.8,-5.3,-0.991,113247.0,5996925.819
20210702,524.13,535.16,509.66,519.59,529.5,-9.91,-1.8716,138717.18,7242849.769
20210705,515.0,528.68,508.07,519.27,519.35,-0.08,-0.0154,143514.99,7406241.681
20210706,520.0,540.97,501.91,515.23,519.27,-4.04,-0.778,180555.4,9395935.106
20210707,520.0,542.5,507.13,542.5,515.23,27.27,5.2928,181456.91,9654261.557
20210708,550.99,571.5,542.64,559.16,542.5,16.66,3.071,158790.12,8888330.054
20210709,558.99,558.99,534.55,545.88,559.16,-13.28,-2.375,156607.3,8521226.651
20210712,556.11,577.0,556.11,565.79,545.88,19.91,3.6473,154763.12,8772503.853
20210713,560.0,579.6,552.0,563.01,565.79,-2.78,-0.4913,136370.65,7678988.306
20210714,555.0,561.88,541.0,551.37,563.01,-11.64,-2.0675,125878.71,6965504.6
20210715,545.0,568.88,541.05,568.0,551.37,16.63,3.0161,137333.47,7628510.59
20210716,567.0,567.0,528.13,531.0,568.0,-37.0,-6.5141,178494.93,9719489.197
20210719,540.0,541.68,516.0,523.5,531.0,-7.5,-1.4124,180129.45,9474773.727
20210720,515.0,539.27,515.0,528.04,523.5,4.54,0.8672,130005.47,6869197.468
20210721,530.02,556.08,526.01,555.78,528.04,27.74,5.2534,182049.11,9878628.606
20210722,556.6,563.69,545.69,557.08,555.78,1.3,0.2339,108835.99,6027459.316
20210723,555.0,563.99,546.0,547.01,557.08,-10.07,-1.8076,93328.73,5157401.634
20210726,544.0,552.93,522.5,539.78,547.01,-7.23,-1.3217,127289.8,6852321.74
20210727,543.02,559.19,495.0,495.0,539.78,-44.78,-8.296,178460.33,9419312.665
20210728,496.0,533.3,496.0,525.05,495.0,30.05,6.0707,217247.43,11221667.797
20210729,546.0,557.74,529.0,556.8,525.05,31.75,6.047,186202.49,10167714.631
20210730,565.0,582.2,540.0,550.4,556.8,-6.4,-1.1494,201810.13,11332846.398
20210802,557.0,574.99,532.88,552.0,550.4,1.6,0.2907,182972.79,10131832.068
20210803,555.0,556.0,523.0,531.0,552.0,-21.0,-3.8043,122383.08,6535093.739
20210804,534.0,570.99,525.0,569.0,531.0,38.0,7.1563,174004.31,9647161.978
20210805,566.0,566.0,546.53,557.0,569.0,-12.0,-2.109,129792.33,7197921.132
20210806,564.79,567.0,539.0,543.88,557.0,-13.12,-2.3555,143712.45,7918384.463
20210809,532.0,532.5,502.99,516.0,543.88,-27.88,-5.1261,185831.11,9534234.24
20210810,511.01,519.19,499.0,510.5,516.0,-5.5,-1.0659,180168.53,9152881.562
20210811,510.0,523.0,504.88,517.25,510.5,6.75,1.3222,112364.34,5790098.627
20210812,512.01,512.99,494.0,502.0,517.25,-15.25,-2.9483,171161.84,8599262.131
20210813,480.0,529.9,480.0,502.05,502.0,0.05,0.01,277257.63,14085448.989
20210816,494.0,503.89,469.88,477.0,502.05,-25.05,-4.9895,220439.8,10620462.84
20210817,485.0,494.8,477.24,480.0,477.0,3.0,0.6289,156106.38,7586087.133
20210818,486.54,502.9,477.41,495.0,480.0,15.0,3.125,159574.81,7861906.061
20210819,502.0,509.73,484.0,503.0,495.0,8.0,1.6162,144535.18,7215253.955
20210820,499.0,499.2,482.5,494.11,503.0,-8.89,-1.7674,125276.06,6160678.537
20210823,505.0,523.22,502.01,521.9,494.11,27.79,5.6243,162244.31,8359923.041
20210824,516.4,540.1,515.12,523.0,521.9,1.1,0.2108,133137.12,7011227.15
20210825,524.0,532.2,511.2,530.24,523.0,7.24,1.3843,95303.47,4963866.861
20210826,539.98,558.94,520.89,521.0,530.24,-9.24,-1.7426,167982.55,8951110.526
20210827,520.0,524.0,502.0,507.5,521.0,-13.5,-2.5912,119581.57,6098898.952
20210830,507.45,525.8,498.86,505.24,507.5,-2.26,-0.4453,157143.33,8036791.726
20210831,511.94,511.94,485.85,494.87,505.24,-10.37,-2.0525,147620.87,7288932.626
20210901,492.0,494.0,471.5,488.71,494.87,-6.16,-1.2448,144626.75,7006043.909
20210902,492.0,496.11,485.78,493.5,488.71,4.79,0.9801,114648.87,5637614.465
20210903,498.0,503.88,480.88,486.5,493.5,-7.0,-1.4184,112820.23,5523301.032
20210906,493.0,518.0,483.0,516.1,486.5,29.6,6.0843,147919.57,7471544.141
20210907,515.0,526.66,510.0,514.01,516.1,-2.09,-0.405,94222.32,4866454.172
20210908,519.0,523.58,500.0,503.0,514.01,-11.01,-2.142,97393.95,4960557.751
20210909,509.5,518.98,490.8,507.2,503.0,4.2,0.835,110162.09,5541869.353
20210910,493.44,503.78,490.68,502.1,507.2,-5.1,-1.0055,112969.36,5625272.662
20210913,502.1,512.1,496.0,502.8,502.1,0.7,0.1394,89689.66,4498932.655
20210914,507.12,541.0,502.92,529.9,502.8,27.1,5.3898,233836.57,12347086.768
20210915,530.0,531.99,511.81,525.35,529.9,-4.55,-0.8587,105014.54,5470153.2
20210916,523.0,523.0,498.0,498.0,525.35,-27.35,-5.2061,112604.08,5712849.969
20210917,497.0,509.0,492.13,503.0,498.0,5.0,1.004,81938.37,4095076.761
20210922,494.6,501.0,488.1,493.31,503.0,-9.69,-1.9264,64239.2,3170987.21
20210923,504.86,504.86,491.8,492.99,493.31,-0.32,-0.0649,79714.21,3955499.103
20210924,494.87,512.51,490.5,499.98,492.99,6.99,1.4179,102624.92,5155614.316
20210927,505.0,519.8,499.79,513.5,499.98,13.52,2.7041,144962.64,7441411.134
20210928,512.0,517.95,498.2,500.43,513.5,-13.07,-2.5453,92225.05,4682091.359
20210929,496.0,511.8,494.0,502.51,500.43,2.08,0.4156,93954.64,4739177.462
20210930,505.0,532.5,502.01,525.73,502.51,23.22,4.6208,167142.35,8696962.248
20211008,534.0,550.07,522.9,534.0,525.73,8.27,1.5731,125169.25,6710477.515
20211011,535.0,537.6,518.06,521.0,534.0,-13.0,-2.4345,78308.88,4112416.011
20211012,521.58,522.62,498.88,505.0,521.0,-16.0,-3.071,95906.83,4879529.812
20211013,505.0,522.5,504.0,522.26,505.0,17.26,3.4178,76522.44,3950317.431
20211014,525.0,534.88,525.0,532.3,522.26,10.04,1.9224,78415.54,4161069.009
20211015,532.0,578.87,528.1,569.0,532.3,36.7,6.8946,229512.99,12822713.734
20211018,581.0,595.24,570.0,595.02,569.0,26.02,4.5729,186702.16,10933506.377
20211019,604.0,614.98,585.0,590.6,595.02,-4.42,-0.7428,150889.55,8990013.549
20211020,595.0,613.38,587.0,589.5,590.6,-1.1,-0.1863,124665.83,7444464.95
20211021,590.0,599.0,580.0,596.0,589.5,6.5,1.1026,101422.97,6008461.971
20211022,605.98,605.98,590.33,601.4,596.0,5.4,0.906,110216.03,6612493.209
20211025,612.0,625.16,603.33,610.77,601.4,9.37,1.558,140520.9,8636989.621
20211026,635.76,638.48,595.93,597.99,610.77,-12.78,-2.0924,148276.92,9075608.784
20211027,597.99,615.04,593.17,615.04,597.99,17.05,2.8512,135485.74,8191755.889
20211028,625.0,635.0,602.93,607.2,615.04,-7.84,-1.2747,172828.68,10650216.882
20211029,615.29,645.49,598.94,639.22,607.2,32.02,5.2734,202687.02,12687999.698
20211101,641.0,679.0,631.13,650.0,639.22,10.78,1.6864,221796.59,14502525.103
20211102,655.0,665.76,648.0,658.0,650.0,8.0,1.2308,131407.89,8630072.694
20211103,651.0,656.02,628.0,640.0,658.0,-18.0,-2.7356,127606.3,8165156.864
20211104,648.0,655.0,636.05,646.85,640.0,6.85,1.0703,92010.09,5951843.6
20211105,639.0,649.78,633.99,634.09,646.85,-12.76,-1.9726,85550.85,5465118.685
20211108,637.0,664.98,631.0,660.8,634.09,26.71,4.2123,122695.65,8026800.882
20211109,667.74,668.0,653.13,663.28,660.8,2.48,0.3753,66745.83,4413176.64
20211110,651.13,656.47,635.0,648.0,663.28,-15.28,-2.3037,127398.26,8216658.651
20211111,651.0,665.13,650.1,655.85,648.0,7.85,1.2114,77014.13,5069135.677
20211112,657.0,661.86,633.92,641.0,655.85,-14.85,-2.2642,114201.5,7312301.472
20211115,640.99,640.99,607.96,620.0,641.0,-21.0,-3.2761,140075.99,8684428.486
20211116,620.0,625.12,607.0,614.97,620.0,-5.03,-0.8113,84335.13,5202056.654
20211117,623.0,630.43,617.56,625.88,614.97,10.91,1.7741,75616.43,4721304.801
20211118,625.88,636.66,613.59,626.0,625.88,0.12,0.0192,75272.74,4697499.805
20211119,631.0,639.0,620.05,639.0,626.0,13.0,2.0767,84567.9,5343617.369
20211122,644.99,681.0,642.11,681.0,639.0,42.0,6.5728,153089.91,10215261.575
20211123,680.31,680.31,666.0,672.0,681.0,-9.0,-1.3216,99311.74,6671378.514
20211124,670.17,675.8,650.34,658.8,672.0,-13.2,-1.9643,85503.54,5653890.107
20211125,653.0,658.5,645.29,654.0,658.8,-4.8,-0.7286,58220.28,3798078.532
20211126,651.0,668.8,651.0,658.0,654.0,4.0,0.6116,58502.22,3865245.64
20211129,654.0,684.5,653.0,679.8,658.0,21.8,3.3131,114652.61,7758115.212
20211130,684.76,685.66,673.33,680.0,679.8,0.2,0.0294,71881.31,4874671.005
20211201,680.0,684.99,664.11,672.0,680.0,-8.0,-1.1765,69845.71,4696868.393
20211202,671.98,689.2,669.0,688.0,672.0,16.0,2.381,91789.56,6268320.478
20211203,688.96,692.0,671.0,687.0,688.0,-1.0,-0.1453,80781.64,5501798.477
20211206,676.1,680.2,656.0,657.28,687.0,-29.72,-4.3261,112612.15,7509355.191
20211207,662.0,663.0,612.2,629.0,657.28,-28.28,-4.3026,221391.47,13913426.092
20211208,634.79,644.78,626.25,639.0,629.0,10.0,1.5898,118866.02,7580712.087
20211209,639.0,640.0,622.9,633.8,639.0,-5.2,-0.8138,134272.09,8443913.158
20211210,622.22,653.36,621.18,639.95,633.8,6.15,0.9703,213844.18,13738235.947
20211213,639.9,660.66,630.08,658.36,639.95,18.41,2.8768,160827.78,10409792.154
20211214,657.34,657.34,643.98,651.01,658.36,-7.35,-1.1164,87810.8,5704000.135
20211215,649.43,661.0,646.95,649.0,651.01,-2.01,-0.3088,70480.16,4606545.054
20211216,657.3,657.3,647.08,655.06,649.0,6.06,0.9337,61502.22,4018260.859
20211217,651.01,653.99,639.7,651.19,655.06,-3.87,-0.5908,136490.81,8863377.8
20211220,649.0,649.0,607.68,610.21,651.19,-40.98,-6.2931,155113.52,9648533.093
20211221,606.0,614.69,594.08,604.07,610.21,-6.14,-1.0062,125657.8,7553655.489
20211222,608.8,617.0,603.0,610.24,604.07,6.17,1.0214,83618.4,5103433.201
20211223,618.98,630.8,612.08,622.07,610.24,11.83,1.9386,79718.19,4954754.967
20211224,624.0,625.25,563.0,576.8,622.07,-45.27,-7.2773,246080.84,14321299.32
20211227,574.2,587.99,573.5,578.6,576.8,1.8,0.3121,101835.43,5915820.121
20211228,578.0,587.28,569.91,585.0,578.6,6.4,1.1061,96595.74,5589310.23
20211229,585.0,585.99,569.78,575.55,585.0,-9.45,-1.6154,99639.63,5731323.286
20211230,577.0,596.29,575.57,590.0,575.55,14.45,2.5106,124209.46,7323088.709
20211231,598.3,605.99,582.0,588.0,590.0,-2.0,-0.339,93711.17,5540408.92
20220104,606.0,607.0,561.0,568.88,588.0,-19.12,-3.2517,174568.45,9975828.427
20220105,566.4,566.88,540.0,547.5,568.88,-21.38,-3.7583,166578.81,9167983.226
20220106,538.51,547.0,531.79,541.47,547.5,-6.03,-1.1014,138826.02,7480050.944
20220107,550.0,556.0,528.0,539.9,541.47,-1.57,-0.29,131694.68,7135966.663
20220110,534.98,549.0,524.24,538.4,539.9,-1.5,-0.2778,148629.06,7964179.734
20220111,541.11,549.9,536.41,536.7,538.4,-1.7,-0.3158,84722.77,4582697.695
20220112,551.0,569.96,550.9,565.04,536.7,28.34,5.2804,191641.63,10752974.048
20220113,571.0,582.0,554.74,565.0,565.04,-0.04,-0.0071,138997.42,7924626.26
20220114,557.06,580.8,556.0,577.4,565.0,12.4,2.1947,116128.18,6663124.572
20220117,588.86,608.5,578.8,606.85,577.4,29.45,5.1005,143528.44,8591412.091
20220118,606.85,607.77,586.0,586.8,606.85,-20.05,-3.3039,107016.72,6345099.027
20220119,589.5,595.0,558.5,569.99,586.8,-16.81,-2.8647,144874.39,8273655.033
20220120,566.0,578.0,563.35,569.13,569.99,-0.86,-0.1509,80653.61,4600905.692
20220121,563.0,579.6,552.0,569.49,569.13,0.36,0.0633,99173.98,5620817.937
20220124,564.0,592.26,559.01,580.99,569.49,11.5,2.0194,115621.29,6686725.178
20220125,573.21,583.33,565.0,565.6,580.99,-15.39,-2.6489,71992.29,4119696.709
20220126,571.8,590.6,566.5,587.5,565.6,21.9,3.872,116036.76,6718821.593
20220127,585.0,594.99,570.0,574.99,587.5,-12.51,-2.1294,129481.88,7546107.243
20220128,594.6,604.0,570.44,592.6,574.99,17.61,3.0627,243317.34,14395957.436
20220207,606.0,609.98,574.18,579.44,592.6,-13.16,-2.2207,145288.59,8588397.059
20220208,579.44,579.44,521.82,540.86,579.44,-38.58,-6.6582,206502.97,11166726.687
20220209,539.0,550.9,527.0,547.2,540.86,6.34,1.1722,114947.12,6212329.182
20220210,551.8,552.0,499.89,518.1,547.2,-29.1,-5.318,292335.87,14959750.643
20220211,506.0,513.58,489.0,489.99,518.1,-28.11,-5.4256,239798.47,11994983.924
20220214,486.0,512.89,485.06,508.0,489.99,18.01,3.6756,196285.64,9914026.667
20220215,519.0,530.33,511.0,527.0,508.0,19.0,3.7402,151508.28,7915477.348
20220216,528.0,542.43,523.99,530.8,527.0,3.8,0.7211,127067.94,6783859.294
20220217,529.98,543.5,525.58,535.0,530.8,4.2,0.7913,107472.19,5758516.46
20220218,530.0,535.0,522.98,527.5,535.0,-7.5,-1.4019,113847.79,5993089.911
20220221,526.5,526.5,505.47,510.0,527.5,-17.5,-3.3175,156306.31,8011219.92
20220222,506.65,508.0,492.37,504.0,510.0,-6.0,-1.1765,136328.51,6788745.089
20220223,506.0,519.05,502.48,519.0,504.0,15.0,2.9762,154332.3,7922652.049
20220224,508.0,521.58,501.0,507.7,519.0,-11.3,-2.1773,161600.23,8252994.692
20220225,521.0,535.0,520.89,528.8,507.7,21.1,4.156,169672.38,8978907.317
20220228,524.0,536.5,524.0,533.36,528.8,4.56,0.8623,99657.01,5284369.459
20220301,539.2,548.08,530.0,536.18,533.36,2.82,0.5287,97490.32,5244201.447
20220302,531.0,531.79,508.88,513.84,536.18,-22.34,-4.1665,134129.32,6925800.187
20220303,517.2,518.8,506.97,512.99,513.84,-0.85,-0.1654,86989.27,4456406.594
20220304,505.0,509.0,488.0,491.79,512.99,-21.2,-4.1326,162833.5,8081812.311
20220307,475.0,485.0,454.01,454.89,491.79,-36.9,-7.5032,245992.64,11425969.374
20220308,463.98,466.46,443.01,455.45,454.89,0.56,0.1231,227540.6,10355465.375
20220309,456.0,474.0,448.0,473.47,455.45,18.02,3.9565,234574.19,10851981.839
20220310,490.0,505.55,485.31,490.81,473.47,17.34,3.6623,239616.93,11860996.849
20220311,480.83,495.0,474.1,493.55,490.81,2.74,0.5583,171021.72,8275317.081
20220314,483.0,487.23,463.0,463.0,493.55,-30.55,-6.1898,162910.14,7715325.213
20220315,461.0,481.29,450.6,463.2,463.0,0.2,0.0432,212686.88,9944131.722
20220316,476.2,503.47,468.49,503.1,463.2,39.9,8.614,282236.53,13816433.731
20220317,517.5,535.0,515.1,524.5,503.1,21.4,4.2536,276300.79,14545565.578
20220318,519.0,524.47,504.0,510.5,524.5,-14.0,-2.6692,163918.07,8401871.659
20220321,520.0,534.2,517.6,520.0,510.5,9.5,1.8609,136340.76,7164824.307
20220322,520.0,520.0,507.0,513.0,520.0,-7.0,-1.3462,102282.57,5229898.248
20220323,520.0,522.98,509.9,515.29,513.0,2.29,0.4464,84109.66,4336729.378
20220324,509.95,517.68,498.38,514.0,515.29,-1.29,-0.2503,84805.8,4303359.299
20220325,511.92,518.18,502.0,502.07,514.0,-11.93,-2.321,92836.39,4724122.668
20220328,508.88,508.88,478.08,487.0,502.07,-15.07,-3.0016,149465.12,7277413.365
20220329,487.0,500.0,482.0,486.9,487.0,-0.1,-0.0205,112359.47,5508775.198
20220330,492.0,519.0,492.0,519.0,486.9,32.1,6.5927,162169.79,8276504.323
20220331,515.15,518.0,503.15,512.3,519.0,-6.7,-1.2909,96239.22,4899473.611
20220401,508.0,524.5,505.13,518.9,512.3,6.6,1.2883,95182.41,4923473.198
20220406,516.52,518.0,503.0,508.17,518.9,-10.73,-2.0678,85428.1,4336158.375
20220407,500.55,505.0,487.05,495.22,508.17,-12.95,-2.5484,119580.82,5909983.777
20220408,492.7,504.87,489.0,495.0,495.22,-0.22,-0.0444,93571.3,4635752.788
20220411,475.27,478.0,452.1,459.0,495.0,-36.0,-7.2727,207382.05,9541686.135
20220412,460.77,472.78,460.5,472.0,459.0,13.0,2.8322,124982.01,5825410.117
20220413,465.89,481.8,462.0,466.0,472.0,-6.0,-1.2712,95231.22,4479994.702
20220414,475.0,476.0,454.0,459.8,466.0,-6.2,-1.3305,137523.7,6360122.75
20220415,451.14,456.99,432.77,450.86,459.8,-8.94,-1.9443,199891.04,8854163.487
20220418,442.0,451.98,435.3,451.0,450.86,0.14,0.0311,119576.17,5318801.159
20220419,450.46,459.58,438.45,440.26,451.0,-10.74,-2.3814,143821.33,6429594.317
20220420,439.01,443.0,405.78,407.0,440.26,-33.26,-7.5546,311996.15,12923538.889
20220421,411.88,417.5,398.9,409.11,407.0,2.11,0.5184,211165.68,8609961.842
20220422,408.0,423.18,405.0,415.34,409.11,6.23,1.5228,201366.51,8387810.458
20220425,397.8,406.1,390.0,390.1,415.34,-25.24,-6.0769,213165.08,8439172.173
20220426,386.11,392.0,377.0,377.0,390.1,-13.1,-3.3581,185105.1,7103865.395
20220427,367.0,408.76,366.74,407.05,377.0,30.05,7.9708,316124.06,12266669.602
20220428,399.98,402.5,382.0,387.5,407.05,-19.55,-4.8028,259177.27,10137614.863
20220429,394.0,409.98,375.02,409.35,387.5,21.85,5.6387,336476.57,13205553.635
20220505,365.0,385.28,353.0,376.0,409.35,-33.35,-8.1471,602772.07,22255526.266
20220506,362.0,386.73,361.82,375.99,376.0,-0.01,-0.0027,240800.95,9064522.986
20220509,374.0,376.96,363.71,368.5,375.99,-7.49,-1.9921,166680.32,6152776.454
20220510,359.3,385.0,357.14,379.17,368.5,10.67,2.8955,244377.91,9143581.643
20220511,379.97,418.78,379.5,409.75,379.17,30.58,8.065,317539.74,12827256.128
20220512,404.4,409.2,397.88,403.51,409.75,-6.24,-1.5229,134208.05,5425822.344
20220513,407.0,418.45,400.51,414.8,403.51,11.29,2.7979,148546.35,6105079.498
20220516,416.99,427.8,407.01,407.01,414.8,-7.79,-1.878,143878.09,5996721.4
20220517,409.98,424.58,408.25,422.56,407.01,15.55,3.8205,138898.53,5834497.816
20220518,424.44,426.0,414.44,419.0,422.56,-3.56,-0.8425,107120.14,4495183.512
20220519,414.45,421.9,408.66,419.0,419.0,0.0,0.0,126329.56,5249401.699
20220520,428.0,432.0,417.5,426.9,419.0,7.9,1.8854,158267.54,6751273.074
20220523,426.9,426.9,410.0,416.7,426.9,-10.2,-2.3893,137917.72,5750871.727
20220524,413.66,413.67,401.83,402.04,416.7,-14.66,-3.5181,150126.8,6109883.602
20220525,404.5,406.06,394.5,398.98,402.04,-3.06,-0.7611,139348.82,5567079.615
20220526,398.49,401.83,388.88,390.01,398.98,-8.97,-2.2482,140598.1,5535883.499
20220527,396.0,409.14,392.13,394.4,390.01,4.39,1.1256,187801.91,7541807.254
20220530,402.29,407.2,398.8,401.8,394.4,7.4,1.8763,125295.44,5046715.321
20220531,399.9,411.99,393.5,408.0,401.8,6.2,1.5431,177995.22,7205121.141
20220601,410.1,431.0,406.0,425.03,408.0,17.03,4.174,191784.59,8078892.456
20220602,422.78,443.78,421.01,436.8,425.03,11.77,2.7692,174477.74,7640886.792
20220606,437.0,469.01,437.0,465.99,436.8,29.19,6.6827,190378.06,8745175.35
20220607,465.19,466.99,450.8,459.0,465.99,-6.99,-1.5,127595.09,5850493.85
20220608,456.0,460.0,425.99,460.0,459.0,1.0,0.2179,405414.28,17870045.928
20220609,445.01,448.0,430.5,431.35,460.0,-28.65,-6.2283,202557.38,8867551.604
20220610,427.97,455.8,427.97,454.0,431.35,22.65,5.251,247663.36,11049948.03
20220613,444.01,454.18,438.26,443.03,454.0,-10.97,-2.4163,186215.82,8285211.256
20220614,438.22,442.6,428.7,441.82,443.03,-1.21,-0.2731,174810.68,7624999.753
20220615,452.0,478.0,446.11,465.66,441.82,23.84,5.3959,378619.47,17488407.041
20220616,466.0,474.11,454.51,460.3,465.66,-5.36,-1.1511,240202.26,11103375.0
20220617,452.3,490.68,451.22,486.06,460.3,25.76,5.5964,282938.69,13595198.658
20220620,493.83,516.11,493.83,506.52,486.06,20.46,4.2094,251142.85,12753850.233
20220621,504.0,512.88,496.11,507.85,506.52,1.33,0.2626,145666.08,7338298.828
20220622,514.0,522.25,506.9,507.0,507.85,-0.85,-0.1674,146631.73,7542601.019
20220623,515.0,536.97,511.88,536.97,507.0,29.97,5.9112,177138.62,9275986.878
20220624,548.0,563.5,529.79,563.5,536.97,26.53,4.9407,193012.35,10593589.951
20220627,563.99,564.97,544.99,549.0,563.5,-14.5,-2.5732,166239.83,9200423.08
20220628,545.0,549.36,525.1,544.0,549.0,-5.0,-0.9107,186432.67,9996283.502
20220629,532.99,542.5,525.99,532.54,544.0,-11.46,-2.1066,145829.86,7781239.268
20220630,532.52,539.8,526.67,534.0,532.54,1.46,0.2742,130761.19,6974435.836
20220701,532.98,536.0,517.7,522.64,534.0,-11.36,-2.1273,122927.8,6449278.118
20220704,510.01,525.67,510.0,522.0,522.64,-0.64,-0.1225,121932.09,6343210.12
20220705,524.5,536.17,512.68,523.87,522.0,1.87,0.3582,154594.04,8098493.521
20220706,527.11,533.48,514.58,522.0,523.87,-1.87,-0.357,130813.52,6860550.182
20220707,531.85,554.55,531.0,550.0,522.0,28.0,5.364,246014.36,13437832.045
20220708,555.0,564.97,535.23,541.0,550.0,-9.0,-1.6364,165770.09,9078792.373
20220711,534.24,535.5,516.3,518.5,541.0,-22.5,-4.159,138070.42,7190790.422
20220712,519.0,525.3,499.62,503.69,518.5,-14.81,-2.8563,151302.47,7699493.189
20220713,508.3,543.23,501.77,539.0,503.69,35.31,7.0103,245644.72,12933672.94
20220714,535.5,562.0,530.25,556.01,539.0,17.01,3.1558,199556.44,10980995.202
20220715,549.5,563.45,533.0,533.0,556.01,-23.01,-4.1384,158628.19,8689665.142
20220718,542.0,552.05,530.35,551.66,533.0,18.66,3.5009,143710.55,7799775.032
20220719,550.56,550.56,524.0,524.61,551.66,-27.05,-4.9034,163087.11,8687404.439
20220720,529.98,535.14,522.86,526.0,524.61,1.39,0.265,78359.06,4141353.786
20220721,523.0,538.05,518.22,521.0,526.0,-5.0,-0.9506,88070.88,4636560.562
20220722,537.72,543.99,526.04,532.0,521.0,11.0,2.1113,142817.47,7665508.993
20220725,532.0,533.95,519.0,521.75,532.0,-10.25,-1.9267,86488.58,4524233.836
20220726,521.78,528.0,515.25,522.0,521.75,0.25,0.0479,79692.69,4162433.402
20220727,521.5,522.1,511.2,515.2,522.0,-6.8,-1.3027,93355.28,4814402.386
20220728,518.5,526.7,513.02,515.6,515.2,0.4,0.0776,92675.16,4813731.201
20220729,523.95,524.0,503.11,508.6,515.6,-7.0,-1.3576,119124.82,6111548.922
20220801,507.87,535.8,504.6,534.92,508.6,26.32,5.175,162992.26,8555439.34
20220802,522.28,532.44,519.45,523.87,534.92,-11.05,-2.0657,121430.04,6378119.035
20220803,524.0,533.88,498.8,504.0,523.87,-19.87,-3.7929,170255.69,8730930.401
20220804,507.0,509.09,495.1,500.9,504.0,-3.1,-0.6151,113650.73,5688825.507
20220805,500.0,513.9,495.0,505.65,500.9,4.75,0.9483,121830.74,6150342.343
20220808,496.0,506.18,489.0,501.5,505.65,-4.15,-0.8207,89646.93,4476021.798
20220809,501.0,518.6,497.5,511.56,501.5,10.06,2.006,113078.7,5783358.776
20220810,510.1,512.8,500.0,503.98,511.56,-7.58,-1.4817,80490.83,4052412.586
20220811,504.14,513.02,494.0,510.0,503.98,6.02,1.1945,98007.1,4937131.682
20220812,510.2,512.0,497.92,502.0,510.0,-8.0,-1.5686,73838.05,3710909.399
20220815,504.89,523.0,502.88,516.1,502.0,14.1,2.8088,137575.41,7097079.972
20220816,519.9,538.0,518.18,523.8,516.1,7.7,1.492,160973.67,8515873.353
20220817,527.48,549.97,523.98,547.0,523.8,23.2,4.4292,183506.57,9888546.881
20220818,547.0,560.0,542.45,544.8,547.0,-2.2,-0.4022,142800.44,7867922.33
20220819,549.0,549.69,530.02,532.0,544.8,-12.8,-2.3495,107696.08,5767786.049
20220822,534.0,555.66,527.2,551.53,532.0,19.53,3.6711,143053.61,7811232.13
20220823,549.98,564.66,545.45,556.89,551.53,5.36,0.9718,131561.77,7304906.011
20220824,573.03,575.0,522.0,524.0,556.89,-32.89,-5.906,300683.94,16294721.095
20220825,525.0,526.53,505.09,514.0,524.0,-10.0,-1.9084,180175.23,9216432.422
20220826,513.0,518.98,503.0,506.78,514.0,-7.22,-1.4047,122169.84,6216728.235
20220829,502.99,506.78,496.32,502.0,506.78,-4.78,-0.9432,112609.93,5635359.01
20220830,502.0,502.0,485.8,491.5,502.0,-10.5,-2.0916,156160.79,7672805.177
20220831,481.69,489.8,474.52,483.0,491.5,-8.5,-1.7294,174501.58,8386004.45
20220901,480.0,485.0,466.66,467.54,483.0,-15.46,-3.2008,154765.59,7331268.726
20220902,474.88,476.0,461.78,466.26,467.54,-1.28,-0.2738,115608.77,5408298.592
20220905,462.01,472.0,459.01,468.36,466.26,2.1,0.4504,91100.09,4237267.563
20220906,468.0,468.36,443.88,455.2,468.36,-13.16,-2.8098,275245.67,12407748.956
20220907,451.49,476.49,450.0,473.92,455.2,18.72,4.1125,216777.12,10095265.237
20220908,468.35,471.0,448.5,449.5,473.92,-24.42,-5.1528,215526.31,9838886.097
20220909,452.6,454.43,446.5,452.22,449.5,2.72,0.6051,122467.52,5523516.959
20220913,459.0,460.2,446.85,456.91,452.22,4.69,1.0371,102028.9,4632953.568
20220914,450.0,453.0,428.28,434.3,456.91,-22.61,-4.9485,258937.86,11348915.618
20220915,434.3,435.0,411.2,414.35,434.3,-19.95,-4.5936,253835.94,10651219.57
20220916,414.3,418.3,409.0,410.0,414.35,-4.35,-1.0498,149632.08,6192462.42
20220919,409.63,421.6,409.04,413.67,410.0,3.67,0.8951,139643.59,5802232.518
20220920,418.0,430.0,415.0,421.01,413.67,7.34,1.7744,165690.3,7024157.607
20220921,417.0,423.46,413.37,420.3,421.01,-0.71,-0.1686,88098.61,3695152.639
20220922,415.3,420.0,406.0,414.99,420.3,-5.31,-1.2634,96420.94,3992662.501
20220923,415.96,424.8,410.05,417.34,414.99,2.35,0.5663,120184.88,5009444.373
20220926,413.04,435.0,413.04,428.66,417.34,11.32,2.7124,188351.51,8081168.715
20220927,433.89,435.33,423.01,429.5,428.66,0.84,0.196,115619.28,4948766.643
20220928,427.0,428.83,412.79,416.79,428.85,-12.06,-2.8122,106974.41,4464647.186
20220929,424.22,425.5,415.08,419.0,416.79,2.21,0.5302,88947.78,3723447.021
20220930,419.28,420.2,400.5,400.89,419.0,-18.11,-4.3222,118140.11,4808089.72
20221010,402.0,404.5,391.23,392.86,400.89,-8.03,-2.003,114653.53,4534844.088
20221011,404.0,416.3,402.89,416.3,392.86,23.44,5.9665,184441.38,7582938.838
20221012,416.0,438.28,413.49,437.83,416.3,21.53,5.1718,185147.47,7894831.67
20221013,434.0,438.28,429.01,432.0,437.83,-5.83,-1.3316,104434.11,4521426.256
20221014,438.0,442.34,428.58,436.91,432.0,4.91,1.1366,135653.44,5900627.938
20221017,433.0,433.0,420.75,429.35,436.91,-7.56,-1.7303,105372.58,4492096.855
20221018,433.03,438.88,428.44,429.54,429.35,0.19,0.0443,91019.2,3937490.987
20221019,430.02,442.0,429.68,431.34,429.54,1.8,0.4191,123330.44,5381599.274
20221020,420.28,423.67,404.0,415.0,431.34,-16.34,-3.7882,171201.83,7066412.983
20221021,408.0,416.96,407.2,413.0,415.0,-2.0,-0.4819,82598.82,3412503.681
20221024,406.62,414.0,399.01,404.02,413.0,-8.98,-2.1743,145327.27,5885833.136
20221025,403.0,408.07,391.98,401.7,404.02,-2.32,-0.5742,140390.5,5599142.147
20221026,405.0,408.56,398.08,401.06,401.7,-0.64,-0.1593,140723.86,5666134.369
20221027,398.0,402.07,390.0,390.3,401.06,-10.76,-2.6829,152817.36,6026009.209
20221028,385.3,387.5,365.0,365.5,390.3,-24.8,-6.3541,240712.25,8960919.233
20221031,360.0,380.22,356.58,372.88,365.5,7.38,2.0192,165546.0,6168694.637
20221101,376.5,388.88,368.12,386.2,372.88,13.32,3.5722,199164.86,7598072.35
20221102,385.0,396.39,380.01,391.5,386.2,5.3,1.3723,142669.69,5554821.785
20221103,390.0,394.0,381.03,384.12,391.5,-7.38,-1.8851,147174.51,5672637.394
20221104,385.8,408.31,384.0,404.4,384.12,20.28,5.2796,209711.41,8386135.001
20221107,408.0,414.54,405.0,410.5,404.4,6.1,1.5084,147781.12,6063354.15
20221108,410.5,422.8,403.5,409.8,410.5,-0.7,-0.1705,120808.78,4982583.901
20221109,406.0,407.58,395.0,397.06,409.8,-12.74,-3.1088,109410.91,4370881.067
20221110,393.0,394.0,384.0,385.3,397.06,-11.76,-2.9618,129241.78,4995761.138
20221111,401.0,405.69,394.22,402.48,385.3,17.18,4.4589,194819.69,7814365.729
20221114,404.1,408.0,385.55,387.18,402.48,-15.3,-3.8014,184817.01,7242184.172
20221115,388.16,397.48,378.0,396.18,387.18,9.0,2.3245,172739.87,6711717.38
20221116,393.01,394.18,383.28,384.07,396.18,-12.11,-3.0567,136036.63,5261351.647
20221117,381.62,381.99,370.01,375.12,384.07,-8.95,-2.3303,142171.64,5314975.792
20221118,378.0,387.0,371.0,380.79,375.12,5.67,1.5115,164073.34,6269734.686
20221121,375.12,385.85,374.3,382.4,380.79,1.61,0.4228,80387.09,3060476.256
20221122,380.0,382.87,373.0,375.0,382.4,-7.4,-1.9351,98362.41,3701483.129
20221123,375.0,382.89,373.5,379.52,375.0,4.52,1.2053,88294.27,3343581.161
20221124,383.12,383.22,375.01,376.62,379.52,-2.9,-0.7641,85465.3,3229088.1
20221125,373.06,375.0,371.0,372.2,376.62,-4.42,-1.1736,61389.45,2286870.203
20221128,365.0,372.31,360.02,370.31,372.2,-1.89,-0.5078,111140.51,4052491.292
20221129,372.01,381.4,367.5,377.9,370.31,7.59,2.0496,117172.22,4394005.282
20221130,379.0,385.0,372.17,385.0,377.9,7.1,1.8788,140419.56,5331830.946
20221201,397.15,402.15,394.92,395.25,385.0,10.25,2.6623,209374.98,8341109.691
20221202,397.0,399.29,391.8,391.88,395.25,-3.37,-0.8526,82925.66,3280784.282
20221205,391.88,396.87,388.0,392.31,391.88,0.43,0.1097,120984.74,4739442.184
20221206,389.12,404.04,389.0,400.02,392.31,7.71,1.9653,136611.64,5426417.623
20221207,400.0,421.68,399.0,418.31,400.02,18.29,4.5723,244108.39,10135126.0
20221208,418.32,425.0,414.01,420.47,418.31,2.16,0.5164,104337.49,4388660.431
20221209,421.58,425.7,420.5,424.6,420.47,4.13,0.9822,93539.4,3960316.859
20221212,421.1,423.53,414.14,414.35,424.6,-10.25,-2.414,87899.53,3671244.196
20221213,415.0,415.9,402.05,405.41,414.35,-8.94,-2.1576,112707.07,4592141.158
20221214,410.0,411.95,399.28,402.3,405.41,-3.11,-0.7671,91972.82,3697346.495
20221215,402.11,424.17,401.0,423.8,402.3,21.5,5.3443,172987.75,7174962.345
20221216,418.51,422.8,413.88,418.01,423.8,-5.79,-1.3662,89422.49,3733194.676
20221219,419.0,430.1,418.06,420.4,418.01,2.39,0.5718,101058.6,4284899.628
20221220,420.0,420.6,409.0,409.52,420.4,-10.88,-2.588,81207.95,3362795.549
20221221,410.0,412.47,404.51,406.82,409.52,-2.7,-0.6593,54030.52,2201256.4
20221222,410.99,410.99,400.0,402.0,406.82,-4.82,-1.1848,73904.6,2976952.977
20221223,396.9,402.83,394.1,398.48,402.0,-3.52,-0.8756,73857.6,2939594.066
20221226,398.48,407.25,391.1,403.92,398.48,5.44,1.3652,115123.45,4606937.09
20221227,402.23,405.99,396.66,403.57,403.92,-0.35,-0.0867,81397.1,3268646.819
20221228,398.06,398.3,380.28,394.0,403.57,-9.57,-2.3713,185293.22,7206541.527
20221229,391.0,397.8,390.4,393.96,394.0,-0.04,-0.0102,98974.72,3909060.456
20221230,398.5,402.0,393.0,393.42,393.96,-0.54,-0.1371,74052.49,2943110.662
20230103,392.0,392.57,381.72,389.64,393.42,-3.78,-0.9608,104820.36,4056787.274
20230104,386.5,387.0,382.05,384.01,389.64,-5.63,-1.4449,196022.62,7527791.631
20230105,388.0,410.17,385.01,407.51,384.01,23.5,6.1196,260432.6,10371713.858
20230106,406.0,424.98,404.06,416.66,407.51,9.15,2.2453,183924.95,7641585.134
20230109,422.88,422.88,414.0,416.6,416.66,-0.06,-0.0144,128403.02,5373244.036
20230110,417.66,435.0,413.3,432.0,416.6,15.4,3.6966,182606.52,7781973.49
20230111,430.5,436.0,424.0,427.86,432.0,-4.14,-0.9583,122418.06,5252326.721
20230112,432.0,438.78,429.68,433.5,427.86,5.64,1.3182,111367.98,4837460.193
20230113,444.0,452.52,430.0,439.5,433.5,6.0,1.3841,207574.96,9140635.814
20230116,438.5,449.5,435.11,446.63,439.5,7.13,1.6223,168090.99,7451169.295
20230117,446.93,451.87,443.61,445.61,446.63,-1.02,-0.2284,98958.01,4416180.658
20230118,448.51,450.88,443.11,448.5,445.61,2.89,0.6485,73443.25,3292955.688
20230119,445.33,451.5,442.19,446.77,448.5,-1.73,-0.3857,73099.9,3254123.919
20230120,446.77,452.2,444.26,452.0,446.77,5.23,1.1706,107656.5,4841543.971
20230130,479.37,490.56,467.47,470.65,452.0,18.65,4.1261,211743.07,10102385.367
20230131,469.88,477.5,462.44,465.2,470.65,-5.45,-1.158,139540.34,6565989.151
20230201,470.99,479.36,470.48,476.8,465.2,11.6,2.4936,115021.67,5464594.494
20230202,478.87,479.7,464.88,466.1,476.8,-10.7,-2.2441,134557.12,6339908.128
20230203,464.0,466.2,451.38,456.2,466.1,-9.9,-2.124,120200.01,5495174.744
20230206,452.0,453.52,441.09,450.6,456.2,-5.6,-1.2275,107529.18,4811799.061
20230207,450.49,453.8,444.66,448.1,450.6,-2.5,-0.5548,72112.37,3231274.19
20230208,449.6,453.45,445.0,447.21,448.1,-0.89,-0.1986,73298.53,3293742.444
20230209,447.21,455.99,441.5,452.99,447.21,5.78,1.2925,80314.4,3627030.215
20230210,453.0,455.68,445.01,445.95,452.99,-7.04,-1.5541,83977.9,3773477.539
20230213,450.98,461.57,447.01,460.0,445.95,14.05,3.1506,134185.43,6143224.997
20230214,469.0,469.3,445.79,451.05,460.0,-8.95,-1.9457,128121.9,5816558.282
20230215,453.1,457.0,448.0,448.6,451.05,-2.45,-0.5432,77733.87,3508461.573
20230216,451.99,454.5,438.0,443.2,448.6,-5.4,-1.2037,100910.69,4514542.232
20230217,442.0,442.0,420.0,420.19,443.2,-23.01,-5.1918,214695.51,9171648.847
20230220,416.0,421.88,406.33,420.47,420.19,0.28,0.0666,168298.72,6992852.567
20230221,417.48,422.49,412.0,415.01,420.47,-5.46,-1.2985,131845.96,5490561.031
20230222,409.0,414.1,406.67,409.47,415.01,-5.54,-1.3349,123639.2,5069312.344
20230223,410.0,415.13,407.4,413.23,409.47,3.76,0.9183,95372.65,3922375.682
20230224,411.0,411.8,404.02,405.4,413.23,-7.83,-1.8948,99893.88,4060495.07
20230227,402.73,405.48,400.1,401.1,405.4,-4.3,-1.0607,92206.33,3705001.334
20230228,403.99,408.3,401.5,403.9,401.1,2.8,0.6981,93230.92,3769996.772
20230301,403.1,414.18,403.03,411.78,403.9,7.88,1.951,126020.05,5166296.898
20230302,409.5,411.0,396.2,400.8,411.78,-10.98,-2.6665,161452.7,6483446.93
20230303,402.3,405.71,400.0,402.32,400.8,1.52,0.3792,82030.9,3300669.921
20230306,402.17,408.87,392.01,408.42,402.32,6.1,1.5162,166266.62,6674565.924
20230307,404.0,408.99,401.83,402.2,408.42,-6.22,-1.5229,99183.5,4014218.859
20230308,400.01,402.93,395.11,397.73,402.2,-4.47,-1.1114,81293.73,3231604.462
20230309,396.2,401.28,388.24,397.01,397.73,-0.72,-0.181,81366.84,3228769.655
20230310,401.69,409.93,395.9,405.79,397.01,8.78,2.2115,191425.96,7722447.89
20230313,403.03,406.66,390.0,392.0,405.79,-13.79,-3.3983,188331.97,7424578.06
20230314,390.88,391.0,378.0,387.23,392.0,-4.77,-1.2168,184846.63,7095007.8
20230315,393.0,395.74,383.62,388.0,387.23,0.77,0.1988,129682.91,5046344.791
20230316,384.0,389.91,383.5,385.11,388.0,-2.89,-0.7448,101131.55,3897781.768
20230317,389.0,389.99,375.5,375.98,385.11,-9.13,-2.3708,201447.47,7641555.518
20230320,374.54,384.6,368.0,379.95,375.98,3.97,1.0559,158369.74,6002000.932
20230321,382.2,394.18,378.7,393.78,379.95,13.83,3.64,172923.73,6720740.862
20230322,398.74,408.66,397.02,399.2,393.78,5.42,1.3764,176872.41,7125770.901
20230323,398.0,401.92,394.43,398.38,399.2,-0.82,-0.2054,100288.67,3981184.718
20230324,398.4,402.26,390.0,393.58,398.38,-4.8,-1.2049,117652.52,4645723.682
20230327,391.11,398.6,384.42,396.5,393.58,2.92,0.7419,161157.21,6311744.703
20230328,394.0,396.18,390.2,392.6,396.5,-3.9,-0.9836,75905.61,2976678.086
20230329,395.21,404.28,393.03,400.18,392.6,7.58,1.9307,137546.11,5508159.641
20230330,400.99,402.0,397.35,400.11,400.18,-0.07,-0.0175,86819.22,3465633.465
20230331,404.5,414.98,404.5,406.05,400.11,5.94,1.4846,196075.72,8033742.42
20230403,406.11,406.8,396.0,398.71,406.05,-7.34,-1.8077,167632.18,6698371.581
20230404,399.99,399.99,381.81,388.0,398.71,-10.71,-2.6862,200897.01,7782699.959
20230406,384.0,389.55,380.15,388.02,388.0,0.02,0.0052,105815.89,4064823.971
20230407,386.15,394.0,384.36,390.51,388.02,2.49,0.6417,100581.14,3923098.225
20230410,393.89,402.11,388.0,402.01,390.51,11.5,2.9449,172379.41,6844475.287
20230411,400.01,409.87,398.0,399.95,402.01,-2.06,-0.5124,143662.94,5785418.238
20230412,400.0,400.0,392.0,392.01,399.95,-7.94,-1.9852,87367.33,3443470.021
20230413,390.0,391.36,385.0,388.26,392.01,-3.75,-0.9566,100464.45,3896072.549
20230414,387.9,402.37,387.5,397.29,388.26,9.03,2.3258,159236.54,6337229.777
20230417,396.33,410.0,395.8,407.88,397.29,10.59,2.6656,176631.58,7173869.979
20230418,407.89,418.0,407.29,409.0,407.88,1.12,0.2746,140605.17,5793046.444
20230419,414.5,414.84,406.0,410.37,409.0,1.37,0.335,116223.55,4770263.895
20230420,410.3,410.3,396.0,396.0,410.37,-14.37,-3.5017,158437.9,6335888.039
20230421,404.5,414.92,399.0,404.99,396.0,8.99,2.2702,252759.78,10288953.392
20230424,405.1,406.0,392.88,396.88,404.99,-8.11,-2.0025,173773.84,6922771.298
20230425,398.0,398.0,380.0,385.9,396.88,-10.98,-2.7666,168989.29,6532955.962
20230426,213.0,227.95,210.01,224.5,212.99,11.51,5.404,397075.29,8801110.231
20230427,224.0,232.48,222.31,231.0,224.5,6.5,2.8953,339690.78,7764148.296
20230428,234.0,237.33,226.89,230.85,231.0,-0.15,-0.0649,271048.0,6269727.389
20230504,231.0,232.5,224.55,225.52,230.85,-5.33,-2.3089,194090.8,4416464.195
20230505,225.0,230.0,223.72,227.0,225.52,1.48,0.6563,167408.79,3793534.213
20230508,230.0,233.79,226.06,230.81,227.0,3.81,1.6784,227531.35,5237667.345
20230509,230.38,230.38,224.05,225.83,230.81,-4.98,-2.1576,196537.72,4447695.098
20230510,225.8,234.25,221.21,232.52,225.83,6.69,2.9624,289568.1,6637247.354
20230511,232.55,242.98,231.2,240.4,232.52,7.88,3.389,347473.71,8292776.227
20230512,241.99,244.56,237.98,237.98,240.4,-2.42,-1.0067,223099.79,5363787.91
20230515,241.01,244.0,235.1,238.29,237.98,0.31,0.1303,267064.71,6408351.582
20230516,238.4,240.97,236.77,239.0,238.29,0.71,0.298,139739.53,3336944.402
20230517,239.0,241.68,236.06,240.0,239.0,1.0,0.4184,182464.32,4350981.987
20230518,241.3,241.37,231.04,232.4,240.0,-7.6,-3.1667,241238.8,5653225.269
20230519,231.75,234.18,230.0,230.0,232.4,-2.4,-1.0327,194721.68,4503095.903
20230522,229.0,232.5,227.0,230.3,230.0,0.3,0.1304,146791.14,3373155.581
20230523,230.88,231.71,225.15,225.42,230.3,-4.88,-2.119,196131.96,4466450.819
20230524,224.8,228.51,223.72,225.25,225.42,-0.17,-0.0754,147857.35,3347225.922
20230525,224.85,227.68,222.49,224.09,225.25,-1.16,-0.515,137532.72,3096261.721
20230526,224.2,224.5,217.5,220.0,224.09,-4.09,-1.8252,182116.95,4001016.009
20230529,222.2,222.22,215.6,217.06,220.0,-2.94,-1.3364,165371.61,3599743.504
20230530,217.0,224.99,216.01,224.99,217.06,7.93,3.6534,264670.83,5890767.209
20230531,225.05,226.89,220.16,221.17,224.99,-3.82,-1.6979,188697.44,4194067.555
20230601,222.64,228.0,221.51,222.9,221.17,1.73,0.7822,159410.49,3583431.679
20230602,224.9,229.99,224.0,228.44,222.9,5.54,2.4854,231814.83,5283702.827
20230605,225.9,225.9,216.39,219.8,228.44,-8.64,-3.7822,335951.14,7357059.963
20230606,218.01,222.3,216.98,219.28,219.8,-0.52,-0.2366,172425.26,3782524.816
20230607,216.38,216.5,204.45,207.3,219.28,-11.98,-5.4633,500939.39,10438080.445
20230608,212.75,213.3,207.0,208.01,207.3,0.71,0.3425,238579.4,5007821.21
20230609,208.55,213.13,208.55,212.04,208.01,4.03,1.9374,242617.28,5126984.498
20230612,211.95,214.0,208.9,211.95,212.04,-0.09,-0.0424,181316.32,3835654.849
20230613,211.01,213.93,210.68,213.1,211.95,1.15,0.5426,132436.99,2813381.281
20230614,217.15,217.63,213.0,213.4,213.1,0.3,0.1408,163629.27,3508630.636
20230615,214.99,230.88,214.89,230.88,213.4,17.48,8.1912,504956.82,11301760.757
20230616,232.0,234.17,228.3,231.1,230.88,0.22,0.0953,296398.28,6849470.34
20230619,232.99,232.99,226.0,227.88,231.1,-3.22,-1.3933,187070.81,4271126.762
20230620,227.87,231.31,225.77,228.0,227.88,0.12,0.0527,179605.01,4094614.886
20230621,228.81,230.5,224.9,224.91,228.0,-3.09,-1.3553,171184.38,3897370.633
20230626,219.91,226.95,219.68,225.17,224.91,0.26,0.1156,159106.09,3564403.987
20230627,223.98,226.3,221.18,223.47,225.17,-1.7,-0.755,134206.48,2996519.807
20230628,222.22,226.5,222.0,224.5,223.47,1.03,0.4609,135586.44,3044798.943
20230629,223.51,226.91,222.5,222.5,224.5,-2.0,-0.8909,99302.33,2228285.745
20230630,223.99,229.99,220.35,228.79,222.5,6.29,2.827,215515.22,4901528.28
20230703,231.95,233.95,228.55,229.88,228.79,1.09,0.4764,155543.52,3592766.61
20230704,228.5,230.05,227.68,229.25,229.88,-0.63,-0.2741,101556.73,2322971.862
20230705,229.26,230.41,225.5,227.51,229.25,-1.74,-0.759,86364.14,1968738.617
20230706,227.0,228.48,223.97,224.85,227.51,-2.66,-1.1692,102835.68,2323630.149
20230707,224.8,224.85,221.6,222.25,224.85,-2.6,-1.1563,98083.77,2186457.551
20230710,223.0,230.0,223.0,228.8,222.25,6.55,2.9471,160938.31,3674535.625
20230711,229.65,229.99,226.58,229.09,228.8,0.29,0.1267,91587.87,2094183.189
20230712,228.5,229.4,226.5,226.99,229.09,-2.1,-0.9167,86932.6,1976029.055
20230713,228.21,235.0,228.21,230.0,226.99,3.01,1.326,222576.72,5166809.846
20230714,230.15,230.93,226.55,228.28,230.0,-1.72,-0.7478,130040.91,2971007.806
20230717,227.01,228.0,223.6,225.65,228.28,-2.63,-1.1521,104525.22,2354412.854
20230718,227.8,227.88,224.5,225.5,225.65,-0.15,-0.0665,85757.76,1934097.474
20230719,224.0,224.95,218.58,219.5,225.5,-6.0,-2.6608,176001.82,3880774.172
20230720,219.0,226.69,219.0,221.05,219.5,1.55,0.7062,144416.48,3226693.428
20230721,220.85,222.98,219.76,221.59,221.05,0.54,0.2443,83935.26,1858027.959
20230724,217.15,220.88,214.14,218.98,221.59,-2.61,-1.1779,137193.39,2990356.787
20230725,224.9,227.64,221.02,226.35,218.98,7.37,3.3656,192862.45,4336672.444
20230726,225.12,227.0,223.66,226.66,226.35,0.31,0.137,154567.86,3484702.635
20230727,231.0,232.88,226.88,226.98,226.66,0.32,0.1412,208592.35,4786800.628
20230728,226.98,231.0,225.05,230.05,226.98,3.07,1.3525,188030.95,4304001.295
20230731,234.0,239.5,233.1,237.75,230.05,7.7,3.3471,299027.54,7103701.375
20230801,237.4,239.1,234.5,235.5,237.75,-2.25,-0.9464,156151.68,3695389.757
20230802,237.0,239.49,235.5,236.5,235.5,1.0,0.4246,141471.85,3350493.845
20230803,236.0,239.97,235.53,239.14,236.5,2.64,1.1163,161805.26,3859823.089
20230804,245.0,249.96,241.11,245.51,239.14,6.37,2.6637,315696.75,7737835.221
20230807,244.5,246.94,243.31,246.49,245.51,0.98,0.3992,149277.49,3665507.786
20230808,245.98,249.33,244.88,247.14,246.49,0.65,0.2637,150666.76,3733050.029
20230809,245.5,247.68,243.14,247.0,247.14,-0.14,-0.0566,116846.61,2873152.335
20230810,247.9,251.33,244.12,246.5,247.0,-0.5,-0.2024,140409.64,3469375.411
20230811,248.95,248.95,241.5,241.5,246.5,-5.0,-2.0284,172040.64,4212036.44
20230814,239.2,239.98,230.21,232.9,241.5,-8.6,-3.5611,256932.18,6000203.547
20230815,232.88,234.6,229.4,231.3,232.9,-1.6,-0.687,146100.73,3378905.588
20230816,231.52,234.38,230.11,232.6,231.3,1.3,0.562,140090.45,3263663.519
20230817,234.99,236.5,228.88,235.25,232.6,2.65,1.1393,204427.73,4767790.092
20230818,235.29,239.12,234.42,235.87,235.25,0.62,0.2635,167699.98,3977909.566
20230821,233.99,235.87,232.2,232.96,235.87,-2.91,-1.2337,107804.39,2524111.214
20230822,234.8,235.18,227.51,230.75,232.96,-2.21,-0.9487,151889.41,3507619.5
20230823,230.7,231.9,227.0,227.5,230.75,-3.25,-1.4085,118749.11,2721026.998
20230824,228.88,231.54,226.5,228.95,227.5,1.45,0.6374,141577.16,3254958.7
20230825,227.93,229.97,225.81,228.34,228.95,-0.61,-0.2664,111851.29,2549494.197
20230828,241.5,243.96,229.5,230.5,228.34,2.16,0.946,223115.15,5230083.38
20230829,231.2,243.0,230.92,238.5,230.5,8.0,3.4707,291749.95,6966379.986
20230830,239.4,242.0,237.5,237.5,238.5,-1.0,-0.4193,145916.37,3492477.898
20230831,237.1,238.5,236.13,236.55,237.5,-0.95,-0.4,96715.27,2294576.162
20230901,236.6,239.51,234.6,236.4,236.55,-0.15,-0.0634,91011.32,2157778.481
20230904,238.21,238.76,233.4,237.65,236.4,1.25,0.5288,140523.87,3327817.522
20230905,237.0,239.5,236.16,236.82,237.65,-0.83,-0.3493,115816.65,2752197.345
20230906,236.05,237.17,232.8,234.42,236.82,-2.4,-1.0134,124747.83,2921536.582
20230907,233.0,233.75,226.51,226.51,234.42,-7.91,-3.3743,192660.9,4405103.044
20230908,225.0,227.2,220.5,222.94,226.51,-3.57,-1.5761,164994.43,3670618.815
20230911,222.9,223.55,219.68,221.53,222.94,-1.41,-0.6325,170608.97,3774798.959
20230912,222.0,222.41,217.54,217.93,221.53,-3.6,-1.6251,182312.09,3994776.422
20230913,217.0,219.15,215.03,216.6,217.93,-1.33,-0.6103,151356.93,3278699.755
20230914,213.68,216.3,213.03,214.93,216.6,-1.67,-0.771,182941.04,3919045.406
20230915,212.0,214.0,206.6,207.76,214.93,-7.17,-3.336,336799.92,7033151.411
20230918,206.0,214.69,206.0,213.06,207.76,5.3,2.551,265934.85,5645065.103
20230919,213.06,213.48,210.6,212.32,213.06,-0.74,-0.3473,150243.95,3183848.137
20230920,213.0,213.33,208.68,209.9,212.32,-2.42,-1.1398,130874.85,2750166.643
20230921,210.01,210.95,206.67,206.73,209.9,-3.17,-1.5102,162149.29,3368171.87
20230922,205.5,211.45,205.5,210.93,206.73,4.2,2.0316,225090.65,4696859.644
20230925,213.02,213.62,208.71,209.28,210.93,-1.65,-0.7823,136053.55,2864421.9
20230926,206.67,207.35,203.5,204.5,209.28,-4.78,-2.284,202537.82,4150919.715
20230927,206.3,208.49,202.45,203.66,204.5,-0.84,-0.4108,218489.59,4470658.973
20230928,204.0,206.5,202.58,203.03,203.66,-0.63,-0.3093,158095.24,3223265.861
20231009,201.0,201.28,193.0,195.5,203.03,-7.53,-3.7088,337428.26,6617775.154
20231010,197.88,198.0,194.72,194.72,195.5,-0.78,-0.399,198654.6,3895932.692
20231011,197.87,198.6,194.1,194.77,194.72,0.05,0.0257,202482.45,3964353.023
20231012,195.01,197.8,194.0,195.94,194.77,1.17,0.6007,242059.12,4744179.131
20231013,193.85,194.83,189.6,190.6,195.94,-5.34,-2.7253,284222.38,5429864.563
20231016,190.34,190.53,183.91,184.76,190.6,-5.84,-3.064,246836.49,4603170.883
20231017,185.51,189.3,184.57,185.44,184.76,0.68,0.368,215583.0,4027297.388
20231018,185.1,188.25,183.6,186.3,185.44,0.86,0.4638,176519.25,3284047.971
20231019,184.41,185.68,182.28,182.7,186.3,-3.6,-1.9324,174541.6,3209465.7
20231020,179.0,187.69,179.0,181.0,182.7,-1.7,-0.9305,300268.93,5478351.217
20231023,180.3,180.3,175.8,177.26,181.0,-3.74,-2.0663,202233.21,3597554.198
20231024,178.0,179.2,175.3,176.42,177.26,-0.84,-0.4739,243794.59,4310104.361
20231025,178.2,179.5,175.68,175.98,176.42,-0.44,-0.2494,215341.81,3818928.277
20231026,174.0,178.3,168.81,178.07,175.98,2.09,1.1876,414205.67,7175542.947
20231027,177.85,185.88,176.02,184.72,178.07,6.65,3.7345,477952.83,8729936.698
20231030,187.0,189.88,184.8,188.02,184.72,3.3,1.7865,322594.92,6050993.029
20231031,186.68,187.22,184.6,185.6,188.02,-2.42,-1.2871,181525.35,3369355.372
20231101,185.79,190.3,184.5,187.54,185.6,1.94,1.0453,197272.65,3695120.176
20231102,188.5,189.88,185.57,185.57,187.54,-1.97,-1.0504,137626.77,2577685.559
20231103,186.0,188.68,184.6,187.44,185.57,1.87,1.0077,143654.5,2683301.612
20231106,188.57,197.1,188.45,197.08,187.44,9.64,5.143,349684.3,6798069.247
20231107,195.99,196.11,190.12,191.24,197.08,-5.84,-2.9633,260802.93,5008846.046
20231108,190.18,192.94,190.0,191.84,191.24,0.6,0.3137,146521.66,2809047.605
20231109,190.63,192.58,190.53,191.45,191.84,-0.39,-0.2033,109970.97,2104229.338
20231110,189.0,189.97,188.05,189.03,191.45,-2.42,-1.264,116099.56,2189830.819
20231113,192.0,192.2,187.02,187.85,189.03,-1.18,-0.6242,125195.95,2362258.976
20231114,187.85,188.8,183.0,183.68,187.85,-4.17,-2.2199,234882.84,4346598.777
20231115,186.89,188.59,183.58,184.48,183.68,0.8,0.4355,238071.91,4423251.195
20231116,185.48,185.49,180.1,181.15,184.48,-3.33,-1.8051,174662.0,3180032.495
20231117,179.85,181.25,179.49,180.73,181.15,-0.42,-0.2319,110840.35,2000359.414
20231120,180.74,181.8,179.01,180.3,180.73,-0.43,-0.2379,124087.19,2235037.633
20231121,182.0,184.0,180.01,180.61,180.3,0.31,0.1719,197662.21,3601130.91
20231122,179.55,181.3,177.0,177.0,180.61,-3.61,-1.9988,186885.69,3332638.164
20231123,176.01,177.7,174.89,177.7,177.0,0.7,0.3955,157202.53,2771265.525
20231124,177.03,178.2,174.5,175.0,177.7,-2.7,-1.5194,166212.48,2918741.661
20231127,174.29,174.5,170.6,170.7,175.0,-4.3,-2.4571,184220.07,3161041.988
20231128,170.03,171.97,168.87,171.92,170.7,1.22,0.7147,202107.3,3443539.75
20231129,171.0,171.38,166.37,166.85,171.92,-5.07,-2.949,251885.27,4235346.582
20231130,165.22,168.66,164.49,167.0,166.85,0.15,0.0899,230271.61,3834512.349
20231201,167.29,167.7,164.43,165.5,167.0,-1.5,-0.8982,169622.09,2816101.715
20231204,163.5,164.44,161.24,161.65,165.5,-3.85,-2.3263,239304.01,3892529.225
20231205,160.15,162.37,158.65,158.81,161.65,-2.84,-1.7569,248077.39,3978910.664
20231206,158.65,166.86,158.22,162.88,158.81,4.07,2.5628,367692.76,6024339.62
20231207,162.0,166.36,161.6,164.49,162.88,1.61,0.9885,269084.27,4410841.808
20231208,165.0,166.33,163.12,163.59,164.49,-0.9,-0.5471,245020.47,4030383.347
20231211,162.01,165.69,160.16,165.35,163.59,1.76,1.0759,214895.69,3497265.74
20231212,164.0,165.22,162.98,163.63,165.35,-1.72,-1.0402,147338.77,2415527.909
20231213,162.55,163.59,158.71,159.35,163.63,-4.28,-2.6157,252593.99,4045085.654
20231214,160.88,161.49,156.44,156.63,159.35,-2.72,-1.7069,227514.0,3596263.196
20231215,157.2,158.68,154.6,155.0,156.63,-1.63,-1.0407,202046.35,3158101.585
20231218,153.11,153.69,146.28,146.97,155.0,-8.03,-5.1806,429129.2,6398809.829
20231219,146.31,149.98,146.27,149.0,146.97,2.03,1.3812,251851.81,3734066.913
20231220,149.2,151.2,148.32,148.45,149.0,-0.55,-0.3691,212493.68,3174602.188
20231221,147.57,155.33,147.57,154.39,148.45,5.94,4.0013,421315.01,6433383.993
20231222,153.5,158.41,152.2,156.29,154.39,1.9,1.2306,280321.27,4359921.762
20231225,155.5,157.88,154.8,157.54,156.29,1.25,0.7998,130056.08,2036117.775
20231226,156.97,157.5,154.74,156.13,157.54,-1.41,-0.895,127672.52,1994477.782
20231227,157.53,158.0,153.87,154.33,156.13,-1.8,-1.1529,173564.6,2686313.989
20231228,154.22,163.16,153.57,162.99,154.33,8.66,5.6114,378501.79,6079407.755
20231229,163.98,165.0,162.0,163.26,162.99,0.27,0.1657,226837.82,3707101.874
20240102,162.22,162.53,156.62,156.83,163.26,-6.43,-3.9385,214032.68,3390080.35
20240103,156.1,157.28,154.4,155.8,156.83,-1.03,-0.6568,197575.81,3070016.674
20240104,155.5,155.72,149.77,151.2,155.8,-4.6,-2.9525,272417.62,4114835.335
20240105,150.99,154.73,149.49,150.9,151.2,-0.3,-0.1984,210353.18,3195235.677
20240108,150.2,153.39,149.08,150.0,150.9,-0.9,-0.5964,193854.05,2926528.362
20240109,149.96,151.37,145.75,148.7,150.0,-1.3,-0.8667,233916.25,3473507.46
20240110,146.94,153.11,146.55,150.66,148.7,1.96,1.3181,232119.6,3500326.62
20240111,150.66,157.77,148.51,154.82,150.66,4.16,2.7612,328018.02,5037065.544
20240112,154.0,157.33,152.2,154.63,154.82,-0.19,-0.1227,254622.28,3943737.151
20240115,153.5,153.7,149.35,151.7,154.63,-2.93,-1.8948,172721.93,2618158.008
20240116,151.66,157.25,150.56,156.95,151.7,5.25,3.4608,284692.7,4421625.829
20240117,156.86,156.86,151.75,152.24,156.95,-4.71,-3.001,217615.25,3343384.132
20240118,150.1,155.2,150.01,154.61,152.24,2.37,1.5568,307787.79,4688436.698
20240119,153.8,157.89,153.4,154.9,154.61,0.29,0.1876,265949.08,4136034.233
20240122,153.5,159.95,150.65,155.66,154.9,0.76,0.4906,404888.1,6323471.153
20240123,155.0,158.8,153.19,153.91,155.66,-1.75,-1.1242,323058.95,5033058.276
20240124,154.5,154.99,149.51,153.48,153.91,-0.43,-0.2794,248709.83,3776131.708
20240125,152.0,155.1,149.71,155.0,153.48,1.52,0.9904,294796.09,4503492.568
20240126,152.5,154.48,150.0,150.0,155.0,-5.0,-3.2258,271812.7,4118576.148
20240129,149.44,150.78,147.02,147.02,150.0,-2.98,-1.9867,217675.0,3235910.043
20240130,145.5,147.44,140.4,140.75,147.02,-6.27,-4.2647,327274.25,4680164.654
20240131,145.0,152.96,144.0,151.59,140.75,10.84,7.7016,595221.08,8943013.793
20240201,151.58,152.52,148.58,149.02,151.59,-2.57,-1.6954,279688.44,4197978.843
20240202,148.0,149.0,143.37,146.0,149.02,-3.02,-2.0266,307060.37,4494266.568
20240205,142.61,154.5,142.3,151.94,146.0,5.94,4.0685,471326.13,7035622.773
20240206,151.19,159.26,150.82,158.33,151.94,6.39,4.2056,437459.26,6828296.924
20240207,158.0,159.79,156.0,159.6,158.33,1.27,0.8021,366070.4,5800699.416
20240208,159.5,165.0,158.88,162.84,159.6,3.24,2.0301,309011.56,5016344.779
20240219,164.96,164.96,159.09,160.09,162.84,-2.75,-1.6888,270924.76,4355156.563
20240220,161.88,161.88,156.07,158.33,160.09,-1.76,-1.0994,221947.91,3506366.283
20240221,157.38,163.3,156.34,161.2,158.33,2.87,1.8127,257826.63,4135575.624
20240222,161.33,161.33,158.88,160.35,161.2,-0.85,-0.5273,209559.47,3349275.887
20240223,161.97,162.0,159.06,160.5,160.35,0.15,0.0935,210176.39,3368773.226
20240226,159.23,159.99,154.7,156.0,160.5,-4.5,-2.8037,360664.25,5638931.754
20240227,155.08,157.85,154.54,157.83,156.0,1.83,1.1731,290400.75,4531078.101
20240228,158.18,163.3,157.01,157.01,157.83,-0.82,-0.5195,400917.11,6423464.926
20240229,156.1,163.77,155.66,163.51,157.01,6.5,4.1399,391675.04,6315294.345
20240301,163.53,165.56,162.4,164.55,163.51,1.04,0.636,281013.36,4610970.231
20240304,165.0,167.86,162.77,163.9,164.55,-0.65,-0.395,268085.77,4424835.39
20240305,162.1,165.2,160.0,164.65,163.9,0.75,0.4576,275495.99,4478109.344
20240306,162.58,166.9,161.7,163.64,164.65,-1.01,-0.6134,187180.09,3067856.205
20240307,163.0,164.17,159.48,160.15,163.64,-3.49,-2.1327,221450.21,3568786.297
20240308,159.13,160.8,156.65,158.0,160.15,-2.15,-1.3425,202170.23,3194520.067
20240311,165.0,181.65,164.1,180.85,158.0,22.85,14.462,763350.47,13248182.793
20240312,183.34,186.43,180.0,185.84,180.85,4.99,2.7592,621649.0,11428112.945
20240313,187.0,187.69,183.3,185.18,185.84,-0.66,-0.3551,347957.98,6444102.062
20240314,184.89,187.96,182.96,183.81,185.18,-1.37,-0.7398,305356.46,5642924.971
20240315,183.63,183.9,176.85,181.0,183.81,-2.81,-1.5288,354836.44,6371462.215
20240318,190.04,193.76,188.95,190.96,181.0,9.96,5.5028,483051.73,9229188.79
20240319,190.49,192.3,186.6,187.25,190.96,-3.71,-1.9428,269575.76,5099068.939
20240320,185.51,191.24,185.51,189.48,187.25,2.23,1.1909,210315.84,3987105.282
20240321,189.51,191.88,189.08,189.08,189.48,-0.4,-0.2111,187567.2,3571619.014
20240322,189.09,189.91,184.99,186.51,189.08,-2.57,-1.3592,191033.67,3563063.417
20240325,185.57,188.2,184.48,184.8,186.51,-1.71,-0.9168,164133.65,3046334.226
20240326,185.7,193.13,185.69,191.8,184.8,7.0,3.7879,302473.08,5746016.496
20240327,191.74,191.75,188.0,188.0,191.8,-3.8,-1.9812,206457.04,3910050.276
20240328,188.07,191.7,186.6,188.78,188.0,0.78,0.4149,200367.25,3792149.245
20240329,190.3,195.0,189.38,190.16,188.78,1.38,0.731,164648.06,3154024.729
20240401,194.0,199.83,193.4,197.84,190.16,7.68,4.0387,275131.87,5438688.735
20240402,198.1,201.57,196.5,199.7,197.84,1.86,0.9402,240381.1,4793028.387
20240403,198.94,198.95,194.6,197.65,199.7,-2.05,-1.0265,234890.41,4635543.376
20240408,197.65,199.9,194.6,194.6,197.65,-3.05,-1.5431,189575.56,3729974.587
20240409,194.0,196.5,193.71,196.0,194.6,1.4,0.7194,145700.01,2845224.467
20240410,194.11,195.0,191.53,192.74,196.0,-3.26,-1.6633,179614.95,3459617.611
20240411,190.81,194.3,187.0,192.6,192.74,-0.14,-0.0726,192954.44,3681659.228
20240412,191.0,191.98,188.01,188.39,192.6,-4.21,-2.1859,166256.45,3153751.599
20240415,193.85,197.14,191.86,197.14,188.39,8.75,4.6446,305482.5,5978911.501
20240416,199.0,199.3,194.92,197.15,197.14,0.01,0.0051,276231.2,5450235.801
20240417,195.35,196.93,193.02,195.99,197.15,-1.16,-0.5884,216191.64,4211033.978
20240418,193.97,197.45,191.39,195.56,195.99,-0.43,-0.2194,195395.76,3808772.287
20240419,193.06,194.46,189.51,190.8,195.56,-4.76,-2.434,184914.72,3533488.436
20240422,192.8,194.89,190.57,190.6,190.8,-0.2,-0.1048,150987.43,2903026.006
20240423,191.13,192.5,187.88,189.93,190.6,-0.67,-0.3515,111137.96,2113386.95
20240424,192.0,192.4,186.4,189.6,189.93,-0.33,-0.1737,151542.79,2865374.635
20240425,188.57,194.35,187.89,193.2,189.6,3.6,1.8987,164183.23,3150746.112
20240426,192.01,198.88,192.01,198.48,193.2,5.28,2.7329,224880.71,4413524.313
20240429,200.57,213.5,200.0,209.63,198.48,11.15,5.6177,438630.35,9119637.969
20240430,205.76,205.76,202.0,202.6,204.62,-2.02,-0.9872,214330.24,4377316.692
20240506,211.0,211.7,206.03,206.98,202.6,4.38,2.1619,270998.99,5634660.01
20240507,206.18,207.88,205.15,206.88,206.98,-0.1,-0.0483,131799.02,2722386.148
20240508,207.0,207.8,203.11,203.23,206.88,-3.65,-1.7643,124329.97,2544539.626
20240509,206.27,210.51,206.2,209.4,203.23,6.17,3.036,219216.28,4575999.96
20240510,209.4,209.4,203.0,203.5,209.4,-5.9,-2.8176,228011.32,4675581.9
20240513,196.3,201.77,195.51,199.35,203.5,-4.15,-2.0393,221967.23,4425713.328
20240514,200.6,201.2,198.12,199.01,199.35,-0.34,-0.1706,106947.12,2131826.964
20240515,199.01,203.33,197.5,197.89,199.01,-1.12,-0.5628,130741.16,2607766.832
20240516,198.8,201.64,196.98,199.67,197.89,1.78,0.8995,153782.04,3065019.509
20240517,199.7,203.0,198.58,203.0,199.67,3.33,1.6678,184962.01,3727316.446
20240520,207.2,207.88,203.01,203.45,203.0,0.45,0.2217,199171.71,4083626.153
20240521,203.67,204.58,200.56,201.56,203.45,-1.89,-0.929,122963.58,2480343.31
20240522,202.5,207.0,201.6,204.89,201.56,3.33,1.6521,252365.61,5153120.079
20240523,204.2,205.65,203.13,204.34,204.89,-0.55,-0.2684,176548.2,3602986.569
20240524,202.8,204.86,200.79,200.98,204.34,-3.36,-1.6443,155106.93,3136303.497
20240527,201.8,201.8,198.5,200.01,200.98,-0.97,-0.4826,163617.85,3261446.783
20240528,199.46,200.58,197.6,197.8,200.01,-2.21,-1.1049,126899.94,2517505.166
20240529,198.01,202.5,197.8,198.79,197.8,0.99,0.5005,133387.55,2663801.635
20240530,199.05,200.88,197.66,199.35,198.79,0.56,0.2817,127840.04,2548445.865
20240531,199.35,202.25,197.76,197.76,199.35,-1.59,-0.7976,138086.27,2760668.471
20240603,197.76,203.6,195.8,202.5,197.76,4.74,2.3968,187180.68,3757638.84
20240604,201.99,207.24,201.0,205.97,202.5,3.47,1.7136,177149.39,3639805.938
20240605,205.7,207.85,204.01,204.12,205.97,-1.85,-0.8982,117773.9,2420867.502
20240606,203.98,206.88,202.2,204.79,204.12,0.67,0.3282,124125.7,2544442.658
20240607,198.86,202.45,187.59,193.2,204.79,-11.59,-5.6595,516867.6,10008885.041
20240611,189.0,192.0,184.61,188.77,193.2,-4.43,-2.293,420723.63,7876263.876
20240612,186.0,189.76,185.48,185.6,188.77,-3.17,-1.6793,203103.92,3788449.182
20240613,187.0,190.01,185.12,185.18,185.6,-0.42,-0.2263,221176.37,4134985.666
20240614,186.1,186.58,178.58,184.89,185.18,-0.29,-0.1566,371849.49,6764196.086
20240617,182.55,190.5,182.31,188.2,184.89,3.31,1.7903,269293.18,5044213.365
20240618,188.15,190.47,187.02,190.33,188.2,2.13,1.1318,156529.09,2959271.843
20240619,190.6,190.7,187.68,189.01,190.33,-1.32,-0.6935,107539.75,2030697.6
20240620,189.99,190.11,187.1,187.99,189.01,-1.02,-0.5397,115623.7,2172637.229
20240621,188.31,188.96,182.37,185.16,187.99,-2.83,-1.5054,184677.17,3416688.22
20240624,183.0,187.99,183.0,186.98,185.16,1.82,0.9829,180354.9,3363422.626
20240625,187.0,189.2,185.6,186.32,186.98,-0.66,-0.353,144144.12,2696969.882
20240626,185.12,186.63,183.2,185.51,186.32,-0.81,-0.4347,104813.98,1940490.559
20240627,185.51,185.88,183.01,185.0,185.51,-0.51,-0.2749,126535.77,2330478.211
20240628,183.8,185.48,179.84,180.03,185.0,-4.97,-2.6865,194205.06,3539244.333
20240701,179.19,179.28,171.17,176.07,180.03,-3.96,-2.1996,269957.44,4709620.521
20240702,173.85,176.96,172.11,176.08,176.07,0.01,0.0057,144155.86,2529552.189
20240703,177.0,182.5,176.31,179.5,176.08,3.42,1.9423,162053.21,2906473.774
20240704,180.39,182.99,179.2,179.6,179.5,0.1,0.0557,118346.46,2137596.47
20240705,181.0,182.49,176.5,177.62,179.6,-1.98,-1.1024,135247.07,2414693.954
20240708,176.01,178.37,175.01,175.91,177.62,-1.71,-0.9627,108063.97,1907514.42
20240709,175.3,177.3,173.09,175.77,175.91,-0.14,-0.0796,164439.15,2876833.39
20240710,175.01,180.09,173.05,173.05,175.77,-2.72,-1.5475,177729.19,3123226.777
20240711,175.0,178.98,173.49,177.01,173.05,3.96,2.2884,208111.48,3678618.34
20240712,177.85,181.77,177.0,179.8,177.01,2.79,1.5762,195504.6,3523525.354
20240715,178.3,179.95,177.11,178.12,179.8,-1.68,-0.9344,114696.96,2041627.402
20240716,177.5,180.5,177.3,179.3,178.12,1.18,0.6625,151487.37,2710034.963
20240717,178.0,182.66,175.94,180.89,179.3,1.59,0.8868,185901.41,3346445.646
20240718,180.0,189.1,179.68,188.35,180.89,7.46,4.1241,319944.01,5957621.426
20240719,186.35,190.09,186.2,189.44,188.35,1.09,0.5787,208476.31,3929663.335
20240722,191.19,194.18,187.4,189.52,189.44,0.08,0.0422,171682.52,3259890.053
20240723,189.01,189.7,186.2,186.2,189.52,-3.32,-1.7518,119031.04,2233862.306
20240724,186.0,189.09,185.39,186.32,186.2,0.12,0.0644,144681.36,2708577.543
20240725,186.12,190.73,185.06,187.73,186.32,1.41,0.7568,205958.88,3863507.112
20240726,190.0,193.3,188.05,189.35,187.73,1.62,0.8629,233477.18,4436931.315
20240729,187.0,187.0,180.0,184.53,189.35,-4.82,-2.5456,213623.66,3918833.598
20240730,183.22,185.33,183.22,184.89,184.53,0.36,0.1951,127251.63,2349179.518
20240731,182.0,186.88,182.0,186.31,184.89,1.42,0.768,198969.4,3690880.179
20240801,185.0,186.0,180.1,180.3,186.31,-6.01,-3.2258,230126.59,4180640.118
20240802,179.0,180.0,176.74,177.09,180.3,-3.21,-1.7804,154936.85,2753866.402
20240805,175.01,180.19,175.0,177.0,177.09,-0.09,-0.0508,193476.59,3451887.572
20240806,178.41,179.39,173.71,174.95,177.0,-2.05,-1.1582,157687.03,2771240.102
20240807,174.95,176.23,173.67,173.67,174.95,-1.28,-0.7316,127539.59,2230380.711
20240808,173.01,173.6,170.12,172.4,173.67,-1.27,-0.7313,146589.96,2520197.34
20240809,173.6,174.87,170.0,170.0,172.4,-2.4,-1.3921,154129.89,2646422.84
20240812,170.57,171.12,166.8,169.0,170.0,-1.0,-0.5882,174155.81,2934605.438
20240813,168.89,174.96,168.38,173.78,169.0,4.78,2.8284,193892.56,3336604.796
20240814,172.99,174.45,171.72,172.21,173.78,-1.57,-0.9034,99662.85,1720375.362
20240815,172.0,174.6,171.29,173.4,172.21,1.19,0.691,144812.02,2511442.939
20240816,173.4,176.0,172.88,173.62,173.4,0.22,0.1269,111506.41,1941327.489
20240819,173.35,177.94,173.15,175.6,173.62,1.98,1.1404,140358.43,2473581.501
20240820,175.0,176.0,173.66,174.87,175.6,-0.73,-0.4157,84369.55,1475662.466
20240821,174.0,175.41,172.0,174.01,174.87,-0.86,-0.4918,111474.05,1940113.038
20240822,174.98,179.97,174.3,178.8,174.01,4.79,2.7527,199011.36,3536569.764
20240823,177.0,182.52,177.0,181.8,178.8,3.0,1.6779,184151.76,3332172.741
20240826,181.9,184.56,181.0,183.92,181.8,2.12,1.1661,148387.49,2717728.514
20240827,182.52,184.49,181.5,183.5,183.92,-0.42,-0.2284,99769.92,1827225.122
20240828,182.8,183.69,181.28,182.82,183.5,-0.68,-0.3706,106390.15,1940292.275
20240829,179.17,182.99,179.17,180.8,182.82,-2.02,-1.1049,156702.42,2839993.927
20240830,180.8,185.96,180.8,184.34,180.8,3.54,1.958,254291.71,4689604.094
20240902,184.44,185.59,181.0,181.19,184.34,-3.15,-1.7088,129851.76,2371406.002
20240903,180.3,186.7,180.02,185.65,181.19,4.46,2.4615,181968.86,3362146.073
20240904,185.32,189.0,184.85,187.15,185.65,1.5,0.808,165645.24,3101382.415
20240905,187.15,189.55,185.8,186.8,187.15,-0.35,-0.187,123182.15,2302962.597
20240906,186.12,188.5,185.4,185.95,186.8,-0.85,-0.455,75254.86,1404159.125
20240909,185.11,188.66,183.47,185.15,185.95,-0.8,-0.4302,134753.55,2494206.446
20240910,185.5,185.5,181.05,181.16,185.15,-3.99,-2.155,154244.13,2809100.737
20240911,182.4,187.78,181.16,186.56,181.16,5.4,2.9808,211970.83,3938430.663
20240912,188.0,192.16,186.71,189.35,186.56,2.79,1.4955,207099.86,3931885.573
20240913,188.88,188.88,183.5,183.5,189.35,-5.85,-3.0895,172872.88,3202147.524
20240918,183.6,187.43,183.29,186.4,183.5,2.9,1.5804,113778.95,2116044.596
20240919,187.0,188.22,183.6,186.9,186.4,0.5,0.2682,157694.09,2940618.897
20240920,186.9,187.9,183.68,185.6,186.9,-1.3,-0.6956,155027.03,2874252.972
20240923,186.66,189.43,185.5,188.2,185.6,2.6,1.4009,157925.49,2968348.168
20240924,191.96,198.17,188.89,197.52,188.2,9.32,4.9522,354517.35,6891613.102
20240925,207.39,207.4,202.59,203.1,197.52,5.58,2.825,420101.19,8606648.806
20240926,203.7,207.33,198.93,205.51,203.1,2.41,1.1866,354893.46,7190132.217
20240927,212.0,231.68,211.67,226.81,205.51,21.3,10.3645,701813.26,15567947.397
20240930,233.02,255.0,232.0,251.89,226.81,25.08,11.0577,913611.45,22246725.636
20241008,296.0,301.5,267.66,299.0,251.89,47.11,18.7026,1376464.79,39285155.658
20241009,279.9,279.99,255.0,255.0,299.0,-44.0,-14.7157,1086915.94,29017394.645
20241010,255.0,265.99,250.16,258.0,255.0,3.0,1.1765,608338.33,15786972.611
20241011,255.5,255.5,237.93,241.79,258.0,-16.21,-6.2829,476402.3,11668275.358
20241014,249.99,252.8,244.94,249.72,241.79,7.93,3.2797,467598.63,11671765.786
20241015,249.81,250.84,241.13,241.22,249.72,-8.5,-3.4038,327653.34,8057930.637
20241016,238.82,238.82,233.33,233.85,241.22,-7.37,-3.0553,335859.54,7918107.276
20241017,234.0,238.88,230.86,231.5,233.85,-2.35,-1.0049,261646.72,6135626.737
20241018,230.0,258.88,229.6,249.89,231.5,18.39,7.9438,680137.87,16734812.13
20241021,259.0,262.53,251.75,253.36,249.89,3.47,1.3886,584558.09,14972853.36
20241022,254.0,254.56,247.26,250.55,253.36,-2.81,-1.1091,278760.33,6986426.719
20241023,247.81,254.94,246.86,249.3,250.55,-1.25,-0.4989,321541.22,8076690.148
20241024,249.77,251.5,245.0,246.16,249.3,-3.14,-1.2595,214657.9,5297733.386
20241025,252.34,265.0,246.3,258.88,246.16,12.72,5.1674,578985.51,14887536.978
20241028,256.13,258.61,253.0,256.24,258.88,-2.64,-1.0198,276019.35,7053002.72
20241029,256.24,257.71,251.24,251.78,256.24,-4.46,-1.7406,269948.08,6853075.171
20241030,250.0,252.3,244.5,248.03,251.78,-3.75,-1.4894,271343.74,6734690.047
20241031,246.99,250.5,244.0,245.98,248.03,-2.05,-0.8265,255002.79,6286268.643
20241101,246.53,249.82,245.18,246.2,245.98,0.22,0.0894,259158.29,6418140.473
20241104,244.0,254.3,244.0,251.2,246.2,5.0,2.0309,242472.22,6074686.403
20241105,250.58,262.82,249.13,261.39,251.2,10.19,4.0565,484820.94,12547431.635
20241106,258.99,269.5,253.5,256.5,261.39,-4.89,-1.8708,452393.1,11840068.81
20241107,258.0,262.8,253.88,262.8,256.5,6.3,2.4561,335710.27,8698717.049
20241108,269.66,272.0,257.1,257.5,262.8,-5.3,-2.0167,402941.27,10612727.375
20241111,252.35,268.99,251.01,267.5,257.5,10.0,3.8835,491539.07,12844920.272
20241112,278.28,285.2,270.98,273.02,267.5,5.52,2.0636,744030.08,20764206.51
20241113,269.0,288.2,266.77,282.0,273.02,8.98,3.2891,557736.88,15410247.018
20241114,283.0,284.99,274.66,275.0,282.0,-7.0,-2.4823,426572.1,11940874.424
20241115,269.5,275.0,265.56,265.56,275.0,-9.44,-3.4327,351983.17,9488134.618
20241118,265.56,270.95,261.0,262.92,265.56,-2.64,-0.9941,306500.1,8135717.136
20241119,262.02,272.0,258.0,268.72,262.92,5.8,2.206,348128.87,9211079.121
20241120,266.95,269.9,264.6,267.55,268.72,-1.17,-0.4354,227087.78,6060616.029
20241121,265.66,271.43,263.66,268.26,267.55,0.71,0.2654,205508.27,5510533.65
20241122,267.93,269.0,258.88,259.1,268.26,-9.16,-3.4146,225551.01,5937579.845
20241125,263.06,266.56,261.18,264.1,259.1,5.0,1.9298,262390.71,6923644.963
20241126,261.57,263.97,255.66,256.72,264.1,-7.38,-2.7944,273604.05,7076484.876
20241127,254.7,260.9,251.47,259.9,256.72,3.18,1.2387,274006.65,7033615.362
20241128,259.2,259.53,253.5,254.7,259.9,-5.2,-2.0008,223555.98,5728197.56
20241129,251.23,267.99,251.23,261.24,254.7,6.54,2.5677,313662.72,8192074.188
20241202,258.64,263.55,257.21,262.19,261.24,0.95,0.3637,206475.47,5387882.834
20241203,261.0,262.99,259.0,261.84,262.19,-0.35,-0.1335,173107.89,4514867.562
20241204,260.0,262.0,257.5,258.97,261.84,-2.87,-1.0961,161813.95,4186965.339
20241205,257.99,258.95,255.01,256.0,258.97,-2.97,-1.1469,160215.8,4109014.222
20241206,256.0,269.9,255.0,266.55,256.0,10.55,4.1211,330381.36,8719647.874
20241209,266.99,269.66,264.41,268.05,266.55,1.5,0.5627,224560.9,6005103.479
20241210,281.28,281.5,269.33,270.57,268.05,2.52,0.9401,329044.36,9035442.04
20241211,273.96,279.5,266.52,267.1,270.57,-3.47,-1.2825,194008.21,5262014.872
20241212,265.9,275.38,265.2,273.71,267.1,6.61,2.4747,223295.14,6055502.392
20241213,269.88,272.0,266.0,267.03,273.71,-6.68,-2.4405,283164.41,7596460.115
20241216,266.22,269.5,264.05,267.2,267.03,0.17,0.0637,162575.08,4333963.457
20241217,267.0,278.0,266.54,273.8,267.2,6.6,2.4701,282146.1,7746201.691
20241218,274.31,274.73,270.31,271.41,273.8,-2.39,-0.8729,150853.29,4110472.403
20241219,269.26,272.35,266.62,269.79,271.41,-1.62,-0.5969,153460.18,4137668.599
20241220,269.79,270.8,260.32,262.71,269.79,-7.08,-2.6243,277400.98,7313368.051
20241223,262.71,268.88,262.71,263.5,262.71,0.79,0.3007,206393.83,5482614.221
20241224,263.0,268.25,263.0,268.23,263.5,4.73,1.7951,196153.52,5229920.632
20241225,268.91,270.91,266.26,267.97,268.23,-0.26,-0.0969,114138.1,3058526.68
20241226,267.2,267.2,261.0,261.25,267.97,-6.72,-2.5077,224437.62,5898437.344
20241227,260.57,263.42,255.0,262.0,261.25,0.75,0.2871,243519.18,6338085.457
20241230,260.88,267.5,260.51,266.58,262.0,4.58,1.7481,226313.52,6013633.017
20241231,265.09,270.5,265.09,266.0,266.58,-0.58,-0.2176,249339.52,6694555.731
20250102,266.25,266.3,257.0,258.78,266.0,-7.22,-2.7143,233545.76,6090661.831
20250103,258.78,263.0,257.21,257.63,258.78,-1.15,-0.4444,185237.58,4812148.522
20250106,258.0,260.0,253.0,256.75,257.63,-0.88,-0.3416,172890.77,4433101.113
20250107,243.0,252.0,241.08,249.45,256.75,-7.3,-2.8432,401035.99,9934923.664
20250108,245.99,248.31,243.32,245.34,249.45,-4.11,-1.6476,271857.52,6681628.785
20250109,241.35,250.25,241.16,247.33,245.34,1.99,0.8111,169328.78,4168600.176
20250110,246.5,249.95,244.68,246.0,247.33,-1.33,-0.5377,147294.33,3643092.329
20250113,243.5,250.0,242.0,246.91,246.0,0.91,0.3699,180922.26,4467775.091
20250114,247.71,257.0,245.21,256.2,246.91,9.29,3.7625,202467.34,5108567.635
20250115,256.2,256.4,249.67,250.87,256.2,-5.33,-2.0804,150626.65,3798504.6
20250116,252.0,254.6,248.26,249.93,250.87,-0.94,-0.3747,161883.78,4056598.314
20250117,248.5,253.5,248.08,251.5,249.93,1.57,0.6282,111066.0,2786220.135
20250120,256.5,267.61,256.31,265.52,251.5,14.02,5.5746,342834.97,9048642.227
20250121,268.5,268.76,263.22,264.18,265.52,-1.34,-0.5047,138933.06,3681448.144
20250122,262.0,264.9,254.21,258.0,264.18,-6.18,-2.3393,250407.37,6440345.376
20250123,259.85,262.5,256.98,257.5,258.0,-0.5,-0.1938,165536.88,4291744.662
20250124,256.01,264.78,256.01,260.62,256.27,4.35,1.6974,224397.96,5876198.26
20250127,260.63,262.97,257.0,257.0,260.62,-3.62,-1.389,171026.37,4460049.869
20250205,260.0,262.0,251.05,252.12,257.0,-4.88,-1.8988,240481.4,6141794.779
20250206,251.0,253.49,249.2,253.1,252.12,0.98,0.3887,248961.01,6261792.98
20250207,257.0,262.56,251.62,261.28,253.1,8.18,3.2319,344412.54,8922582.684
20250210,261.28,261.47,255.18,258.45,261.28,-2.83,-1.0831,229267.1,5928297.101
20250211,260.44,260.5,251.06,251.8,258.45,-6.65,-2.573,247919.8,6268157.35
20250212,250.01,256.0,247.08,255.3,251.8,3.5,1.39,273822.14,6902713.445
20250213,255.99,263.99,255.1,261.39,255.3,6.09,2.3854,375349.67,9803005.761
20250214,261.53,273.0,261.53,269.71,261.39,8.32,3.183,387800.3,10409880.413
20250217,274.9,274.9,266.02,269.4,269.71,-0.31,-0.1149,241829.6,6513084.026
20250218,272.96,275.5,269.0,270.77,269.4,1.37,0.5085,238457.55,6497674.093
20250219,268.57,276.0,268.55,273.55,270.77,2.78,1.0267,204455.39,5580141.096
20250220,272.8,272.8,267.0,270.2,273.55,-3.35,-1.2246,195890.01,5267400.819
20250221,268.58,276.88,267.78,275.55,270.2,5.35,1.98,309519.06,8443562.273
20250224,273.01,274.7,268.16,271.5,275.55,-4.05,-1.4698,277537.62,7510840.228
20250225,267.48,274.0,264.51,269.48,271.5,-2.02,-0.744,232093.75,6243748.571
20250226,271.45,272.88,267.18,268.62,269.48,-0.86,-0.3191,211730.74,5698649.75
20250227,270.27,271.7,267.67,270.0,268.62,1.38,0.5137,231851.1,6250587.95
20250228,269.6,271.31,263.61,264.3,270.0,-5.7,-2.1111,222654.58,5935077.345
20250303,265.0,279.3,262.24,273.53,264.3,9.23,3.4922,387364.03,10603328.988
20250304,270.0,271.0,262.73,263.0,273.53,-10.53,-3.8497,268365.42,7115460.892
20250305,263.0,263.89,258.5,260.99,263.0,-2.01,-0.7643,208696.1,5438997.026
20250306,262.25,265.53,261.0,264.31,260.99,3.32,1.2721,250273.21,6601078.272
20250307,262.96,263.58,258.68,260.76,264.31,-3.55,-1.3431,222871.08,5812794.649
20250310,261.8,261.86,253.61,256.5,260.76,-4.26,-1.6337,286750.74,7355227.161
20250311,253.07,255.5,253.05,255.2,256.5,-1.3,-0.5068,171350.77,4355529.583
20250312,256.01,256.62,251.49,254.5,255.2,-0.7,-0.2743,199146.9,5058919.204
20250313,254.0,259.2,253.0,253.22,254.5,-1.28,-0.5029,168851.5,4316530.459
20250314,253.0,264.85,252.65,262.0,253.22,8.78,3.4673,351089.35,9148092.797
20250317,263.1,265.47,255.74,256.0,262.0,-6.0,-2.2901,335154.86,8685706.367
20250318,258.0,260.78,255.5,257.0,256.0,1.0,0.3906,225767.32,5817534.421
20250319,257.2,266.97,256.78,265.39,257.0,8.39,3.2646,369541.2,9737109.379
20250320,265.39,266.5,261.02,262.15,265.39,-3.24,-1.2208,144246.53,3794188.02
20250321,262.68,264.53,255.67,256.0,262.15,-6.15,-2.346,194320.06,5026360.932
20250324,257.7,258.98,256.28,258.16,256.0,2.16,0.8438,167302.17,4311680.873
20250325,257.71,260.0,255.29,259.48,258.16,1.32,0.5113,127857.78,3303477.32
20250326,259.4,262.7,256.7,256.92,259.48,-2.56,-0.9866,129046.26,3336108.308
20250327,256.19,262.8,254.25,258.88,256.92,1.96,0.7629,141792.06,3675726.42
20250328,256.11,258.88,255.8,256.8,258.88,-2.08,-0.8035,112420.68,2888588.258
20250331,256.06,257.98,252.12,252.94,256.8,-3.86,-1.5031,194633.55,4951863.266
20250401,252.94,254.5,248.58,249.06,252.94,-3.88,-1.534,194162.08,4862442.756
20250402,250.2,252.46,247.56,249.14,249.06,0.08,0.0321,137321.12,3433096.886
20250403,245.0,247.7,242.55,243.08,249.14,-6.06,-2.4324,232816.39,5693962.717
20250407,226.09,230.0,209.11,215.22,243.08,-27.86,-11.4612,723645.82,15811389.636
20250408,219.95,225.0,216.4,219.05,215.22,3.83,1.7796,476594.21,10471952.816
20250409,212.92,218.75,210.09,211.39,219.05,-7.66,-3.4969,536023.39,11459705.354
20250410,221.0,222.79,215.46,217.98,211.39,6.59,3.1175,372741.19,8168675.412
20250411,216.0,225.55,214.7,224.0,217.98,6.02,2.7617,302991.15,6696905.325
20250414,227.15,228.0,222.68,224.0,224.0,0.0,0.0,206965.04,4642121.045
20250415,226.0,230.45,225.12,228.15,224.0,4.15,1.8527,266865.42,6087451.73
20250416,227.0,227.18,221.55,224.89,228.15,-3.26,-1.4289,216550.96,4838764.472
20250417,223.0,227.33,222.22,226.0,224.89,1.11,0.4936,157376.59,3551280.611
20250418,225.21,226.5,223.66,225.46,226.0,-0.54,-0.2389,115127.94,2588857.715
20250421,225.46,235.0,224.18,231.36,225.46,5.9,2.6169,220081.91,5088523.082
20250422,230.0,231.16,227.2,230.69,226.82,3.87,1.7062,169354.23,3885729.764
20250423,235.0,238.75,233.0,233.35,230.69,2.66,1.1531,191979.8,4507058.716
20250424,234.5,238.66,232.25,236.87,233.35,3.52,1.5085,181554.39,4297351.278
20250425,237.2,237.92,235.09,236.6,236.87,-0.27,-0.114,127619.89,3016796.565
20250428,238.25,238.26,233.2,234.85,236.6,-1.75,-0.7396,143124.32,3357178.149
20250429,234.0,234.8,230.72,232.03,234.85,-2.82,-1.2008,167424.35,3892978.724
20250430,233.05,234.38,231.5,231.5,232.03,-0.53,-0.2284,156328.35,3635403.837
20250506,233.91,236.3,231.2,231.63,231.5,0.13,0.0562,196876.79,4591289.27
20250507,236.45,240.88,236.08,238.61,231.63,6.98,3.0134,312809.85,7444719.327
20250508,239.49,248.68,237.98,244.57,238.61,5.96,2.4978,312856.4,7666995.082
20250509,246.07,249.77,244.65,248.27,244.57,3.7,1.5129,236933.17,5858468.264
20250512,255.0,257.99,253.0,257.0,248.27,8.73,3.5163,302315.06,7731591.601
20250513,262.0,262.0,255.02,258.77,257.0,1.77,0.6887,204805.91,5281511.475
20250514,258.77,264.46,256.01,262.6,258.77,3.83,1.4801,231463.07,6020688.165
20250515,262.62,262.87,259.6,260.18,262.6,-2.42,-0.9216,141118.93,3685574.614
20250516,259.14,261.73,257.73,259.36,260.18,-0.82,-0.3152,189000.58,4904611.048
20250519,260.5,260.54,257.27,260.0,259.36,0.64,0.2468,169740.17,4399897.903
20250520,264.44,265.5,255.2,263.0,260.0,3.0,1.1538,346423.64,9053425.367
20250521,266.99,279.99,265.8,274.08,263.0,11.08,4.2129,565245.17,15470587.405
20250522,277.8,277.94,268.27,270.37,274.08,-3.71,-1.3536,276081.18,7470701.467
20250523,271.01,274.0,266.95,266.99,270.37,-3.38,-1.2501,230003.52,6218224.097
20250526,265.0,266.38,252.9,255.9,266.99,-11.09,-4.1537,330122.15,8477228.63
20250527,255.89,257.21,252.39,253.99,255.9,-1.91,-0.7464,176679.95,4491281.266
20250528,255.61,258.27,253.32,253.6,253.99,-0.39,-0.1535,154562.65,3946773.465
20250529,253.0,253.98,249.0,251.85,253.6,-1.75,-0.6901,217882.85,5487937.548
20250530,250.9,252.65,247.47,250.0,251.85,-1.85,-0.7346,204337.47,5107325.148
20250603,252.0,253.9,250.44,251.15,250.0,1.15,0.46,158411.66,3989341.996
20250604,252.5,253.6,250.7,251.05,251.15,-0.1,-0.0398,130401.95,3285855.859
20250605,251.36,252.44,248.27,251.5,251.05,0.45,0.1792,135258.51,3386751.735
20250606,252.0,253.33,248.5,248.88,251.5,-2.62,-1.0417,165514.74,4138221.07
20250609,248.88,250.88,245.5,245.58,248.88,-3.3,-1.3259,185497.57,4593124.638
20250610,245.0,246.86,242.22,243.14,245.58,-2.44,-0.9936,139324.59,3406606.343
20250611,246.09,252.44,244.8,250.5,243.14,7.36,3.0271,279934.04,7006354.613
20250612,252.0,252.5,248.77,249.81,250.5,-0.69,-0.2754,175696.17,4386403.721
20250613,248.1,250.41,246.37,248.2,249.81,-1.61,-0.6445,174032.45,4322411.796
20250616,248.0,248.7,245.8,246.66,248.2,-1.54,-0.6205,122175.71,3013514.215
20250617,246.96,248.43,245.22,246.26,246.66,-0.4,-0.1622,97650.24,2407928.75
20250618,246.98,249.58,245.57,245.57,246.26,-0.69,-0.2802,104605.61,2586543.839
20250619,245.3,246.16,241.6,242.1,245.57,-3.47,-1.413,147984.56,3604508.604
20250620,241.06,243.12,239.5,240.26,242.1,-1.84,-0.76,136883.4,3293985.957
20250623,239.3,240.6,238.03,239.61,240.26,-0.65,-0.2705,127099.27,3040680.713
20250624,240.58,248.08,240.58,245.92,239.61,6.31,2.6334,235010.81,5767361.454
20250625,246.5,255.88,246.0,254.9,245.92,8.98,3.6516,315377.23,7930320.892
20250626,255.88,256.29,252.36,252.79,254.9,-2.11,-0.8278,199145.3,5062386.537
20250627,256.5,257.45,250.11,250.99,252.79,-1.8,-0.7121,236200.67,5985026.676
20250630,251.5,253.5,249.7,252.22,250.99,1.23,0.4901,176233.7,4434817.078
20250701,252.5,252.74,249.88,251.5,252.22,-0.72,-0.2855,95322.58,2395104.336
20250702,251.5,252.01,249.19,250.45,251.5,-1.05,-0.4175,115713.74,2897311.834
20250703,251.47,263.21,250.59,262.59,250.45,12.14,4.8473,338037.47,8746803.693
20250704,265.01,269.98,260.98,265.8,262.59,3.21,1.2224,272060.13,7214227.943
20250707,265.8,268.88,258.88,260.89,265.8,-4.91,-1.8473,174664.98,4568972.965
20250708,260.7,265.9,259.82,263.31,260.89,2.42,0.9276,155922.92,4104293.094
20250709,262.2,274.46,262.1,270.8,263.31,7.49,2.8446,293883.71,7948423.739
20250710,274.99,274.99,268.5,272.0,270.8,1.2,0.4431,242393.49,6594201.202
20250711,271.5,274.0,270.1,271.5,272.0,-0.5,-0.1838,213281.53,5798544.034
20250714,271.0,271.32,266.1,268.5,271.5,-3.0,-1.105,149788.84,4013693.003
20250715,268.5,272.5,266.0,267.75,268.5,-0.75,-0.2793,169526.49,4553827.628
20250716,268.5,268.7,263.04,264.4,267.75,-3.35,-1.2512,156264.79,4135841.242
20250717,265.37,267.75,264.36,265.5,264.4,1.1,0.416,145110.17,3852746.251
20250718,268.7,272.45,265.8,271.2,265.5,5.7,2.1469,221865.58,5981601.235
20250721,277.0,282.0,273.55,279.66,271.2,8.46,3.1195,324862.75,9047295.149
20250722,280.0,290.0,279.18,286.66,279.66,7.0,2.503,333090.29,9468912.161
20250723,288.16,290.75,286.59,287.02,286.66,0.36,0.1256,200189.74,5772653.126
20250724,289.0,289.2,282.91,285.2,287.02,-1.82,-0.6341,223891.14,6394082.072
20250725,285.2,285.2,281.75,282.8,285.2,-2.4,-0.8415,134326.01,3802835.26
20250728,283.02,289.09,281.3,286.3,282.8,3.5,1.2376,238973.36,6830867.029
20250729,286.7,292.0,286.68,291.82,286.3,5.52,1.928,233945.55,6785427.583
20250730,292.2,292.2,276.36,277.09,291.82,-14.73,-5.0476,415943.01,11712764.593
20250731,280.8,281.98,264.62,264.62,277.09,-12.47,-4.5003,447103.55,12088514.551
20250801,264.8,266.6,262.75,263.07,264.62,-1.55,-0.5857,252500.02,6682814.646
20250804,263.0,268.0,261.7,266.48,263.07,3.41,1.2962,237681.68,6286238.371
20250805,267.5,269.0,263.5,265.7,266.48,-0.78,-0.2927,219760.4,5844478.67
20250806,265.22,266.9,263.23,265.0,265.7,-0.7,-0.2635,153233.11,4058482.396
20250807,265.0,266.49,262.2,263.05,265.0,-1.95,-0.7358,165481.04,4363462.114
20250808,264.0,266.16,262.01,263.48,263.05,0.43,0.1635,174282.16,4604736.203
20250811,263.48,266.15,262.5,263.66,263.48,0.18,0.0683,213308.76,5627553.11
20250812,263.5,265.18,257.72,263.25,263.66,-0.41,-0.1555,222407.39,5829140.856
20250813,264.77,275.0,264.51,273.6,263.25,10.35,3.9316,394667.69,10661084.797
20250814,276.89,282.0,274.48,279.89,273.6,6.29,2.299,371707.57,10378442.059
20250815,278.38,282.3,276.1,280.67,279.89,0.78,0.2787,241091.69,6735591.187
20250818,280.67,285.48,278.02,283.0,280.67,2.33,0.8302,285287.93,8056186.542
20250819,283.0,284.0,276.22,277.8,283.0,-5.2,-1.8375,244285.85,6816442.573
20250820,277.5,279.99,272.05,279.2,276.8,2.4,0.8671,233534.92,6414344.337
20250821,279.27,281.8,278.0,279.0,279.2,-0.2,-0.0716,182698.14,5103914.721
20250822,278.93,289.35,278.6,287.18,279.0,8.18,2.9319,264218.51,7543698.628
20250825,290.0,293.88,286.78,290.28,287.18,3.1,1.0795,312297.2,9046692.965
20250826,287.02,290.99,285.58,289.5,290.28,-0.78,-0.2687,230244.62,6648848.315
20250827,289.0,289.54,278.19,278.3,289.5,-11.2,-3.8687,382584.29,10859010.3
20250828,276.06,278.99,272.72,277.41,278.3,-0.89,-0.3198,304664.01,8407974.991
20250829,278.31,316.66,277.95,306.18,277.41,28.77,10.3709,780138.92,23482893.637
20250901,306.5,306.9,299.3,304.0,306.18,-2.18,-0.712,429964.21,13012795.663
20250902,304.03,311.1,299.03,302.87,304.0,-1.13,-0.3717,371168.89,11289093.083
20250903,303.5,311.65,303.03,309.0,302.87,6.13,2.024,508974.73,15640548.986
20250904,313.47,323.33,300.63,304.03,309.0,-4.97,-1.6084,657547.54,20442631.453
20250905,299.9,325.11,299.82,325.11,304.03,21.08,6.9335,708197.79,22440211.716
20250908,334.0,337.65,323.5,325.37,325.11,0.26,0.08,588345.78,19349632.049
20250909,322.8,334.58,317.16,320.0,325.37,-5.37,-1.6504,434023.97,14085497.658
20250910,317.99,322.0,313.0,316.04,320.0,-3.96,-1.2375,367526.83,11649703.595
20250911,315.55,322.98,309.04,322.55,316.04,6.51,2.0599,380344.6,12060756.827
20250912,325.9,329.9,322.2,325.0,322.55,2.45,0.7596,338713.16,11031032.653
20250915,346.01,371.52,344.02,354.7,325.0,29.7,9.1385,718410.23,25586615.241
20250916,356.11,359.0,348.5,353.42,354.7,-1.28,-0.3609,377444.65,13325722.242
20250917,356.8,381.88,354.0,377.1,353.42,23.68,6.7002,543771.0,20113064.234
20250918,374.59,380.0,360.8,366.89,377.1,-10.21,-2.7075,518896.9,19308545.614
20250919,365.0,375.71,361.72,368.49,366.89,1.6,0.4361,339148.86,12515443.887
20250922,370.5,372.72,362.78,370.05,368.49,1.56,0.4233,285277.63,10474484.764
20250923,368.0,376.96,360.0,368.15,370.05,-1.9,-0.5134,348493.15,12813882.35
20250924,371.0,380.0,366.06,379.93,368.15,11.78,3.1998,383145.48,14311189.086
20250925,376.6,402.59,376.47,392.85,379.93,12.92,3.4006,466393.38,18251421.708
20250926,392.02,399.99,380.0,380.4,392.85,-12.45,-3.1691,362633.26,14106499.742
20250929,386.34,399.89,386.01,397.37,380.4,16.97,4.4611,389647.45,15381134.07
20250930,396.0,408.88,396.0,402.0,397.37,4.63,1.1652,330313.1,13278445.667
20251009,399.98,424.36,399.74,409.89,402.0,7.89,1.9627,412088.23,16989122.538
20251010,401.0,403.8,379.01,381.95,409.89,-27.94,-6.8165,533117.98,20684330.795
20251013,362.86,384.6,362.86,374.5,381.95,-7.45,-1.9505,471509.98,17618650.277
20251014,381.0,385.8,355.77,358.0,374.5,-16.5,-4.4059,496399.39,18319370.881
20251015,358.5,369.71,354.76,369.3,358.0,11.3,3.1564,369933.55,13383852.917
20251016,367.5,373.9,364.5,368.5,369.3,-0.8,-0.2166,276294.67,10185159.269
20251017,367.5,375.0,356.99,358.14,368.5,-10.36,-2.8114,319057.61,11588825.855
20251020,365.0,368.89,359.53,366.5,358.14,8.36,2.3343,284324.2,10372513.059
20251021,373.0,381.35,363.1,375.9,366.5,9.4,2.5648,446328.7,16784956.526
20251022,375.9,378.88,368.2,372.86,375.9,-3.04,-0.8087,219458.79,8178934.535
20251023,373.8,378.8,369.0,376.45,372.86,3.59,0.9628,239980.98,8982628.027
20251024,379.97,387.8,378.0,385.77,376.45,9.32,2.4758,320415.78,12276721.104
20251027,393.0,393.0,376.57,386.18,385.77,0.41,0.1063,404510.18,15542852.577
20251028,386.16,393.8,383.02,386.48,386.18,0.3,0.0777,287082.95,11160796.766
20251029,386.0,400.04,384.7,400.0,386.48,13.52,3.4982,344740.46,13644645.226
20251030,405.98,409.08,396.83,398.29,400.0,-1.71,-0.4275,343060.88,13797530.229
20251031,398.0,406.8,388.2,388.77,398.29,-9.52,-2.3902,340483.5,13515773.431
20251103,387.0,391.91,375.77,386.86,388.77,-1.91,-0.4913,263681.77,10106566.781
20251104,383.06,386.5,374.0,378.95,386.86,-7.91,-2.0447,239390.74,9091842.153
20251105,372.85,393.0,372.0,388.7,378.95,9.75,2.5729,311425.32,11937586.811
20251106,390.0,399.49,388.7,394.68,388.7,5.98,1.5385,234474.77,9261688.312
20251107,393.5,397.51,388.88,395.37,394.68,0.69,0.1748,165548.92,6516185.371
20251110,398.4,400.31,383.32,384.51,395.37,-10.86,-2.7468,238959.91,9267204.047
20251111,386.0,394.77,384.5,385.6,384.51,1.09,0.2835,193031.75,7500041.113
20251112,390.78,392.99,383.98,386.38,385.6,0.78,0.2023,212998.25,8261238.197
20251113,385.05,421.3,385.05,415.6,386.38,29.22,7.5625,562654.49,22945441.956
20251114,407.0,414.6,403.88,404.12,415.6,-11.48,-2.7623,241721.2,9879119.548
20251117,388.0,392.4,382.5,390.78,404.12,-13.34,-3.301,476855.03,18542294.255
20251118,389.0,398.63,381.0,385.0,390.78,-5.78,-1.4791,395658.14,15353867.657
20251119,385.5,398.44,384.96,391.1,385.0,6.1,1.5844,292666.86,11462348.543
20251120,394.9,395.0,377.01,379.39,391.1,-11.71,-2.9941,336742.85,12895238.923
20251121,375.0,383.0,370.0,370.0,379.39,-9.39,-2.475,316313.35,11850710.342
20251124,373.8,374.9,367.18,370.55,370.0,0.55,0.1486,228458.19,8464724.008
20251125,375.0,379.66,370.59,372.36,370.55,1.81,0.4885,206332.46,7733117.132
20251126,375.5,375.5,370.07,372.82,372.36,0.46,0.1235,189106.6,7048903.988
20251127,373.0,378.88,370.0,371.2,372.82,-1.62,-0.4345,222002.59,8289124.681
20251128,370.5,375.48,366.16,373.2,371.2,2.0,0.5388,203402.63,7542337.298
20251201,374.76,382.97,374.03,382.97,373.2,9.77,2.6179,267510.13,10120862.871
20251202,383.5,384.98,377.4,380.08,382.97,-2.89,-0.7546,163484.61,6220569.502
20251203,380.09,383.37,375.0,376.08,380.08,-4.0,-1.0524,139911.35,5294871.743
20251204,379.19,383.6,375.15,383.35,376.08,7.27,1.9331,191658.09,7299943.081
20251205,387.2,389.31,382.0,389.09,383.35,5.74,1.4973,232915.59,9004580.816
20251208,390.43,395.38,385.5,392.5,389.09,3.41,0.8764,216597.58,8476698.7
20251209,391.5,392.26,386.0,387.59,392.5,-4.91,-1.251,186917.73,7255076.087
20251210,385.05,388.0,377.26,382.38,387.59,-5.21,-1.3442,194334.05,7399361.241
20251211,384.9,398.86,383.38,388.99,382.38,6.61,1.7286,282153.78,11089031.995
20251212,392.0,393.39,385.5,391.8,388.99,2.81,0.7224,240020.22,9355490.916
20251215,391.5,394.97,385.21,385.5,391.8,-6.3,-1.608,182749.93,7099251.459
20251216,386.0,389.08,378.03,378.41,385.5,-7.09,-1.8392,191216.76,7292054.835
20251217,376.45,384.5,375.06,383.42,378.41,5.01,1.324,222574.08,8453303.234
20251218,379.57,380.95,370.01,372.0,383.42,-11.42,-2.9785,296392.83,11079385.459
20251219,374.08,377.68,370.8,374.0,372.0,2.0,0.5376,175599.45,6572807.89
20251222,376.0,377.99,368.1,371.84,374.0,-2.16,-0.5775,254935.38,9489773.616
20251223,372.0,380.5,371.6,378.1,371.84,6.26,1.6835,236040.86,8879315.764
20251224,378.08,378.08,372.0,375.6,378.1,-2.5,-0.6612,210883.87,7902857.946
20251225,374.21,374.21,369.12,373.01,375.6,-2.59,-0.6896,203431.44,7559336.244
20251226,372.96,378.0,370.1,374.43,373.01,1.42,0.3807,257236.89,9616116.053
20251229,374.0,374.43,368.0,369.31,374.43,-5.12,-1.3674,241240.72,8924502.783
20251230,367.1,371.0,366.56,369.2,369.31,-0.11,-0.0298,190308.21,7014015.794
20251231,369.79,372.0,367.15,367.26,369.2,-1.94,-0.5255,160265.97,5920431.545
20260105,370.0,378.0,368.19,377.5,367.26,10.24,2.7882,336881.35,12583419.574
20260106,380.0,380.5,369.04,373.99,377.5,-3.51,-0.9298,341477.1,12764795.667
20260107,372.95,375.48,368.49,371.01,373.99,-2.98,-0.7968,262285.35,9730943.679
20260108,368.0,373.33,367.0,369.21,371.01,-1.8,-0.4852,269590.35,9962397.48
20260109,369.17,377.63,367.01,369.23,369.21,0.02,0.0054,314771.87,11681035.309
20260112,368.0,368.0,351.66,361.68,369.23,-7.55,-2.0448,488307.39,17505537.199
20260113,366.25,367.77,357.0,359.0,361.68,-2.68,-0.741,296709.2,10745692.37
20260114,360.03,361.22,351.71,353.98,359.0,-5.02,-1.3983,380833.65,13553362.724
20260115,352.75,358.28,351.8,353.75,353.98,-0.23,-0.065,323709.12,11474019.06
20260116,357.99,361.72,351.51,352.32,353.75,-1.43,-0.4042,319818.42,11350569.563
20260119,351.47,355.34,345.33,348.9,352.32,-3.42,-0.9707,338642.84,11842421.264
20260120,350.0,356.91,347.9,349.6,348.9,0.7,0.2006,354405.89,12466608.9
20260121,351.94,357.69,349.0,349.81,349.6,0.21,0.0601,393935.73,13919426.405
20260122,351.03,353.73,339.5,345.8,349.81,-4.01,-1.1463,459948.18,15851213.229
20260123,348.01,350.0,343.25,347.0,345.8,1.2,0.347,339761.27,11775914.386
20260126,352.02,352.55,341.21,342.05,347.0,-4.95,-1.4265,332913.86,11468681.279
20260127,344.89,344.9,334.02,339.4,342.05,-2.65,-0.7747,322948.85,10953698.562
20260128,337.88,344.0,333.01,339.99,339.4,0.59,0.1738,463081.71,15638344.009
20260129,340.5,345.16,338.16,341.89,339.99,1.9,0.5588,338444.19,11569006.794
20260130,348.4,353.76,344.1,350.0,341.89,8.11,2.3721,486501.15,17048600.0
20260202,357.0,357.99,344.13,348.98,350.0,-1.02,-0.2914,391917.47,13766144.458
20260203,349.0,352.8,343.5,347.91,348.98,-1.07,-0.3066,265163.25,9220045.792
20260204,350.96,366.65,347.51,365.03,347.91,17.12,4.9208,485316.85,17369398.062
20260205,365.77,366.75,356.02,362.94,365.03,-2.09,-0.5726,284271.57,10268243.283
20260206,359.32,372.88,358.01,369.11,362.94,6.17,1.7,393726.18,14514523.059
20260209,370.5,372.5,362.6,368.82,369.11,-0.29,-0.0786,274486.3,10080946.319
20260210,365.17,370.8,364.0,364.97,368.82,-3.85,-1.0439,185634.99,6798020.174
20260211,366.9,370.99,364.5,368.0,364.97,3.03,0.8302,196534.59,7239804.071
20260212,370.0,377.88,368.03,375.87,368.0,7.87,2.1386,277545.8,10410892.196
20260213,375.61,377.0,365.01,365.34,375.87,-10.53,-2.8015,223145.32,8229700.941
20260224,372.64,373.5,361.95,361.95,365.34,-3.39,-0.9279,226951.31,8316534.693
20260225,363.69,366.6,360.1,362.18,361.95,0.23,0.0635,187166.39,6802110.619
20260226,356.05,358.2,343.5,346.0,362.18,-16.18,-4.4674,435413.81,15108143.01
20260227,347.12,348.94,342.01,342.01,346.0,-3.99,-1.1532,254466.2,8775054.149
20260302,341.0,344.9,336.68,340.22,342.01,-1.79,-0.5234,283513.26,9643254.984
20260303,346.33,354.35,344.03,344.07,340.22,3.85,1.1316,400074.79,13919957.238
20260304,341.1,342.02,334.2,338.9,344.07,-5.17,-1.5026,250804.41,8468604.902
20260305,344.58,353.85,342.66,350.25,338.9,11.35,3.3491,310060.68,10819502.021
20260306,349.0,357.02,344.66,354.77,350.25,4.52,1.2905,209631.13,7388868.682
20260309,348.84,359.85,345.06,357.5,354.77,2.73,0.7695,317976.13,11217996.825
20260310,375.0,379.77,366.5,376.3,357.5,18.8,5.2587,507417.28,19049080.513
20260311,379.58,403.55,378.98,396.8,376.3,20.5,5.4478,575986.85,22642696.276
20260312,400.0,400.9,392.7,395.5,396.8,-1.3,-0.3276,291503.75,11537671.607
20260313,393.88,403.99,393.8,397.0,395.5,1.5,0.3793,355826.39,14201304.444
20260316,401.77,413.17,398.0,408.4,397.0,11.4,2.8715,373521.04,15195015.005
20260317,415.78,420.0,404.56,405.0,408.4,-3.4,-0.8325,359806.78,14787230.79
20260318,405.36,406.0,396.77,402.02,405.0,-2.98,-0.7358,265299.96,10653633.584
20260319,401.94,414.0,400.0,400.5,402.02,-1.52,-0.3781,292866.35,11867380.765
20260320,405.08,422.08,400.13,413.0,400.5,12.5,3.1211,537296.77,22252017.693
20260323,417.33,417.36,398.75,401.99,413.0,-11.01,-2.6659,446141.45,18193336.487
20260324,405.0,411.9,388.0,396.99,401.99,-5.0,-1.2438,364105.25,14439124.61
20260325,393.0,400.5,387.8,397.81,396.99,0.82,0.2066,267528.28,10553996.247
20260326,393.84,413.72,392.0,402.5,397.81,4.69,1.179,267636.97,10811439.764
20260327,406.12,418.33,401.73,416.18,402.5,13.68,3.3988,302580.43,12465856.864
20260330,413.0,418.85,405.6,413.0,416.18,-3.18,-0.7641,253484.19,10440376.424
20260331,413.0,416.95,401.58,401.7,413.0,-11.3,-2.7361,249256.45,10159878.346
20260401,409.73,409.87,396.0,405.71,401.7,4.01,0.9983,231700.73,9384266.504
20260402,407.9,411.99,397.2,401.17,405.71,-4.54,-1.119,223056.38,8988161.794
20260403,400.0,400.8,385.13,386.46,401.17,-14.71,-3.6668,247515.01,9640031.385
20260407,389.98,393.2,381.49,384.59,386.46,-1.87,-0.4839,172576.22,6675632.984
20260408,396.5,397.65,388.22,391.3,384.59,6.71,1.7447,364184.43,14315333.338
20260409,394.1,394.28,386.66,389.99,391.3,-1.31,-0.3348,259551.99,10132744.607
20260410,394.0,419.0,392.68,416.0,389.99,26.01,6.6694,507887.02,20752496.341
20260413,418.0,433.33,416.0,427.13,416.0,11.13,2.6755,412399.24,17625505.878
20260414,421.5,432.49,414.4,430.79,427.13,3.66,0.8569,442208.26,18663656.303
20260415,438.88,439.46,427.07,431.0,430.79,0.21,0.0487,373536.28,16122379.46
20260416,441.0,460.0,433.02,453.98,431.0,22.98,5.3318,635062.18,28517416.468
20260417,455.96,457.64,441.01,444.2,453.98,-9.78,-2.1543,365358.48,16290232.436
20260420,433.0,437.9,426.01,432.5,444.2,-11.7,-2.6339,529278.21,22768028.85
20260421,435.0,450.13,425.1,447.6,432.5,15.1,3.4913,577745.62,25412275.749
20260422,441.01,447.97,433.13,436.35,440.69,-4.34,-0.9848,460254.32,20173924.648
20260423,443.5,443.6,435.0,438.9,436.35,2.55,0.5844,354309.66,15566836.621
20260424,442.0,448.45,438.0,444.9,438.9,6.0,1.3671,395424.97,17517374.359
20260427,444.63,448.76,433.8,434.88,444.9,-10.02,-2.2522,330612.83,14514326.132
20260428,426.19,433.3,423.0,427.67,434.88,-7.21,-1.6579,350121.13,14992134.063
20260429,432.0,445.15,428.0,445.0,427.67,17.33,4.0522,376335.6,16473164.318
20260430,446.5,449.5,436.0,436.0,445.0,-9.0,-2.0225,298120.94,13127297.982
20260506,457.5,465.88,448.63,460.0,436.0,24.0,5.5046,473727.18,21679900.613
20260507,468.75,468.75,447.0,451.64,460.0,-8.36,-1.8174,386212.74,17551196.925
20260508,449.0,455.5,436.2,437.0,451.64,-14.64,-3.2415,366048.51,16224287.222
20260511,440.0,450.51,435.1,446.11,437.0,9.11,2.0847,341901.01,15198345.088
20260512,446.59,446.85,429.29,431.25,446.11,-14.86,-3.331,341514.97,14869224.128
20260513,431.01,436.58,427.08,434.05,431.25,2.8,0.6493,316858.23,13668347.814
20260514,449.38,450.45,427.0,427.0,434.05,-7.05,-1.6242,347046.14,15157645.64
20260515,428.08,431.5,421.0,423.6,427.0,-3.4,-0.7963,297048.93,12638150.862
20260518,420.58,422.9,414.0,417.23,423.6,-6.37,-1.5038,284983.47,11894351.176
20260519,415.86,419.9,406.8,417.92,417.23,0.69,0.1654,260876.68,10805349.153
20260520,417.0,422.99,412.66,414.75,417.92,-3.17,-0.7585,281190.31,11734883.868
20260521,419.87,427.62,411.42,411.63,414.75,-3.12,-0.7523,338671.72,14239107.293
20260522,414.7,416.5,410.0,411.16,411.63,-0.47,-0.1142,277883.81,11472585.703
20260525,411.28,414.5,400.0,402.88,411.16,-8.28,-2.0138,381977.1,15479408.962
20260526,406.19,408.77,400.36,402.5,402.88,-0.38,-0.0943,350627.03,14152427.064
20260527,413.92,428.9,411.29,414.8,402.5,12.3,3.0559,533728.88,22373358.897
20260528,420.0,420.58,406.2,415.68,414.8,0.88,0.2122,327771.49,13502296.107
20260529,423.0,430.86,416.55,424.0,415.68,8.32,2.0015,498118.91,21139031.904
20260601,432.1,438.24,418.18,420.1,424.0,-3.9,-0.9198,386004.52,16554495.936
20260602,425.0,437.75,423.0,433.89,420.1,13.79,3.2826,387981.6,16719046.201
20260603,437.0,437.0,420.1,426.42,433.89,-7.47,-1.7216,385526.08,16460790.913
20260604,426.42,426.9,407.18,408.2,426.42,-18.22,-4.2728,431154.62,17788218.035
20260605,407.89,412.65,402.7,403.0,408.2,-5.2,-1.2739,287389.3,11711423.57
20260608,395.8,402.68,390.7,393.02,403.0,-9.98,-2.4764,286526.36,11335280.87
20260609,399.99,401.87,388.0,399.5,393.02,6.48,1.6488,277351.47,10926469.6166
20260610,395.28,399.0,385.12,388.5,399.5,-11.0,-2.7534,244357.15,9535581.22717
20260611,386.98,391.34,380.03,382.2,388.5,-6.3,-1.6216,268654.47,10301875.9156
20260612,389.99,399.54,383.3,394.85,382.2,12.65,3.3098,414208.38,16278999.8834
20260615,402.0,407.9,393.41,398.1,394.85,3.25,0.8231,340748.82,13613555.7012
20260616,408.88,409.02,398.5,403.53,398.1,5.43,1.364,348392.62,14107808.7348
20260617,400.0,403.3,395.58,399.0,403.53,-4.53,-1.1226,250092.64,9965557.90566
20260618,400.39,409.89,389.92,391.55,399.0,-7.45,-1.8672,385481.05,15327443.707
20260622,393.0,413.33,386.0,408.98,391.55,17.43,4.4515,594648.44,23926025.746
20260623,411.0,414.04,390.73,392.51,408.98,-16.47,-4.0271,373740.94,14957779.3941
20260624,392.0,399.27,386.66,395.36,392.51,2.85,0.7261,344270.57,13521407.6757
20260625,399.88,402.55,392.58,401.9,395.36,6.54,1.6542,324046.38,12900279.0381
20260626,401.0,409.81,381.0,381.0,401.9,-20.9,-5.2003,465253.03,18133875.4675
20260629,386.96,396.0,378.2,392.36,381.0,11.36,2.9816,425259.08,16529881.6525
20260630,392.49,402.36,390.0,393.01,392.36,0.65,0.1657,270383.46,10665434.439
20260701,390.0,391.0,370.0,383.84,393.01,-9.17,-2.3333,440885.79,16758898.184
20260702,387.68,390.99,380.39,382.35,383.84,-1.49,-0.3882,340754.35,13139767.2594
20260703,381.96,387.95,379.0,380.0,382.35,-2.35,-0.6146,258849.4,9910832.54224
20260706,379.23,381.89,374.05,374.51,380.0,-5.49,-1.4447,216480.05,8167456.24112
20260707,376.0,378.88,370.76,372.49,374.51,-2.02,-0.5394,208485.82,7796643.16818
20260708,374.0,376.68,361.0,361.0,372.49,-11.49,-3.0846,270518.74,9902742.68932
20260709,361.0,376.66,360.07,375.5,361.0,14.5,4.0166,377941.62,13905775.6698
20260710,375.0,375.2,346.16,348.76,375.5,-26.74,-7.1212,556013.55,19867664.6072
20260713,349.0,362.0,348.0,359.06,348.76,10.3,2.9533,462906.81,16540015.1632
20260714,352.6,364.63,352.49,364.01,359.06,4.95,1.3786,436316.37,15701875.6819
20260715,368.01,379.99,363.08,373.0,364.01,8.99,2.4697,358492.58,13440215.2208
20260716,369.48,375.02,364.5,366.2,373.0,-6.8,-1.8231,251868.82,9290699.8804
20260717,372.3,375.24,360.0,360.0,366.2,-6.2,-1.6931,512453.36,18846714.5855
20260720,354.0,377.6,353.8,376.43,360.0,16.43,4.5639,447907.68,16632779.3989
20260721,372.67,391.0,372.5,382.2,376.43,5.77,1.5328,440360.45,16935106.6313
20260722,382.85,385.0,369.87,372.26,382.2,-9.94,-2.6007,311937.61,11690411.4042
20260723,373.0,386.0,366.01,385.99,372.26,13.73,3.6883,359409.28,13610468.7215
20260724,383.18,390.86,382.65,383.01,385.99,-2.98,-0.772,254542.24,9822803.97512
