交易日期,开盘价,最高价,最低价,收盘价,前收盘价,涨跌额,涨跌幅(%),成交量(手),成交额(千元)
20190102,3017.0674,3018.7759,2958.4883,2969.5353,3010.6536,-41.1183,-1.3658,68663021.0,76105571.2778
20190103,2963.0186,3000.4413,2953.2548,2964.8421,2969.5353,-4.6932,-0.158,70867103.0,76664797.3934
20190104,2940.1916,3036.8147,2935.8295,3035.8741,2964.8421,71.032,2.3958,103318972.0,107141037.0881
20190107,3055.1535,3061.749,3035.9123,3054.303,3035.8741,18.4289,0.607,101164359.0,105703940.7906
20190108,3049.8747,3055.51,3038.5339,3047.7035,3054.303,-6.5995,-0.2161,86170585.0,79628882.6642
20190109,3065.2307,3117.9614,3062.8474,3078.4759,3047.7035,30.7724,1.0097,107364350.0,117129678.9057
20190110,3077.4817,3092.5411,3062.5721,3072.6864,3078.4759,-5.7895,-0.1881,85271756.0,90206871.737
20190111,3082.2615,3102.8333,3071.0264,3094.7782,3072.6864,22.0918,0.719,71786424.0,77420239.5785
20190114,3092.4984,3097.4064,3064.3827,3067.7845,3094.7782,-26.9937,-0.8722,66121702.0,68115969.0945
20190115,3071.5185,3129.3708,3064.6705,3127.9904,3067.7845,60.2059,1.9625,88772962.0,99976891.1441
20190116,3126.1347,3135.0117,3117.2926,3128.6517,3127.9904,0.6613,0.0211,80214341.0,85781591.7911
20190117,3132.6285,3141.7099,3110.0608,3111.4168,3128.6517,-17.2349,-0.5509,80174871.0,82888206.9861
20190118,3124.5025,3171.6864,3120.3458,3168.1739,3111.4168,56.7571,1.8242,103963834.0,106780658.4908
20190121,3170.8773,3199.2134,3170.8773,3185.6364,3168.1739,17.4625,0.5512,93915022.0,105536986.5797
20190122,3181.9494,3181.9494,3135.3378,3143.3171,3185.6364,-42.3193,-1.3284,72990528.0,78150876.3127
20190123,3136.096,3157.6269,3131.8673,3141.0532,3143.3171,-2.2639,-0.072,59870478.0,62669652.004
20190124,3146.6046,3165.6296,3125.3008,3158.7817,3141.0532,17.7285,0.5644,72934636.0,80963877.2187
20190125,3165.1814,3203.1747,3164.4082,3184.4696,3158.7817,25.6879,0.8132,83967729.0,93207954.7478
20190128,3203.1189,3228.8678,3174.7243,3183.7777,3184.4696,-0.6919,-0.0217,82622431.0,97371496.1471
20190129,3177.261,3200.9898,3148.2345,3193.9698,3183.7777,10.1921,0.3201,77658334.0,85943908.59
20190130,3181.6551,3202.896,3167.8934,3168.4829,3193.9698,-25.4869,-0.798,63746517.0,73005123.4471
20190131,3182.6987,3216.0673,3178.0105,3201.6331,3168.4829,33.1502,1.0462,86247839.0,97509924.771
20190201,3225.7335,3247.4956,3207.7168,3247.3971,3201.6331,45.764,1.4294,82019641.0,94766412.7628
20190211,3239.8079,3307.0638,3239.8079,3306.4725,3247.3971,59.0754,1.8192,98818434.0,114752354.8211
20190212,3306.3523,3335.3606,3298.6337,3330.3353,3306.4725,23.8628,0.7217,122232462.0,122834101.0068
20190213,3337.7794,3405.5773,3329.1436,3397.0276,3330.3353,66.6923,2.0026,163828332.0,168866262.062
20190214,3392.8547,3415.3994,3381.9821,3402.1403,3397.0276,5.1127,0.1505,151127290.0,138649287.9707
20190215,3391.242,3395.0294,3335.8705,3338.7047,3402.1403,-63.4356,-1.8646,143668603.0,141555060.9475
20190218,3366.423,3445.7448,3366.423,3445.7448,3338.7047,107.0401,3.206,182886089.0,180449742.5442
20190219,3454.7216,3480.7938,3419.0731,3439.6078,3445.7448,-6.137,-0.1781,179083785.0,185762746.553
20190220,3449.9321,3463.7735,3421.505,3451.9273,3439.6078,12.3195,0.3582,147390311.0,145570263.0699
20190221,3450.1411,3500.2519,3431.631,3442.7056,3451.9273,-9.2217,-0.2671,180143287.0,185197154.7846
20190222,3439.3781,3520.1182,3417.9784,3520.1182,3442.7056,77.4126,2.2486,187237974.0,202869288.7084
20190225,3575.8528,3729.4831,3574.6885,3729.4831,3520.1182,209.3649,5.9477,342557122.0,376382393.4332
20190226,3734.7059,3762.1128,3679.2705,3684.6935,3729.4831,-44.7896,-1.201,358038698.0,387632860.0752
20190227,3682.8116,3737.6317,3638.3334,3678.3921,3684.6935,-6.3014,-0.171,286236007.0,307306148.1388
20190228,3675.2642,3695.4646,3650.0537,3669.3703,3678.3921,-9.0218,-0.2453,184810220.0,206010958.1846
20190301,3699.2157,3749.7143,3668.7653,3749.7143,3669.3703,80.344,2.1896,204711004.0,235620623.4881
20190304,3783.0367,3886.5797,3764.7764,3794.104,3749.7143,44.3897,1.1838,323490126.0,376397284.7059
20190305,3785.3762,3816.1621,3770.7858,3816.0132,3794.104,21.9092,0.5775,230853166.0,261464122.2116
20190306,3822.8588,3855.1556,3787.5225,3848.0903,3816.0132,32.0771,0.8406,318077371.0,331155616.598
20190307,3841.1456,3845.182,3778.8004,3808.8497,3848.0903,-39.2406,-1.0197,329846548.0,359339152.9161
20190308,3721.4016,3774.5431,3656.1917,3657.579,3808.8497,-151.2707,-3.9716,317990077.0,349296691.2269
20190311,3663.9772,3731.9091,3650.8125,3729.9546,3657.579,72.3756,1.9788,230912865.0,268718458.8045
20190312,3758.3151,3804.72,3723.6785,3755.3519,3729.9546,25.3973,0.6809,274926382.0,325180619.7587
20190313,3758.713,3763.0926,3708.8145,3724.1941,3755.3519,-31.1578,-0.8297,233682248.0,286171048.1597
20190314,3710.2934,3747.819,3673.8509,3698.4858,3724.1941,-25.7083,-0.6903,190817237.0,231820149.3895
20190315,3713.936,3782.2364,3713.936,3745.005,3698.4858,46.5192,1.2578,175174544.0,224194362.9247
20190318,3753.6436,3851.7479,3733.6781,3851.7479,3745.005,106.7429,2.8503,216928060.0,276473448.8696
20190319,3856.5885,3868.335,3815.2187,3833.9626,3851.7479,-17.7853,-0.4617,181727110.0,224096889.6337
20190320,3825.3356,3855.1465,3790.5119,3835.4397,3833.9626,1.4771,0.0385,175632090.0,215406993.6015
20190321,3840.2783,3864.0696,3823.4661,3836.8913,3835.4397,1.4516,0.0378,196310310.0,231993445.6015
20190322,3838.1255,3845.5808,3786.5917,3833.8013,3836.8913,-3.09,-0.0805,171356993.0,198518386.3186
20190325,3776.4426,3807.1793,3741.6062,3742.8252,3833.8013,-90.9761,-2.373,198586329.0,223396564.361
20190326,3766.5287,3770.843,3687.5472,3700.4388,3742.8252,-42.3864,-1.1325,173046579.0,196547811.1788
20190327,3724.4058,3750.2642,3703.4508,3743.3878,3700.4388,42.949,1.1606,138758454.0,177507528.4423
20190328,3731.0612,3755.716,3710.0814,3728.3953,3743.3878,-14.9925,-0.4005,133272129.0,172604392.9075
20190329,3739.7739,3876.379,3739.7739,3872.3412,3728.3953,143.9459,3.8608,215639103.0,283022298.6482
20190401,3901.1698,3982.9091,3901.1698,3973.928,3872.3412,101.5868,2.6234,271382704.0,340799403.5731
20190402,3986.3443,3988.0975,3956.5059,3971.2852,3973.928,-2.6428,-0.0665,226000341.0,281892057.021
20190403,3947.8697,4026.4972,3939.7837,4022.1566,3971.2852,50.8714,1.281,231917368.0,284826495.4454
20190404,4039.7415,4072.1138,4021.7055,4062.2309,4022.1566,40.0743,0.9963,260410939.0,313539431.3775
20190408,4097.1027,4122.6034,4017.4887,4057.2286,4062.2309,-5.0023,-0.1231,267505576.0,324670452.5226
20190409,4063.8139,4084.243,4038.2825,4075.4301,4057.2286,18.2015,0.4486,182956808.0,243187913.1279
20190410,4062.4425,4115.378,4035.4741,4085.847,4075.4301,10.4169,0.2556,194687613.0,278282025.0515
20190411,4083.4618,4097.1249,3990.239,3997.5778,4085.847,-88.2692,-2.1604,169049641.0,236259156.7189
20190412,3986.7822,4006.9335,3961.464,3988.6168,3997.5778,-8.961,-0.2242,135862118.0,178795939.0616
20190415,4056.4919,4085.3882,3974.2264,3975.5244,3988.6168,-13.0924,-0.3282,182645571.0,236298721.3908
20190416,3958.0963,4085.7891,3943.4879,4085.7891,3975.5244,110.2647,2.7736,202041966.0,250569206.656
20190417,4080.7172,4106.6158,4057.5032,4087.2398,4085.7891,1.4507,0.0355,180367117.0,228824429.8866
20190418,4085.1148,4094.0533,4056.2356,4072.0753,4087.2398,-15.1645,-0.371,146562123.0,187812687.7665
20190419,4076.2953,4120.6356,4046.2042,4120.6078,4072.0753,48.5325,1.1918,150794910.0,194701690.7626
20190422,4125.9717,4126.0907,4015.4748,4025.6109,4120.6078,-94.9969,-2.3054,189353745.0,244380549.2388
20190423,4021.6277,4061.0858,4005.2832,4019.0053,4025.6109,-6.6056,-0.1641,155611650.0,204121505.8158
20190424,4033.6292,4044.3375,3967.8058,4030.0887,4019.0053,11.0834,0.2758,145498695.0,186497961.6519
20190425,4013.6027,4022.5631,3938.3251,3941.816,4030.0887,-88.2727,-2.1903,159722071.0,197530997.7516
20190426,3921.8909,3943.8331,3887.2525,3889.2748,3941.816,-52.5412,-1.3329,142008068.0,186572137.1273
20190429,3896.5824,3953.2288,3875.452,3900.3339,3889.2748,11.0591,0.2843,153870927.0,203946553.1515
20190430,3887.1799,3923.1082,3885.147,3913.211,3900.3339,12.8771,0.3302,116233376.0,161665923.9237
20190506,3775.0765,3791.6119,3647.1405,3684.6168,3913.211,-228.5942,-5.8416,197472882.0,254115400.0892
20190507,3702.2656,3738.1767,3671.8341,3720.6684,3684.6168,36.0516,0.9784,132847654.0,183659159.1807
20190508,3648.5489,3722.9325,3642.4981,3667.4574,3720.6684,-53.211,-1.4301,112867355.0,145058486.3544
20190509,3637.346,3656.8966,3584.8227,3599.7001,3667.4574,-67.7573,-1.8475,101037394.0,141829095.7595
20190510,3643.0557,3732.9238,3589.2906,3730.4513,3599.7001,130.7512,3.6323,148003847.0,195067170.793
20190513,3675.7597,3702.9012,3658.0004,3668.7255,3730.4513,-61.7258,-1.6546,103391860.0,135053926.7074
20190514,3630.4388,3683.2619,3630.4388,3645.1503,3668.7255,-23.5752,-0.6426,102313460.0,135262868.9079
20190515,3674.9931,3741.0406,3674.9931,3727.0923,3645.1503,81.942,2.248,110161769.0,152534546.7814
20190516,3720.039,3745.1405,3707.9032,3743.9635,3727.0923,16.8712,0.4527,116258274.0,139851940.0573
20190517,3744.8751,3745.3555,3637.5826,3648.7609,3743.9635,-95.2026,-2.5428,128453245.0,154092349.6519
20190520,3635.7357,3644.5,3583.8324,3617.7924,3648.7609,-30.9685,-0.8487,108963477.0,134194262.5835
20190521,3619.4369,3690.0884,3610.6817,3666.7762,3617.7924,48.9838,1.354,111022920.0,133071381.0888
20190522,3663.1533,3679.2727,3634.7479,3649.3796,3666.7762,-17.3966,-0.4744,98346128.0,121775244.1629
20190523,3629.5284,3631.4743,3578.1129,3583.9646,3649.3796,-65.415,-1.7925,99897781.0,125611969.4767
20190524,3584.9016,3623.3904,3580.7853,3593.9139,3583.9646,9.9493,0.2776,80934048.0,101337496.3801
20190527,3592.6027,3648.0267,3556.2567,3637.1971,3593.9139,43.2832,1.2043,108830871.0,133399053.9077
20190528,3633.0182,3683.2306,3627.7878,3672.2605,3637.1971,35.0634,0.964,117886240.0,148966334.6572
20190529,3642.5415,3693.2273,3637.3481,3663.909,3672.2605,-8.3515,-0.2274,93355441.0,120002034.2369
20190530,3648.8495,3650.9718,3612.6248,3641.1833,3663.909,-22.7257,-0.6203,94202561.0,112864079.3049
20190531,3640.9963,3668.1796,3627.5448,3629.7893,3641.1833,-11.394,-0.3129,89222267.0,108264201.3394
20190603,3640.6126,3672.8136,3613.1274,3632.0127,3629.7893,2.2234,0.0613,100723180.0,123902446.4073
20190604,3632.5602,3636.128,3584.4612,3598.4666,3632.0127,-33.5461,-0.9236,87097094.0,109467236.5362
20190605,3627.7947,3634.4536,3593.9515,3597.105,3598.4666,-1.3616,-0.0378,88642020.0,114634228.2388
20190606,3601.0356,3601.0356,3557.0167,3564.6778,3597.105,-32.4272,-0.9015,85534403.0,104367267.7238
20190610,3578.0084,3623.7301,3568.2787,3610.7435,3564.6778,46.0657,1.2923,92375061.0,117346608.9125
20190611,3617.5239,3723.1419,3617.5239,3719.2759,3610.7435,108.5324,3.0058,143482806.0,180899072.3112
20190612,3706.8635,3711.8793,3683.9394,3691.0957,3719.2759,-28.1802,-0.7577,119178853.0,132296097.9054
20190613,3689.5834,3697.5917,3654.2742,3685.3933,3691.0957,-5.7024,-0.1545,96331718.0,110459901.9179
20190614,3690.4763,3709.6521,3650.9096,3654.8799,3685.3933,-30.5134,-0.828,101817004.0,116584260.5754
20190617,3654.4433,3683.7743,3645.4982,3654.8248,3654.8799,-0.0551,-0.0015,72976678.0,93092581.2978
20190618,3661.1299,3675.6452,3638.78,3667.6185,3654.8248,12.7937,0.35,70692266.0,89472839.8483
20190619,3761.3381,3771.347,3715.1331,3715.9381,3667.6185,48.3196,1.3175,125595715.0,172574177.7916
20190620,3718.9416,3845.7912,3717.1857,3828.5183,3715.9381,112.5802,3.0297,168872073.0,227726981.9663
20190621,3832.7321,3856.0856,3817.3068,3833.9383,3828.5183,5.42,0.1416,153635155.0,199961617.6156
20190624,3836.3051,3853.5452,3819.7692,3841.2659,3833.9383,7.3276,0.1911,100084621.0,143644731.7037
20190625,3837.4259,3838.0578,3755.0099,3801.3098,3841.2659,-39.9561,-1.0402,124075912.0,169358793.347
20190626,3779.5125,3809.758,3771.7164,3794.331,3801.3098,-6.9788,-0.1836,81820283.0,112106859.0216
20190627,3807.5376,3854.0801,3805.8328,3834.8172,3794.331,40.4862,1.067,105316358.0,156483418.1902
20190628,3832.0599,3835.2326,3803.0546,3825.5873,3834.8172,-9.2299,-0.2407,84766139.0,116512050.6735
20190701,3899.3313,3936.668,3886.909,3935.8116,3825.5873,110.2243,2.8812,158370340.0,217470251.1109
20190702,3931.0486,3942.4257,3918.9378,3937.1691,3935.8116,1.3575,0.0345,131863496.0,173997045.1225
20190703,3927.4365,3927.4365,3878.8405,3893.5341,3937.1691,-43.635,-1.1083,111992603.0,163145730.9354
20190704,3895.1978,3906.8894,3854.693,3873.1019,3893.5341,-20.4322,-0.5248,99342256.0,142669255.1769
20190705,3875.3736,3900.3095,3857.928,3893.2025,3873.1019,20.1006,0.519,74006527.0,116236522.1034
20190708,3875.7547,3875.7547,3775.0259,3802.7897,3893.2025,-90.4128,-2.3223,109539086.0,147198419.3803
20190709,3798.0954,3811.0993,3774.7641,3793.1297,3802.7897,-9.66,-0.254,74842732.0,113147602.9513
20190710,3807.9497,3810.396,3774.2304,3786.739,3793.1297,-6.3907,-0.1685,72833948.0,101355477.0299
20190711,3806.1855,3830.7387,3774.4137,3785.221,3786.739,-1.518,-0.0401,75311965.0,113674616.2151
20190712,3783.0733,3820.2354,3774.5224,3808.7311,3785.221,23.5101,0.6211,75465967.0,107007923.9712
20190715,3792.6409,3844.8683,3745.8549,3824.1878,3808.7311,15.4567,0.4058,101205222.0,142493046.6098
20190716,3819.2474,3828.3256,3799.8665,3806.8449,3824.1878,-17.3429,-0.4535,80730952.0,108449682.7839
20190717,3800.1064,3820.2713,3787.8973,3804.6384,3806.8449,-2.2065,-0.058,95183885.0,116766781.1378
20190718,3793.1893,3793.3916,3767.9958,3768.4019,3804.6384,-36.2365,-0.9524,87496445.0,111669365.4883
20190719,3787.5079,3828.1514,3787.5079,3807.9551,3768.4019,39.5532,1.0496,88086149.0,117797528.1658
20190722,3813.5022,3816.5387,3765.4428,3781.6832,3807.9551,-26.2719,-0.6899,92101377.0,117810448.1459
20190723,3783.5411,3792.9647,3768.7614,3789.9135,3781.6832,8.2303,0.2176,71313346.0,103866608.7686
20190724,3803.5867,3840.0579,3803.5738,3819.8325,3789.9135,29.919,0.7894,90940684.0,129940587.2234
20190725,3821.3898,3851.0665,3812.9532,3851.0665,3819.8325,31.234,0.8177,93740417.0,125899502.5552
20190726,3835.2281,3863.5878,3832.5223,3858.5688,3851.0665,7.5023,0.1948,83259300.0,110929728.7036
20190729,3857.9394,3862.7467,3842.426,3854.2704,3858.5688,-4.2984,-0.1114,84814370.0,111679108.8403
20190730,3861.5698,3890.7298,3861.5698,3870.3176,3854.2704,16.0472,0.4163,94123955.0,120480280.0201
20190731,3856.745,3856.745,3830.0914,3835.3589,3870.3176,-34.9587,-0.9033,82151155.0,111083892.7774
20190801,3819.3242,3831.2641,3791.546,3803.4694,3835.3589,-31.8895,-0.8315,84114180.0,117649163.8503
20190802,3729.1309,3754.5326,3720.0584,3747.4379,3803.4694,-56.0315,-1.4732,108335897.0,141874787.5694
20190805,3724.4097,3739.5031,3675.6884,3675.6884,3747.4379,-71.7495,-1.9146,101325981.0,133061101.3756
20190806,3609.1118,3649.8953,3575.8626,3636.3289,3675.6884,-39.3595,-1.0708,129833871.0,167267479.6386
20190807,3654.6323,3659.0778,3621.431,3621.431,3636.3289,-14.8979,-0.4097,84238716.0,108667668.0298
20190808,3651.3571,3675.4603,3646.9386,3669.2936,3621.431,47.8626,1.3216,88457707.0,114981616.1209
20190809,3686.7493,3689.1774,3628.1163,3633.5296,3669.2936,-35.764,-0.9747,85295580.0,116355689.9594
20190812,3647.8661,3699.1047,3643.3161,3699.1047,3633.5296,65.5751,1.8047,82083056.0,121129345.184
20190813,3675.5868,3686.4302,3658.0126,3665.7515,3699.1047,-33.3532,-0.9017,76500302.0,103764319.4406
20190814,3712.0657,3717.5579,3680.6086,3682.4015,3665.7515,16.65,0.4542,91202590.0,128301671.0726
20190815,3618.0092,3694.2985,3612.1108,3694.0006,3682.4015,11.5991,0.315,88598832.0,119241082.5833
20190816,3697.9407,3738.0964,3687.0751,3710.5386,3694.0006,16.538,0.4477,88319169.0,132696910.3411
20190819,3736.0344,3791.0946,3720.6894,3791.0946,3710.5386,80.556,2.171,139327013.0,195448939.4756
20190820,3786.026,3799.8977,3778.7306,3787.7324,3791.0946,-3.3622,-0.0887,108602088.0,149115340.6949
20190821,3778.3091,3792.5955,3775.4474,3781.7579,3787.7324,-5.9745,-0.1577,82299880.0,121688505.0949
20190822,3793.8552,3797.329,3771.2048,3793.5061,3781.7579,11.7482,0.3107,85807792.0,120708136.0811
20190823,3796.8821,3829.3607,3788.0345,3820.8638,3793.5061,27.3577,0.7212,87954583.0,137802154.0012
20190826,3756.3618,3778.8665,3753.1646,3765.9105,3820.8638,-54.9533,-1.4382,93859269.0,142350985.497
20190827,3791.4587,3848.2358,3790.873,3816.9459,3765.9105,51.0354,1.3552,124731478.0,181748784.0785
20190828,3818.8125,3822.5883,3790.1384,3802.5844,3816.9459,-14.3615,-0.3763,88750812.0,137667277.2442
20190829,3805.494,3808.5954,3774.3968,3790.1867,3802.5844,-12.3977,-0.326,84083387.0,126475676.6383
20190830,3816.678,3828.9698,3778.9189,3799.5863,3790.1867,9.3996,0.248,96695150.0,152408668.6764
20190902,3803.689,3855.7768,3799.8166,3848.3198,3799.5863,48.7335,1.2826,110289349.0,164994458.613
20190903,3852.5794,3856.6813,3833.7571,3853.6106,3848.3198,5.2908,0.1375,97714631.0,146270633.8485
20190904,3848.6483,3886.0012,3846.4215,3886.0012,3853.6106,32.3906,0.8405,126628615.0,176839744.8186
20190905,3909.2087,3970.0038,3909.2087,3925.323,3886.0012,39.3218,1.0119,181656231.0,244681225.4807
20190906,3946.6854,3948.5397,3922.3361,3948.5075,3925.323,23.1845,0.5906,121882376.0,181718270.0307
20190909,3980.9577,3985.239,3954.8755,3972.9484,3948.5075,24.4409,0.619,146809754.0,209545387.1909
20190910,3976.8697,3976.9225,3938.7441,3959.265,3972.9484,-13.6834,-0.3444,130889386.0,184494349.8738
20190911,3969.6757,3971.2237,3922.9531,3930.0999,3959.265,-29.1651,-0.7366,131594875.0,190165007.5119
20190912,3944.6917,3975.9311,3933.4366,3972.3799,3930.0999,42.28,1.0758,110241273.0,156750653.1378
20190916,3981.3616,3982.204,3943.3734,3957.7154,3972.3799,-14.6645,-0.3692,110259805.0,154736552.3481
20190917,3947.1577,3947.1577,3879.4852,3891.2208,3957.7154,-66.4946,-1.6801,113694317.0,154899299.8881
20190918,3902.9947,3923.1462,3902.5109,3910.0837,3891.2208,18.8629,0.4848,82056152.0,130159557.6719
20190919,3923.9631,3924.3823,3897.0666,3924.3823,3910.0837,14.2986,0.3657,85984238.0,127421791.159
20190920,3933.4594,3942.224,3921.4124,3935.6511,3924.3823,11.2688,0.2871,103455955.0,153162588.4948
20190923,3925.1858,3925.1858,3868.214,3890.6616,3935.6511,-44.9895,-1.1431,94036225.0,139223506.453
20190924,3895.8661,3927.0115,3886.1404,3901.0758,3890.6616,10.4142,0.2677,87783230.0,142341399.6789
20190925,3887.5548,3889.839,3867.2277,3870.9837,3901.0758,-30.0921,-0.7714,89520835.0,133224463.6383
20190926,3884.7022,3890.7452,3840.2472,3841.1388,3870.9837,-29.8449,-0.771,102698301.0,150806750.0126
20190927,3843.4584,3859.5003,3832.2466,3852.6534,3841.1388,11.5146,0.2998,74003947.0,109130484.0043
20190930,3842.0741,3857.2319,3813.5491,3814.5282,3852.6534,-38.1252,-0.9896,65931313.0,100487271.138
20191008,3818.5894,3861.6429,3818.5894,3837.6791,3814.5282,23.1509,0.6069,76657860.0,118365682.5145
20191009,3822.6068,3845.3403,3805.0671,3843.2392,3837.6791,5.5601,0.1449,75854512.0,112406207.0275
20191010,3838.4865,3877.142,3829.4328,3874.6391,3843.2392,31.3999,0.817,79222694.0,127474042.8525
20191011,3885.5198,3922.3694,3868.8417,3911.7253,3874.6391,37.0862,0.9572,93412577.0,139817298.256
20191014,3944.8593,3983.8117,3934.7325,3953.2411,3911.7253,41.5158,1.0613,122393611.0,167857131.1543
20191015,3953.1645,3953.1645,3928.151,3936.2498,3953.2411,-16.9913,-0.4298,85273949.0,125117107.0106
20191016,3939.276,3964.0456,3919.0169,3922.6854,3936.2498,-13.5644,-0.3446,83229707.0,128558533.5034
20191017,3929.386,3935.8123,3913.9173,3925.2216,3922.6854,2.5362,0.0647,64863745.0,99991850.4089
20191018,3935.4199,3940.5409,3864.9652,3869.3777,3925.2216,-55.8439,-1.4227,82321140.0,122186927.1301
20191021,3865.3436,3884.7447,3856.0374,3880.8398,3869.3777,11.4621,0.2962,74182918.0,110858235.8392
20191022,3896.3149,3897.4352,3870.5486,3895.8809,3880.8398,15.0411,0.3876,68918566.0,102843371.1608
20191023,3892.6766,3901.4243,3862.1965,3871.0848,3895.8809,-24.7961,-0.6365,70198625.0,99733598.3528
20191024,3877.9239,3890.1955,3852.5828,3870.6678,3871.0848,-0.417,-0.0108,71334575.0,105096951.6465
20191025,3871.7687,3899.7223,3849.0337,3896.7923,3870.6678,26.1245,0.6749,77453620.0,126677483.9573
20191028,3904.9824,3927.7959,3897.8175,3926.585,3896.7923,29.7927,0.7645,97406020.0,150762201.7365
20191029,3929.7077,3932.3745,3910.226,3910.226,3926.585,-16.359,-0.4166,82257075.0,139611420.2655
20191030,3904.7172,3908.0999,3883.4468,3891.2255,3910.226,-19.0005,-0.4859,77872923.0,122610501.731
20191031,3906.8593,3907.1505,3878.8757,3886.7519,3891.2255,-4.4736,-0.115,86714539.0,135012425.5385
20191101,3883.8084,3956.0797,3876.4164,3952.3872,3886.7519,65.6353,1.6887,100689612.0,151471061.3232
20191104,3964.0052,3985.3573,3964.0052,3978.1216,3952.3872,25.7344,0.6511,104193855.0,154485361.8117
20191105,3982.1155,4030.6381,3970.8664,4002.8128,3978.1216,24.6912,0.6207,112911880.0,163317856.0888
20191106,4006.327,4007.5012,3973.7762,3984.8816,4002.8128,-17.9312,-0.448,97312952.0,139859763.4703
20191107,3984.5529,4005.3829,3975.5475,3991.8749,3984.8816,6.9933,0.1755,87254898.0,117751554.3466
20191108,4017.6742,4022.0362,3971.5726,3973.0107,3991.8749,-18.8642,-0.4726,97106948.0,139026673.427
20191111,3948.6186,3948.6186,3897.5504,3902.9783,3973.0107,-70.0324,-1.7627,94155621.0,130330082.2892
20191112,3905.9584,3914.8821,3877.7397,3903.6888,3902.9783,0.7105,0.0182,76543069.0,108828235.839
20191113,3905.2831,3908.4196,3882.4314,3899.9815,3903.6888,-3.7073,-0.095,76749078.0,112057146.508
20191114,3905.9284,3916.9459,3895.1415,3905.857,3899.9815,5.8755,0.1507,87008446.0,119791566.8388
20191115,3908.4891,3915.1049,3877.0892,3877.0892,3905.857,-28.7678,-0.7365,83730917.0,115423020.9165
20191118,3874.4405,3913.1029,3868.3166,3907.9291,3877.0892,30.8399,0.7954,76645993.0,107085819.8891
20191119,3904.0996,3947.0392,3902.3776,3947.0392,3907.9291,39.1101,1.0008,82161025.0,123227172.6122
20191120,3940.1344,3943.2273,3901.9865,3907.8641,3947.0392,-39.1751,-0.9925,76815333.0,118003062.7332
20191121,3894.539,3901.8262,3875.9682,3889.598,3907.8641,-18.2661,-0.4674,69130538.0,104147769.2978
20191122,3894.1742,3918.8385,3833.5033,3849.9948,3889.598,-39.6032,-1.0182,91042639.0,146981162.0897
20191125,3850.966,3878.2507,3839.4201,3878.2061,3849.9948,28.2113,0.7328,106066289.0,140851076.2722
20191126,3893.4349,3899.1097,3869.5948,3891.6533,3878.2061,13.4472,0.3467,111513537.0,140213633.0646
20191127,3883.429,3889.9783,3862.7011,3875.6186,3891.6533,-16.0347,-0.412,76437305.0,107238822.0332
20191128,3877.9012,3887.6903,3852.0105,3862.3029,3875.6186,-13.3157,-0.3436,65230119.0,87081788.9123
20191129,3857.1883,3861.6584,3804.8291,3828.6706,3862.3029,-33.6323,-0.8708,74144331.0,116200556.869
20191202,3835.5128,3854.7509,3829.3126,3836.0589,3828.6706,7.3883,0.193,77412173.0,109992592.541
20191203,3829.212,3851.1205,3811.6281,3851.0873,3836.0589,15.0284,0.3918,73611240.0,108703714.9652
20191204,3841.6627,3852.9922,3831.0747,3849.819,3851.0873,-1.2683,-0.0329,79683385.0,109646342.7958
20191205,3863.6086,3883.4031,3859.8223,3879.3638,3849.819,29.5448,0.7674,89051193.0,129357592.8118
20191206,3885.0582,3902.3853,3878.7002,3902.3853,3879.3638,23.0215,0.5934,78648887.0,116424775.8019
20191209,3909.5297,3911.9682,3885.2507,3895.4468,3902.3853,-6.9385,-0.1778,95353806.0,130873098.2463
20191210,3886.444,3900.959,3882.0877,3900.3843,3895.4468,4.9375,0.1268,86262928.0,121118412.7514
20191211,3907.1592,3909.3854,3890.341,3902.7492,3900.3843,2.3649,0.0606,99765480.0,127690403.4344
20191212,3908.4537,3908.4537,3886.1188,3891.0242,3902.7492,-11.725,-0.3004,84708330.0,117874313.7344
20191213,3928.0044,3969.4568,3925.2757,3968.2211,3891.0242,77.1969,1.984,148571349.0,201018885.7992
20191216,3970.7092,3987.5866,3953.5126,3987.5464,3968.2211,19.3253,0.487,148486670.0,202154895.2544
20191217,3987.7426,4067.1355,3984.5193,4041.7996,3987.5464,54.2532,1.3606,201162937.0,251637865.2876
20191218,4039.724,4057.64,4025.3433,4032.7826,4041.7996,-9.017,-0.2231,151351764.0,197620207.4851
20191219,4034.6159,4038.5435,4014.8951,4027.1495,4032.7826,-5.6331,-0.1397,117900558.0,152553809.1166
20191220,4032.1519,4046.7261,4014.9296,4017.2527,4027.1495,-9.8968,-0.2458,121267662.0,158460232.4166
20191223,4014.6929,4032.1721,3964.3798,3967.0962,4017.2527,-50.1565,-1.2485,122816246.0,162048261.474
20191224,3971.56,3994.5092,3963.6653,3992.9581,3967.0962,25.8619,0.6519,95989045.0,122499163.3293
20191225,3988.6574,4000.5556,3976.3559,3990.8671,3992.9581,-2.091,-0.0524,94938890.0,131896466.969
20191226,3993.6686,4025.9879,3993.5413,4025.9879,3990.8671,35.1208,0.88,108860640.0,140814968.2426
20191227,4029.2454,4066.7964,4019.7223,4022.0278,4025.9879,-3.9601,-0.0984,150926411.0,195090417.0417
20191230,4015.5195,4083.6901,4001.4951,4081.6334,4022.0278,59.6056,1.482,155971488.0,216814660.0174
20191231,4077.7519,4098.1444,4069.0086,4096.5821,4081.6334,14.9487,0.3662,123264258.0,173119348.5097
20200102,4121.3487,4172.6555,4121.3487,4152.2408,4096.5821,55.6587,1.3587,182116772.0,270105532.0276
20200103,4161.2185,4164.2989,4131.864,4144.9649,4152.2408,-7.2759,-0.1752,142826244.0,215216288.3313
20200106,4120.5211,4170.6384,4102.3796,4129.2954,4144.9649,-15.6695,-0.378,175309953.0,250182071.2939
20200107,4137.4019,4161.2504,4135.0972,4160.2274,4129.2954,30.932,0.7491,139489031.0,196389059.7147
20200108,4139.6315,4149.813,4101.9801,4112.3172,4160.2274,-47.9102,-1.1516,167585850.0,212406263.8573
20200109,4145.5345,4165.6574,4143.592,4164.3697,4112.3172,52.0525,1.2658,136886324.0,200150352.9416
20200110,4177.5777,4180.9771,4148.4817,4163.1849,4164.3697,-1.1848,-0.0285,113031719.0,177827413.7093
20200113,4166.9254,4203.9883,4148.6007,4203.9883,4163.1849,40.8034,0.9801,119691982.0,199795489.7091
20200114,4215.1578,4223.5078,4188.0809,4189.8862,4203.9883,-14.1021,-0.3354,129320783.0,196221263.3956
20200115,4186.881,4193.8686,4150.8799,4166.7344,4189.8862,-23.1518,-0.5526,104633136.0,163081930.6224
20200116,4174.8172,4175.2938,4142.1795,4149.0434,4166.7344,-17.691,-0.4246,100267642.0,156242505.812
20200117,4162.1939,4177.0282,4141.6448,4154.853,4149.0434,5.8096,0.14,98725682.0,166591591.5943
20200120,4170.7365,4185.9629,4149.4879,4185.8304,4154.853,30.9774,0.7456,122409147.0,202692287.4418
20200121,4165.0203,4165.0203,4113.3251,4114.3085,4185.8304,-71.5219,-1.7087,130527507.0,204586880.4939
20200122,4093.8009,4141.1772,4046.4866,4131.9311,4114.3085,17.6226,0.4283,126758763.0,208136150.7915
20200123,4093.3229,4103.5244,3972.3933,4003.9013,4131.9311,-128.0298,-3.0985,160357603.0,250409357.7007
20200203,3639.9089,3732.1572,3639.9089,3688.3578,4003.9013,-315.5435,-7.8809,157559647.0,243303105.3859
20200204,3652.0035,3786.8629,3652.0035,3785.6376,3688.3578,97.2798,2.6375,213933328.0,298165767.6214
20200205,3801.099,3866.0108,3781.613,3828.5272,3785.6376,42.8896,1.133,174925524.0,264042920.8657
20200206,3841.7537,3914.915,3806.9601,3899.7751,3828.5272,71.2479,1.861,176462235.0,262820088.4519
20200207,3879.5531,3899.8837,3849.7127,3899.8693,3899.7751,0.0942,0.0024,151731759.0,237508816.2556
20200210,3872.3738,3920.1667,3861.0066,3916.0052,3899.8693,16.1359,0.4138,148406969.0,229625441.8956
20200211,3926.4204,3970.5221,3915.7077,3952.4643,3916.0052,36.4591,0.931,143441674.0,219307119.3613
20200212,3945.6663,3984.4325,3940.6667,3984.4325,3952.4643,31.9682,0.8088,126710321.0,200776706.5498
20200213,3985.8757,3999.5495,3950.1422,3959.9188,3984.4325,-24.5137,-0.6152,145001843.0,228605964.7934
20200214,3954.234,4001.5627,3954.0233,3987.7342,3959.9188,27.8154,0.7024,143239803.0,222895073.6248
20200217,3999.6511,4077.4464,3999.6511,4077.4241,3987.7342,89.6899,2.2491,182778969.0,273067817.2778
20200218,4069.8315,4076.388,4027.7859,4057.5108,4077.4241,-19.9133,-0.4884,163236220.0,242552517.3344
20200219,4049.5862,4085.1704,4042.8451,4051.3107,4057.5108,-6.2001,-0.1528,169046441.0,257554535.7298
20200220,4062.8968,4148.5287,4055.8105,4144.6561,4051.3107,93.3454,2.3041,212232624.0,310835589.1623
20200221,4134.8747,4184.4379,4130.1677,4149.4903,4144.6561,4.8342,0.1166,217213604.0,326564003.5585
20200224,4131.8364,4149.0102,4097.1753,4132.8388,4149.4903,-16.6515,-0.4013,212869303.0,326387800.6057
20200225,4066.302,4126.7075,4020.9075,4123.8543,4132.8388,-8.9845,-0.2174,244167831.0,372213717.0295
20200226,4070.0994,4132.7817,4061.125,4073.0152,4123.8543,-50.8391,-1.2328,261094061.0,366022417.9074
20200227,4084.0782,4110.5275,4067.4408,4084.8759,4073.0152,11.8607,0.2912,181290981.0,282050206.371
20200228,3988.7274,4031.1453,3928.0663,3940.0488,4084.8759,-144.8271,-3.5454,230275093.0,330358907.2655
20200302,3968.8435,4092.5394,3968.8435,4069.6662,3940.0488,129.6174,3.2897,219313559.0,317426205.4571
20200303,4125.1356,4147.6525,4067.9094,4091.3615,4069.6662,21.6953,0.5331,219369777.0,330802584.6189
20200304,4078.4998,4115.2618,4060.729,4115.0524,4091.3615,23.6909,0.579,182424730.0,281784863.8449
20200305,4150.21,4215.8513,4127.0386,4206.7251,4115.0524,91.6727,2.2277,231823115.0,362838831.7755
20200306,4158.2021,4181.3102,4135.3901,4138.5072,4206.7251,-68.2179,-1.6216,172475717.0,253168631.9589
20200309,4063.076,4063.076,3995.1313,3997.1325,4138.5072,-141.3747,-3.4161,208102035.0,305428730.3038
20200310,3975.2288,4093.0024,3954.7506,4082.7315,3997.1325,85.599,2.1415,197416402.0,296184435.8513
20200311,4090.9348,4091.2704,4028.3964,4028.4289,4082.7315,-54.3026,-1.3301,161656111.0,244990872.6859
20200312,3976.1139,3987.4336,3926.2704,3950.9111,4028.4289,-77.5178,-1.9243,157060458.0,233152848.7591
20200313,3771.0139,3937.1806,3765.1479,3895.3128,3950.9111,-55.5983,-1.4072,188296722.0,280213453.2137
20200316,3899.8598,3899.8598,3720.5127,3727.8398,3895.3128,-167.473,-4.2993,185968260.0,282836238.2712
20200317,3739.7833,3786.8908,3618.307,3709.6822,3727.8398,-18.1576,-0.4871,166246129.0,250824025.6969
20200318,3729.6853,3775.8506,3636.2565,3636.2565,3709.6822,-73.4257,-1.9793,155037547.0,244127161.5353
20200319,3623.789,3647.9874,3503.1866,3589.0926,3636.2565,-47.1639,-1.297,180807407.0,271827467.9616
20200320,3629.5126,3663.9517,3588.7766,3653.2239,3589.0926,64.1313,1.7868,139603000.0,211223073.3231
20200323,3542.6837,3585.8014,3523.7877,3530.3058,3653.2239,-122.9181,-3.3646,137108790.0,197669624.9701
20200324,3598.6548,3627.7592,3545.4524,3625.1146,3530.3058,94.8088,2.6856,143103021.0,208553840.6885
20200325,3711.4753,3732.6536,3685.9942,3722.5181,3625.1146,97.4035,2.6869,153495958.0,231561518.7612
20200326,3692.6083,3736.2536,3681.2668,3698.0472,3722.5181,-24.4709,-0.6574,112310665.0,169336311.8614
20200327,3746.3914,3758.7827,3709.9213,3710.0605,3698.0472,12.0133,0.3249,124060995.0,186103426.3347
20200330,3657.4624,3690.6388,3637.5853,3674.1108,3710.0605,-35.9497,-0.969,126876673.0,180640799.4093
20200331,3708.1404,3716.0707,3676.2024,3686.1551,3674.1108,12.0443,0.3278,111453025.0,161595510.0082
20200401,3682.2966,3731.7799,3670.9653,3675.0758,3686.1551,-11.0793,-0.3006,119352620.0,170422568.8044
20200402,3656.3225,3734.5306,3652.3167,3734.5306,3675.0758,59.4548,1.6178,115168209.0,168893255.6566
20200403,3721.4815,3738.8323,3698.9822,3713.2183,3734.5306,-21.3123,-0.5707,99825083.0,150132815.0285
20200407,3779.9076,3803.6286,3772.2054,3798.0214,3713.2183,84.8031,2.2838,142778030.0,207642820.3169
20200408,3776.4171,3793.0023,3767.2924,3780.3445,3798.0214,-17.6769,-0.4654,111389513.0,161576772.3202
20200409,3798.4879,3801.7245,3785.3116,3792.8105,3780.3445,12.466,0.3298,100485032.0,154595318.8128
20200410,3794.8429,3824.7441,3758.9599,3769.1782,3792.8105,-23.6323,-0.6231,102444956.0,162251233.8007
20200413,3751.7093,3769.8764,3740.1936,3753.2566,3769.1782,-15.9216,-0.4224,79053343.0,119874303.2046
20200414,3777.8343,3825.7599,3764.9838,3825.6991,3753.2566,72.4425,1.9301,110637585.0,170612579.7924
20200415,3820.8506,3829.8009,3793.4402,3797.3623,3825.6991,-28.3368,-0.7407,108461984.0,169700216.633
20200416,3777.7986,3807.3569,3774.5585,3802.3806,3797.3623,5.0183,0.1322,95947965.0,147164302.0569
20200417,3831.9232,3863.4521,3821.4201,3839.4871,3802.3806,37.1065,0.9759,132004301.0,203595267.0335
20200420,3845.4598,3853.7984,3831.553,3853.4551,3839.4871,13.968,0.3638,100013115.0,151924090.1166
20200421,3838.2314,3838.2314,3779.9967,3808.0474,3853.4551,-45.4077,-1.1784,102921888.0,155077454.132
20200422,3789.1297,3839.3834,3782.2149,3839.3834,3808.0474,31.336,0.8229,85899464.0,135547280.7902
20200423,3851.9132,3857.4709,3826.5565,3829.7525,3839.3834,-9.6309,-0.2508,95508450.0,142122548.8318
20200424,3826.3116,3827.212,3787.0714,3796.9721,3829.7525,-32.7804,-0.8559,94844135.0,138961200.2827
20200427,3808.0171,3842.8706,3793.7655,3822.769,3796.9721,25.7969,0.6794,95462735.0,145301151.875
20200428,3835.348,3859.6754,3768.2,3849.1465,3822.769,26.3775,0.69,122093476.0,184179759.2403
20200429,3837.5135,3880.7444,3833.7164,3867.032,3849.1465,17.8855,0.4647,95854590.0,151282103.7442
20200430,3880.4094,3921.7004,3880.4094,3912.5772,3867.032,45.5452,1.1778,132917125.0,202268288.8023
20200506,3867.2587,3937.6909,3865.9875,3936.2539,3912.5772,23.6767,0.6051,139855675.0,214935962.3644
20200507,3937.5918,3941.4833,3915.9048,3924.8946,3936.2539,-11.3593,-0.2886,105514646.0,167207801.8402
20200508,3942.9972,3979.6627,3935.9805,3963.6217,3924.8946,38.7271,0.9867,116943341.0,190299584.7169
20200511,3974.7605,3998.0972,3944.5037,3960.1803,3963.6217,-3.4414,-0.0868,122673803.0,193758093.8998
20200512,3961.3427,3970.1115,3930.2108,3960.2378,3960.1803,0.0575,0.0015,98250554.0,157465780.0599
20200513,3946.6428,3972.5254,3932.5711,3968.2529,3960.2378,8.0151,0.2024,88190669.0,145563383.2758
20200514,3952.1986,3952.1986,3924.0452,3925.2177,3968.2529,-43.0352,-1.0845,88530004.0,143499177.7198
20200515,3941.125,3945.1956,3907.4021,3912.8159,3925.2177,-12.4018,-0.316,92618382.0,153301505.1494
20200518,3914.6602,3946.4312,3898.4041,3922.9117,3912.8159,10.0958,0.258,112801762.0,188528121.3676
20200519,3963.7754,3966.8518,3944.0715,3956.2495,3922.9117,33.3378,0.8498,94015291.0,159886222.4022
20200520,3955.7145,3955.7145,3923.9213,3935.222,3956.2495,-21.0275,-0.5315,100791150.0,157102533.2761
20200521,3950.5981,3951.743,3907.5788,3913.7949,3935.222,-21.4271,-0.5445,94861033.0,149154142.2578
20200522,3907.5761,3907.5761,3818.1488,3824.064,3913.7949,-89.7309,-2.2927,103378360.0,157286504.9863
20200525,3828.3206,3835.6333,3800.1796,3829.3245,3824.064,5.2605,0.1376,79033326.0,127011917.7163
20200526,3850.0009,3874.7484,3844.4776,3872.7701,3829.3245,43.4456,1.1345,77448076.0,125445619.3168
20200527,3873.6984,3873.6984,3838.4247,3845.6135,3872.7701,-27.1566,-0.7012,83711831.0,123737501.1645
20200528,3848.4892,3885.4211,3818.4318,3856.6324,3845.6135,11.0189,0.2865,93064054.0,139108407.7923
20200529,3838.3769,3872.3031,3830.4185,3867.0232,3856.6324,10.3908,0.2694,93813832.0,135658136.0282
20200601,3901.7263,3976.3151,3901.7263,3971.3402,3867.0232,104.317,2.6976,136456652.0,208436512.9451
20200602,3969.9521,3991.7761,3958.9774,3983.5677,3971.3402,12.2275,0.3079,144303060.0,195563304.2563
20200603,4001.1708,4018.6759,3982.9299,3983.6477,3983.5677,0.08,0.002,136597483.0,200882767.6769
20200604,3998.1636,3999.8051,3968.5723,3982.1851,3983.6477,-1.4626,-0.0367,104277737.0,149057855.8375
20200605,3988.2239,4001.2509,3967.926,4001.2509,3982.1851,19.0658,0.4788,102443942.0,154311342.9818
20200608,4023.606,4050.2213,4016.1015,4021.9549,4001.2509,20.704,0.5174,137925813.0,193047518.6876
20200609,4027.5613,4052.1557,4016.3387,4047.0293,4021.9549,25.0744,0.6234,115304479.0,166533966.01
20200610,4046.2317,4046.2317,4024.4185,4039.7051,4047.0293,-7.3242,-0.181,112265728.0,166778642.3662
20200611,4031.7396,4043.0123,3979.7522,3995.8846,4039.7051,-43.8205,-1.0847,127308941.0,197079441.8611
20200612,3931.6236,4011.0591,3927.2491,4003.0829,3995.8846,7.1983,0.1801,134166649.0,193504046.7423
20200615,3982.9672,4007.1396,3954.9883,3954.9883,4003.0829,-48.0946,-1.2014,131297860.0,211125336.1438
20200616,3995.5786,4014.5702,3987.8637,4014.5702,3954.9883,59.5819,1.5065,111051539.0,185104029.1589
20200617,4018.6094,4018.6094,3992.1339,4017.5941,4014.5702,3.0239,0.0753,105605799.0,176977503.6112
20200618,4009.7831,4047.5566,4000.9008,4044.3842,4017.5941,26.7901,0.6668,138148761.0,210192918.1462
20200619,4047.0483,4109.3602,4043.4925,4098.7095,4044.3842,54.3253,1.3432,152946990.0,255549797.2996
20200622,4097.5071,4126.9421,4088.7822,4102.0459,4098.7095,3.3364,0.0814,155829465.0,259200520.7257
20200623,4098.0373,4124.725,4080.7533,4121.7944,4102.0459,19.7485,0.4814,129229510.0,234806510.8345
20200624,4128.1003,4144.6782,4123.3582,4138.9895,4121.7944,17.1951,0.4172,121712465.0,224551430.008
20200629,4127.9348,4137.3696,4092.5352,4109.7164,4138.9895,-29.2731,-0.7073,130865854.0,226522059.7629
20200630,4130.0028,4174.4236,4129.7754,4163.9637,4109.7164,54.2473,1.32,125933521.0,227935704.4889
20200701,4172.6425,4247.7835,4163.4954,4247.7835,4163.9637,83.8198,2.013,169990456.0,305711799.7619
20200702,4239.408,4340.1039,4238.1164,4335.8445,4247.7835,88.061,2.0731,252939368.0,399571526.6953
20200703,4353.1937,4419.5955,4348.4535,4419.5955,4335.8445,83.751,1.9316,290485539.0,442335024.2661
20200706,4465.8081,4678.1121,4465.8081,4670.0949,4419.5955,250.4994,5.6679,405821025.0,597438217.7156
20200707,4739.6104,4796.3155,4688.0574,4698.1264,4670.0949,28.0315,0.6002,406008553.0,635254742.706
20200708,4692.8621,4803.3643,4670.6501,4774.0042,4698.1264,75.8778,1.6151,348074847.0,532849825.9645
20200709,4770.0769,4854.1201,4757.2943,4840.7712,4774.0042,66.767,1.3986,351046893.0,556718732.0989
20200710,4796.0873,4821.3745,4734.4725,4753.1333,4840.7712,-87.6379,-1.8104,316949651.0,510472055.0959
20200713,4742.3738,4878.0773,4741.8743,4852.9612,4753.1333,99.8279,2.1003,321645446.0,541105098.721
20200714,4836.1655,4860.4404,4729.9258,4806.6902,4852.9612,-46.271,-0.9535,297241985.0,511211048.1849
20200715,4821.5155,4837.4757,4723.3608,4744.4687,4806.6902,-62.2215,-1.2945,272389006.0,486748347.6804
20200716,4741.5295,4772.5638,4513.6537,4516.2532,4744.4687,-228.2155,-4.8101,284657133.0,511237962.8842
20200717,4524.7717,4601.3733,4485.8214,4544.7007,4516.2532,28.4475,0.6299,207375563.0,372973887.0457
20200720,4597.2038,4681.9431,4534.2305,4680.3046,4544.7007,135.6039,2.9838,246068914.0,416714222.2757
20200721,4697.5026,4714.2925,4661.444,4691.0425,4680.3046,10.7379,0.2294,200415659.0,356069805.7626
20200722,4682.6575,4790.4491,4675.3488,4714.4454,4691.0425,23.4029,0.4989,224199211.0,386470859.9143
20200723,4668.7401,4731.4004,4607.6585,4712.4357,4714.4454,-2.0097,-0.0426,234314569.0,405175268.6609
20200724,4679.0273,4691.698,4479.3928,4505.5906,4712.4357,-206.8451,-4.3893,243905203.0,437726712.2797
20200727,4535.0053,4558.1189,4482.4408,4528.45,4505.5906,22.8594,0.5074,171420551.0,301893370.1632
20200728,4567.6691,4590.2496,4537.6849,4568.2576,4528.45,39.8076,0.8791,162768498.0,292835785.3452
20200729,4559.1634,4680.558,4548.8535,4679.008,4568.2576,110.7504,2.4243,186695305.0,350432649.1605
20200730,4689.7632,4704.6305,4649.7677,4656.1506,4679.008,-22.8574,-0.4885,166967566.0,324009242.6924
20200731,4652.1824,4741.8084,4621.9635,4695.0462,4656.1506,38.8956,0.8354,184839026.0,351119312.415
20200803,4735.8985,4771.3694,4720.025,4771.3108,4695.0462,76.2646,1.6244,214776239.0,401914824.9283
20200804,4778.4866,4807.0782,4747.7748,4775.8024,4771.3108,4.4916,0.0941,239974985.0,426411345.9358
20200805,4761.7637,4786.7031,4711.2723,4777.1089,4775.8024,1.3065,0.0274,196700548.0,347407839.3991
20200806,4779.2377,4791.8565,4691.1569,4762.7642,4777.1089,-14.3447,-0.3003,227854406.0,404323404.0069
20200807,4742.2939,4749.0217,4637.8427,4707.9262,4762.7642,-54.838,-1.1514,213518216.0,397041212.8251
20200810,4681.7553,4757.6634,4646.2885,4724.8697,4707.9262,16.9435,0.3599,203788832.0,371297560.0176
20200811,4730.3748,4791.5337,4674.8642,4681.7837,4724.8697,-43.086,-0.9119,205546511.0,350828586.2411
20200812,4668.8899,4681.6206,4566.2736,4647.6446,4681.7837,-34.1391,-0.7292,202887239.0,347298673.2017
20200813,4666.4901,4671.7689,4626.1033,4635.7126,4647.6446,-11.932,-0.2567,152550092.0,250945872.5789
20200814,4627.61,4708.0709,4617.632,4704.6288,4635.7126,68.9162,1.4866,147292921.0,254343934.2562
20200817,4727.1204,4838.0864,4721.3589,4815.2261,4704.6288,110.5973,2.3508,268001556.0,416469154.934
20200818,4816.5703,4825.3861,4788.8293,4812.7564,4815.2261,-2.4697,-0.0513,189139854.0,314395904.5355
20200819,4804.6655,4809.0499,4738.0086,4740.6784,4812.7564,-72.078,-1.4976,192442948.0,319403284.7083
20200820,4708.1253,4721.4357,4662.8032,4679.1544,4740.6784,-61.524,-1.2978,158368639.0,260486563.5151
20200821,4717.7874,4739.4836,4684.8101,4718.8431,4679.1544,39.6887,0.8482,142657864.0,251775160.2338
20200824,4746.4035,4769.4673,4716.6054,4755.8491,4718.8431,37.006,0.7842,151143512.0,272428686.4186
20200825,4769.2107,4802.4122,4746.313,4761.9507,4755.8491,6.1016,0.1283,141701351.0,262308788.2745
20200826,4761.7186,4786.4249,4689.881,4706.1302,4761.9507,-55.8205,-1.1722,151305180.0,277456360.643
20200827,4718.062,4731.9351,4679.3623,4731.3451,4706.1302,25.2149,0.5358,119042850.0,223631511.4056
20200828,4727.292,4850.4884,4719.3526,4844.2652,4731.3451,112.9201,2.3866,159399765.0,305047882.5086
20200831,4870.9337,4901.2115,4816.2123,4816.2153,4844.2652,-28.0499,-0.579,202567029.0,357005064.6048
20200901,4803.3922,4842.135,4791.7829,4842.1223,4816.2153,25.907,0.5379,138395402.0,262018070.5773
20200902,4859.0754,4863.5509,4797.5204,4843.887,4842.1223,1.7647,0.0364,157989524.0,280778613.7514
20200903,4841.502,4877.0117,4800.0577,4817.0952,4843.887,-26.7918,-0.5531,145671201.0,279411988.7923
20200904,4737.2368,4778.203,4726.5559,4770.219,4817.0952,-46.8762,-0.9731,120032796.0,238463337.8787
20200907,4759.5213,4789.3031,4655.56,4669.3677,4770.219,-100.8513,-2.1142,148607791.0,282316394.0678
20200908,4683.8256,4707.8966,4639.0531,4694.3894,4669.3677,25.0217,0.5359,139199227.0,249198138.0755
20200909,4634.247,4645.1972,4558.0304,4584.5887,4694.3894,-109.8007,-2.339,162277107.0,244905191.9341
20200910,4632.0994,4647.7505,4572.2058,4581.9775,4584.5887,-2.6112,-0.057,150652878.0,226146354.8046
20200911,4572.2572,4630.8842,4563.1061,4627.2826,4581.9775,45.3051,0.9888,115302424.0,198240927.3015
20200914,4652.0539,4666.9862,4625.9877,4651.0507,4627.2826,23.7681,0.5137,107235179.0,211653411.8109
20200915,4649.4472,4691.4997,4630.5374,4688.4826,4651.0507,37.4319,0.8048,101915925.0,194573684.1193
20200916,4683.006,4690.6815,4638.4586,4657.3584,4688.4826,-31.1242,-0.6638,108753641.0,196120184.8509
20200917,4642.0542,4664.9491,4601.639,4632.7142,4657.3584,-24.6442,-0.5291,105983631.0,214146647.2696
20200918,4636.6422,4737.8039,4631.7045,4737.0887,4632.7142,104.3745,2.253,160426475.0,281885944.2293
20200921,4750.7481,4752.9799,4688.7199,4691.4281,4737.0887,-45.6606,-0.9639,124535827.0,224137912.6952
20200922,4654.2179,4706.2096,4622.1111,4635.7608,4691.4281,-55.6673,-1.1866,119672947.0,202909215.5346
20200923,4639.6592,4665.96,4623.5528,4652.3273,4635.7608,16.5665,0.3574,95826528.0,190393472.2763
20200924,4623.9535,4631.9482,4562.2086,4563.0657,4652.3273,-89.2616,-1.9186,112593683.0,193515873.7002
20200925,4582.482,4599.5387,4554.7199,4570.0216,4563.0657,6.9559,0.1524,93015155.0,167457376.9641
20200928,4582.6471,4613.6324,4571.1507,4581.9085,4570.0216,11.8869,0.2601,85048389.0,159314675.4071
20200929,4608.2926,4616.6767,4586.3537,4591.7993,4581.9085,9.8908,0.2159,85993858.0,159937888.5022
20200930,4607.5753,4634.7239,4563.4108,4587.3953,4591.7993,-4.404,-0.0959,89081200.0,165532220.8852
20201009,4663.61,4695.4041,4655.0851,4681.1412,4587.3953,93.7459,2.0436,111337512.0,229926731.4899
20201012,4705.1883,4823.2666,4704.1554,4823.1578,4681.1412,142.0166,3.0338,155784558.0,307848558.046
20201013,4812.8989,4845.9191,4795.373,4839.201,4823.1578,16.0432,0.3326,116516338.0,242172567.2485
20201014,4830.4575,4830.4575,4795.9069,4807.1021,4839.201,-32.0989,-0.6633,111906923.0,229836207.2478
20201015,4810.7821,4833.8925,4796.2647,4798.7361,4807.1021,-8.366,-0.174,109964962.0,213878285.0465
20201016,4798.9162,4825.5518,4765.967,4791.676,4798.7361,-7.0601,-0.1471,116716102.0,204175130.7175
20201019,4823.4944,4849.605,4747.3356,4755.4879,4791.676,-36.1881,-0.7552,129246361.0,225392198.2247
20201020,4751.3694,4793.4672,4739.4583,4793.4672,4755.4879,37.9793,0.7986,98048156.0,185849198.0176
20201021,4801.6313,4801.6313,4758.8552,4792.8284,4793.4672,-0.6388,-0.0133,103805703.0,189978697.0436
20201022,4780.5954,4791.8078,4725.4993,4777.9845,4792.8284,-14.8439,-0.3097,101350891.0,194614971.1698
20201023,4775.4665,4802.456,4717.0984,4718.4881,4777.9845,-59.4964,-1.2452,106825184.0,200985821.9915
20201026,4684.0465,4713.3945,4639.3019,4691.2359,4718.4881,-27.2522,-0.5776,108343275.0,205518988.2844
20201027,4680.1371,4708.4623,4671.8536,4699.2792,4691.2359,8.0433,0.1715,92656304.0,186675545.6904
20201028,4703.0036,4753.3125,4685.6012,4737.2718,4699.2792,37.9926,0.8085,108463402.0,226754264.0671
20201029,4683.607,4803.0317,4679.2529,4772.9198,4737.2718,35.648,0.7525,117117250.0,252303504.9929
20201030,4776.4726,4778.5089,4683.4719,4695.3338,4772.9198,-77.586,-1.6255,139802303.0,280783321.7131
20201102,4702.7457,4738.0239,4695.4436,4720.8313,4695.3338,25.4975,0.543,142867693.0,279027685.1571
20201103,4743.1742,4793.3963,4734.1748,4777.5608,4720.8313,56.7295,1.2017,136055408.0,252390556.3135
20201104,4781.448,4825.4638,4770.5582,4813.6564,4777.5608,36.0956,0.7555,114661806.0,230513773.0463
20201105,4861.3377,4885.1118,4837.9996,4885.1118,4813.6564,71.4554,1.4844,139244594.0,281951932.371
20201106,4897.6295,4897.6295,4845.4293,4885.7178,4885.1118,0.606,0.0124,153639034.0,305365103.6529
20201109,4918.8609,4997.8017,4918.8609,4981.3497,4885.7178,95.6319,1.9574,197131984.0,371923282.0634
20201110,4995.4126,4995.4126,4928.9319,4953.8756,4981.3497,-27.4741,-0.5515,176267214.0,334271459.9637
20201111,4937.7582,4957.5846,4901.7067,4904.8981,4953.8756,-48.9775,-0.9887,164470515.0,303858557.9771
20201112,4916.7736,4926.3422,4891.51,4908.463,4904.8981,3.5649,0.0727,118114619.0,227645907.1472
20201113,4886.9778,4886.9778,4825.7578,4856.8513,4908.463,-51.6117,-1.0515,133693079.0,255353111.7378
20201116,4880.958,4904.1716,4848.6239,4904.1716,4856.8513,47.3203,0.9743,148770980.0,266705031.6715
20201117,4903.12,4909.2902,4865.3942,4894.786,4904.1716,-9.3856,-0.1914,151487464.0,288911408.551
20201118,4889.6749,4911.0876,4870.7162,4891.6716,4894.786,-3.1144,-0.0636,164216616.0,290727223.2272
20201119,4880.9224,4939.7911,4870.2005,4927.9891,4891.6716,36.3175,0.7424,133681378.0,247727135.0005
20201120,4928.2223,4947.4297,4922.5895,4943.2882,4927.9891,15.2991,0.3105,129400341.0,229053679.1954
20201123,4954.5987,5029.6515,4940.4494,5005.0273,4943.2882,61.7391,1.2489,205915187.0,333633826.4167
20201124,4997.0485,5001.0614,4960.9817,4974.2855,5005.0273,-30.7418,-0.6142,156637911.0,264804443.3177
20201125,4992.7466,5004.7732,4910.7,4910.7,4974.2855,-63.5855,-1.2783,170340527.0,277070642.9707
20201126,4908.3208,4925.2857,4867.8153,4919.5912,4910.7,8.8912,0.1811,137202338.0,239748145.4757
20201127,4930.5928,4980.765,4917.3479,4980.765,4919.5912,61.1738,1.2435,162952922.0,253178971.224
20201130,4994.1063,5055.192,4960.2519,4960.2519,4980.765,-20.5131,-0.4118,262638950.0,396495834.4208
20201201,4963.1302,5072.5494,4963.1302,5067.0983,4960.2519,106.8464,2.1541,204065638.0,328451014.4442
20201202,5072.9755,5090.6084,5043.3091,5067.1447,5067.0983,0.0464,0.0009,195435476.0,310609728.8425
20201203,5065.4531,5072.3046,5033.7887,5057.0603,5067.1447,-10.0844,-0.199,177865748.0,275335207.4291
20201204,5049.5231,5072.3865,5017.8506,5065.9163,5057.0603,8.856,0.1751,144347167.0,257798820.7353
20201207,5065.7285,5067.8698,5014.609,5022.2351,5065.9163,-43.6812,-0.8623,139896217.0,264657773.9329
20201208,5029.1063,5043.0605,4998.9218,5009.8786,5022.2351,-12.3565,-0.246,123073029.0,234880648.4391
20201209,5022.3846,5033.6417,4942.5195,4942.6986,5009.8786,-67.18,-1.341,138916965.0,260772774.1529
20201210,4931.2933,4962.7433,4919.7696,4940.5249,4942.6986,-2.1737,-0.044,125914270.0,229651278.3574
20201211,4957.8236,4957.8236,4849.3547,4889.6292,4940.5249,-50.8957,-1.0302,159357697.0,275212730.0699
20201214,4903.627,4937.2601,4887.6599,4934.8352,4889.6292,45.206,0.9245,120801552.0,247878279.7109
20201215,4931.6019,4954.1885,4904.7926,4945.1,4934.8352,10.2648,0.208,118342633.0,248093390.2492
20201216,4957.2971,4968.8558,4938.1932,4953.867,4945.1,8.767,0.1773,106778968.0,229696035.6969
20201217,4960.729,5021.6171,4950.3713,5017.4784,4953.867,63.6114,1.2841,133385479.0,270180356.1093
20201218,5014.3211,5027.4446,4979.0051,4999.9678,5017.4784,-17.5106,-0.349,128049618.0,258938551.5358
20201221,4995.7622,5048.5074,4969.999,5046.8396,4999.9678,46.8718,0.9374,140811782.0,298204296.8433
20201222,5034.9831,5055.1348,4960.9457,4964.7727,5046.8396,-82.0669,-1.6261,162344970.0,326758817.6633
20201223,4977.2994,5028.4506,4968.1509,5007.1235,4964.7727,42.3508,0.853,140292819.0,308729037.4737
20201224,5006.0051,5033.038,4979.2371,5000.0154,5007.1235,-7.1081,-0.142,114418667.0,246674476.1888
20201225,4985.7695,5042.0978,4973.6812,5042.0137,5000.0154,41.9983,0.84,121006979.0,243992268.2433
20201228,5042.9432,5089.3447,5037.8582,5064.4147,5042.0137,22.401,0.4443,136914407.0,281019254.1705
20201229,5071.449,5077.4167,5034.3078,5042.9361,5064.4147,-21.4786,-0.4241,141198662.0,279035233.2538
20201230,5037.9848,5113.7105,5036.6288,5113.7105,5042.9361,70.7744,1.4034,148626448.0,296577812.603
20201231,5122.4799,5215.6178,5122.4799,5211.2885,5113.7105,97.578,1.9082,171602509.0,358731371.8347
20210104,5212.9313,5284.4343,5190.9372,5267.7181,5211.2885,56.4296,1.0828,211711382.0,452796175.554
20210105,5245.8355,5368.5049,5234.3775,5368.5049,5267.7181,100.7868,1.9133,224931159.0,498041939.7613
20210106,5386.5144,5433.4694,5341.4304,5417.6677,5368.5049,49.1628,0.9158,193773444.0,444434377.1373
20210107,5428.3944,5513.6568,5413.3526,5513.6568,5417.6677,95.9891,1.7718,219872080.0,473385353.6958
20210108,5526.2876,5547.4733,5442.6939,5495.4306,5513.6568,-18.2262,-0.3306,204324956.0,473567653.9786
20210111,5504.2358,5555.6916,5412.5046,5441.1583,5495.4306,-54.2723,-0.9876,231835983.0,522298482.5443
20210112,5419.4996,5596.3525,5417.6272,5596.3525,5441.1583,155.1942,2.8522,224220186.0,486233760.7398
20210113,5609.2637,5644.7195,5535.1435,5577.9711,5596.3525,-18.3814,-0.3285,261569886.0,546959736.3655
20210114,5556.2125,5568.0179,5458.6818,5470.4563,5577.9711,-107.5148,-1.9275,243683380.0,501890111.879
20210115,5471.391,5500.6348,5390.2737,5458.0812,5470.4563,-12.3751,-0.2262,238637435.0,475709920.3723
20210118,5438.1618,5541.4613,5410.775,5518.5205,5458.0812,60.4393,1.1073,207051869.0,422717209.153
20210119,5525.969,5532.4793,5415.7166,5437.5234,5518.5205,-80.9971,-1.4677,211043425.0,433205176.4499
20210120,5439.9111,5496.0493,5426.5357,5476.4336,5437.5234,38.9102,0.7156,170913260.0,373770384.4964
20210121,5492.9587,5593.1058,5490.5626,5564.9693,5476.4336,88.5357,1.6167,209950197.0,453183684.4789
20210122,5562.379,5573.6594,5513.8769,5569.776,5564.9693,4.8067,0.0864,199300020.0,456622193.4356
20210125,5564.1237,5655.4795,5543.2663,5625.9232,5569.776,56.1472,1.0081,197047019.0,508166980.802
20210126,5600.9017,5600.9017,5505.9962,5512.9678,5625.9232,-112.9554,-2.0078,171904590.0,415008069.865
20210127,5505.7708,5534.9928,5449.6385,5528.0034,5512.9678,15.0356,0.2727,160190841.0,376892605.8391
20210128,5450.3695,5462.2352,5360.3766,5377.1427,5528.0034,-150.8607,-2.729,170485585.0,376166523.1775
20210129,5413.9684,5430.2015,5288.0955,5351.9646,5377.1427,-25.1781,-0.4682,182178784.0,390287690.019
20210201,5356.8535,5422.299,5342.0458,5417.6484,5351.9646,65.6838,1.2273,166313706.0,346859083.73
20210202,5429.7032,5503.2145,5411.5173,5501.0915,5417.6484,83.4431,1.5402,165210565.0,380016716.1119
20210203,5499.2961,5532.8864,5473.1237,5485.2008,5501.0915,-15.8907,-0.2889,188054317.0,404343602.6377
20210204,5453.9764,5510.0535,5411.5749,5473.9475,5485.2008,-11.2533,-0.2052,180575654.0,397995205.3799
20210205,5494.7011,5550.7714,5477.6517,5483.414,5473.9475,9.4665,0.1729,189699598.0,395400134.4902
20210208,5506.1423,5576.4908,5479.8529,5564.5618,5483.414,81.1478,1.4799,164033775.0,367582771.6588
20210209,5584.165,5686.2502,5555.0537,5686.2502,5564.5618,121.6884,2.1868,164887260.0,378769121.1719
20210210,5709.684,5823.4219,5707.3295,5807.7191,5686.2502,121.4689,2.1362,170169786.0,417056463.3609
20210218,5922.0714,5930.9122,5747.6631,5768.3814,5807.7191,-39.3377,-0.6773,218848686.0,507481235.9777
20210219,5734.0193,5787.8871,5667.3209,5778.842,5768.3814,10.4606,0.1813,214475780.0,456433793.7021
20210222,5785.5097,5785.5097,5597.3327,5597.3327,5778.842,-181.5093,-3.1409,282124382.0,543633153.2165
20210223,5542.6841,5644.7551,5541.1092,5579.6681,5597.3327,-17.6646,-0.3156,233807727.0,424904470.8142
20210224,5591.4795,5598.8284,5379.7278,5437.5683,5579.6681,-142.0998,-2.5467,225428610.0,472369211.0042
20210225,5494.4706,5527.6296,5444.1646,5469.5584,5437.5683,31.9901,0.5883,230736028.0,412206157.1407
20210226,5343.9041,5416.3197,5318.8579,5336.7609,5469.5584,-132.7975,-2.4279,212264543.0,405717700.1279
20210301,5389.2499,5421.555,5345.9449,5418.7837,5336.7609,82.0228,1.5369,177463523.0,358146545.967
20210302,5453.2847,5454.9687,5305.0545,5349.6301,5418.7837,-69.1536,-1.2762,196511115.0,376444604.6953
20210303,5327.3467,5452.396,5316.4809,5452.2125,5349.6301,102.5824,1.9176,194709054.0,337610313.5964
20210304,5388.4785,5392.3725,5254.7771,5280.7058,5452.2125,-171.5067,-3.1456,212775211.0,384382456.961
20210305,5191.9699,5307.8203,5174.2458,5262.7958,5280.7058,-17.91,-0.3392,202627956.0,352539774.2949
20210308,5299.7907,5326.2602,5079.7984,5080.0246,5262.7958,-182.7712,-3.4729,230231635.0,407133802.1417
20210309,5066.1546,5094.311,4917.909,4970.9994,5080.0246,-109.0252,-2.1462,230711004.0,414415213.8062
20210310,5047.0589,5055.2785,4981.6161,5003.6121,4970.9994,32.6127,0.6561,169928490.0,309577408.7149
20210311,5024.5586,5138.4146,5020.5784,5128.2156,5003.6121,124.6035,2.4903,189600766.0,333859199.6786
20210312,5153.674,5153.674,5086.8234,5146.3786,5128.2156,18.163,0.3542,201020589.0,323237751.4134
20210315,5116.1228,5120.8757,4992.3989,5035.5441,5146.3786,-110.8345,-2.1536,204153084.0,330740513.8079
20210316,5054.4089,5084.3085,5009.951,5079.3624,5035.5441,43.8183,0.8702,161390054.0,271755048.5636
20210317,5062.7706,5123.5452,5020.1255,5100.8581,5079.3624,21.4957,0.4232,149162376.0,263492417.7089
20210318,5114.5872,5160.4566,5111.1294,5141.7681,5100.8581,40.91,0.802,142901518.0,260930046.8447
20210319,5068.5319,5089.9175,4980.7609,5007.0907,5141.7681,-134.6774,-2.6193,164174849.0,282974489.2372
20210322,5008.3953,5071.3378,4996.541,5057.152,5007.0907,50.0613,0.9998,167402632.0,264209098.943
20210323,5057.0632,5064.02,4966.534,5009.2459,5057.152,-47.9061,-0.9473,158013967.0,255755377.6596
20210324,4985.4013,5024.3274,4919.8932,4928.6853,5009.2459,-80.5606,-1.6082,159385982.0,265970020.152
20210325,4904.0683,4950.7608,4883.6615,4926.3469,4928.6853,-2.3384,-0.0474,132945189.0,219782049.4617
20210326,4953.9453,5050.8292,4953.9453,5037.9899,4926.3469,111.643,2.2662,145926697.0,273901922.4313
20210329,5052.2634,5086.6543,5010.3902,5046.8773,5037.9899,8.8874,0.1764,143388215.0,266176599.9705
20210330,5043.0952,5106.0365,5032.795,5094.7291,5046.8773,47.8518,0.9481,138618560.0,254928014.4613
20210331,5085.9497,5085.9497,5015.607,5048.3607,5094.7291,-46.3684,-0.9101,141335743.0,241058485.5544
20210401,5059.9359,5115.4286,5056.8718,5110.7768,5048.3607,62.4161,1.2364,120324890.0,211493324.3911
20210402,5129.8545,5169.8312,5116.3472,5161.5569,5110.7768,50.7801,0.9936,127002254.0,248060376.2241
20210406,5178.6401,5181.149,5125.3301,5140.3418,5161.5569,-21.2151,-0.411,109834210.0,213852444.0654
20210407,5141.6556,5141.6556,5065.1932,5103.7428,5140.3418,-36.599,-0.712,145763748.0,246271190.2965
20210408,5078.2627,5129.1318,5062.0725,5112.2086,5103.7428,8.4658,0.1659,141771047.0,228422004.6747
20210409,5100.0422,5100.0422,5022.0926,5035.3374,5112.2086,-76.8712,-1.5037,128416509.0,221519791.6776
20210412,5026.9791,5045.6018,4933.0126,4947.7459,5035.3374,-87.5915,-1.7395,152644314.0,267218195.7727
20210413,4949.8074,4994.5404,4924.1979,4939.6438,4947.7459,-8.1021,-0.1638,132919358.0,225753230.6492
20210414,4945.6857,4987.1191,4940.2686,4980.6279,4939.6438,40.9841,0.8297,120860838.0,221036276.09
20210415,4969.9099,4969.9099,4900.3033,4948.9741,4980.6279,-31.6538,-0.6355,108829384.0,213820884.1035
20210416,4966.8999,4979.1731,4917.9596,4966.1811,4948.9741,17.207,0.3477,111239924.0,213389173.7135
20210419,4966.409,5088.2106,4940.7473,5087.0165,4966.1811,120.8354,2.4332,154769824.0,307899776.7375
20210420,5065.7757,5119.8586,5058.9247,5083.3654,5087.0165,-3.6511,-0.0718,136541700.0,276640588.1591
20210421,5055.2398,5110.5623,5047.9916,5098.7449,5083.3654,15.3795,0.3025,124637277.0,242574995.256
20210422,5114.2799,5119.2246,5067.1382,5089.2435,5098.7449,-9.5014,-0.1863,121167645.0,241488845.7561
20210423,5088.8263,5149.9825,5086.4914,5135.4534,5089.2435,46.2099,0.908,122056991.0,264345183.1189
20210426,5156.5941,5181.1066,5072.9585,5077.2372,5135.4534,-58.2162,-1.1336,151381967.0,325760384.2783
20210427,5076.6415,5095.9842,5042.6099,5090.5195,5077.2372,13.2823,0.2616,123961837.0,254738009.8336
20210428,5073.9728,5119.4455,5059.2628,5119.2421,5090.5195,28.7226,0.5642,120620318.0,272182521.8932
20210429,5128.2795,5170.5852,5113.6484,5164.1692,5119.2421,44.9271,0.8776,140092480.0,294112454.3663
20210430,5156.3557,5163.2517,5094.9285,5123.489,5164.1692,-40.6802,-0.7877,160121621.0,315075102.8849
20210506,5098.8006,5132.8986,5037.4083,5061.1244,5123.489,-62.3646,-1.2172,158822630.0,323258264.6415
20210507,5073.4554,5093.7471,4996.037,4996.0527,5061.1244,-65.0717,-1.2857,172258321.0,304638402.155
20210510,5001.4371,5019.3927,4953.6965,4992.422,4996.0527,-3.6307,-0.0727,170820585.0,282656808.8534
20210511,4956.0794,5033.4938,4925.9152,5023.0595,4992.422,30.6375,0.6137,151526497.0,270931616.5129
20210512,5003.8171,5051.1682,4995.4048,5044.5481,5023.0595,21.4886,0.4278,126619086.0,228344006.493
20210513,4992.3519,5022.0836,4975.4462,4992.9738,5044.5481,-51.5743,-1.0224,132279406.0,237821404.3453
20210514,5007.6286,5112.9838,4981.2948,5110.5901,4992.9738,117.6163,2.3556,159426180.0,318802786.8229
20210517,5115.3063,5206.6947,5115.3063,5184.9853,5110.5901,74.3952,1.4557,153889634.0,335439913.4241
20210518,5190.9345,5201.6721,5156.7924,5187.6013,5184.9853,2.616,0.0505,118404261.0,238182265.9219
20210519,5173.1666,5193.5574,5151.6392,5172.272,5187.6013,-15.3293,-0.2955,118729983.0,250736278.1558
20210520,5167.0546,5201.5935,5152.0358,5186.412,5172.272,14.14,0.2734,138454775.0,277088462.0473
20210521,5199.1285,5216.1615,5123.1171,5134.1483,5186.412,-52.2637,-1.0077,124768485.0,268053627.5306
20210524,5138.8149,5155.5875,5092.3894,5155.5875,5134.1483,21.4392,0.4176,126742336.0,278513133.226
20210525,5165.0361,5324.3609,5161.5238,5318.478,5155.5875,162.8905,3.1595,182996839.0,404683305.6411
20210526,5326.1169,5344.2837,5308.7389,5320.5927,5318.478,2.1147,0.0398,169607096.0,346444644.7928
20210527,5311.3726,5378.4764,5286.05,5338.2329,5320.5927,17.6402,0.3315,148462855.0,311893705.9351
20210528,5338.7278,5360.2774,5288.6515,5321.0886,5338.2329,-17.1443,-0.3212,164605806.0,330711896.3442
20210531,5318.0825,5331.6294,5281.6851,5331.5696,5321.0886,10.481,0.197,144603269.0,321450798.2335
20210601,5320.4745,5343.7529,5269.259,5341.6798,5331.5696,10.1102,0.1896,143831474.0,321845842.1534
20210602,5348.344,5352.6404,5266.7852,5289.9736,5341.6798,-51.7062,-0.968,137754319.0,296176177.1535
20210603,5285.7098,5314.3691,5255.0719,5255.2855,5289.9736,-34.6881,-0.6557,141968878.0,285448632.4889
20210604,5228.2761,5334.4899,5221.2291,5282.2772,5255.2855,26.9917,0.5136,144732087.0,292326048.7755
20210607,5284.8907,5286.8424,5242.9481,5277.6271,5282.2772,-4.6501,-0.088,127704971.0,280463260.5832
20210608,5276.9711,5319.0406,5201.1404,5232.1165,5277.6271,-45.5106,-0.8623,130559532.0,304042218.2662
20210609,5224.9496,5253.3555,5215.3506,5236.4493,5232.1165,4.3328,0.0828,121820321.0,255075448.703
20210610,5236.4691,5299.5299,5229.5182,5271.4661,5236.4493,35.0168,0.6687,138991967.0,301454334.6098
20210611,5275.7456,5276.1039,5213.5991,5224.703,5271.4661,-46.7631,-0.8871,180807173.0,365363494.5418
20210615,5218.5648,5225.5021,5137.409,5166.5597,5224.703,-58.1433,-1.1129,142880058.0,330616618.6215
20210616,5163.2493,5164.5192,5076.0222,5080.4909,5166.5597,-86.0688,-1.6659,125147985.0,298286772.9334
20210617,5074.3839,5123.3651,5073.8211,5101.8924,5080.4909,21.4015,0.4212,120452518.0,281927280.7233
20210618,5104.9297,5128.0309,5064.9208,5102.4657,5101.8924,0.5733,0.0112,148585805.0,356697096.1159
20210621,5088.0893,5123.7827,5058.5699,5090.3854,5102.4657,-12.0803,-0.2368,132184516.0,331527114.639
20210622,5106.0743,5125.8186,5086.2776,5122.1583,5090.3854,31.7729,0.6242,130416753.0,313690367.1254
20210623,5127.191,5171.033,5109.7571,5147.3938,5122.1583,25.2355,0.4927,136356058.0,358765666.3297
20210624,5156.5638,5160.4346,5120.5844,5155.9738,5147.3938,8.58,0.1667,126685625.0,312607422.6093
20210625,5159.8017,5251.6076,5157.4758,5239.9684,5155.9738,83.9946,1.6291,154931061.0,368265641.2411
20210628,5253.6081,5260.6372,5226.2201,5251.7604,5239.9684,11.792,0.225,133193783.0,337452771.6756
20210629,5248.5249,5248.5249,5182.6771,5190.5445,5251.7604,-61.2159,-1.1656,125162997.0,314896843.0243
20210630,5189.3797,5231.4262,5186.625,5224.041,5190.5445,33.4965,0.6453,103752671.0,281015504.9405
20210701,5241.2039,5252.2642,5190.8762,5229.6642,5224.041,5.6232,0.1076,127240620.0,324097400.2675
20210702,5186.6613,5186.6613,5074.3621,5081.1172,5229.6642,-148.547,-2.8405,130426424.0,342578961.2483
20210705,5073.7787,5098.2305,5048.004,5085.7924,5081.1172,4.6752,0.092,131211589.0,335197786.6298
20210706,5089.778,5092.2066,5028.5058,5083.1043,5085.7924,-2.6881,-0.0529,140655220.0,362828901.8489
20210707,5052.4204,5152.7711,5045.4056,5140.4899,5083.1043,57.3856,1.1289,148549060.0,336731403.3757
20210708,5149.3095,5151.2171,5078.9295,5088.2566,5140.4899,-52.2333,-1.0161,173901008.0,397879869.8797
20210709,5063.148,5081.4086,5006.4115,5069.4361,5088.2566,-18.8205,-0.3699,160653226.0,352845583.7689
20210712,5108.3783,5159.4115,5070.3188,5132.7088,5069.4361,63.2727,1.2481,206212039.0,437203145.9433
20210713,5128.6138,5154.0508,5114.943,5142.0991,5132.7088,9.3903,0.183,166482209.0,361328491.6533
20210714,5130.7522,5130.7522,5075.1252,5083.0849,5142.0991,-59.0142,-1.1477,188352720.0,372568110.2916
20210715,5073.2634,5153.8056,5067.6767,5151.4626,5083.0849,68.3777,1.3452,181077103.0,372484081.1226
20210716,5140.904,5140.904,5090.6321,5094.7727,5151.4626,-56.6899,-1.1005,169955982.0,362594258.079
20210719,5083.7276,5120.8235,5047.6234,5113.4945,5094.7727,18.7218,0.3675,153199589.0,340322623.7921
20210720,5080.2158,5114.0033,5067.8619,5108.9941,5113.4945,-4.5004,-0.088,129300044.0,283543130.7552
20210721,5122.7843,5160.5447,5122.3046,5144.0428,5108.9941,35.0487,0.686,167976469.0,390275519.3054
20210722,5150.3859,5171.2096,5137.8795,5151.7517,5144.0428,7.7089,0.1499,185556864.0,418221654.806
20210723,5145.4308,5145.4308,5079.9973,5089.2282,5151.7517,-62.5235,-1.2136,216536847.0,435521169.695
20210726,5067.3072,5067.3072,4859.6031,4925.299,5089.2282,-163.9292,-3.2211,228111710.0,495153655.1167
20210727,4924.2816,4940.86,4749.0327,4751.313,4925.299,-173.986,-3.5325,236631225.0,521146117.0411
20210728,4714.2948,4785.6567,4663.9009,4760.4826,4751.313,9.1696,0.193,192634393.0,419706155.1628
20210729,4845.7603,4857.9709,4800.0125,4850.2746,4760.4826,89.792,1.8862,173322054.0,415676120.8776
20210730,4825.7002,4825.7002,4761.0376,4811.1695,4850.2746,-39.1051,-0.8062,182349776.0,420943935.0618
20210802,4794.8192,4938.8154,4761.4593,4933.736,4811.1695,122.5665,2.5475,227194918.0,524659449.2955
20210803,4909.2325,4957.0291,4890.8495,4934.4583,4933.736,0.7223,0.0146,203533360.0,471194128.4019
20210804,4927.7358,4979.2911,4919.6569,4978.8479,4934.4583,44.3896,0.8996,175466461.0,425801406.6118
20210805,4946.1668,4997.1397,4921.9382,4948.6703,4978.8479,-30.1776,-0.6061,167381829.0,398772206.8082
20210806,4943.0427,4944.3486,4891.7968,4921.5647,4948.6703,-27.1056,-0.5477,154179688.0,371773603.7851
20210809,4890.2573,5002.8944,4884.0392,4985.5627,4921.5647,63.998,1.3004,182436871.0,408897062.9354
20210810,4977.8164,5043.7608,4941.2399,5043.148,4985.5627,57.5853,1.155,167051902.0,410098755.6103
20210811,5037.0819,5059.7887,5009.9782,5015.3406,5043.148,-27.8074,-0.5514,182266074.0,373386347.2074
20210812,4998.0733,5016.2628,4962.985,4973.3509,5015.3406,-41.9897,-0.8372,168223733.0,361828381.9644
20210813,4958.7577,4993.7432,4921.2812,4945.9829,4973.3509,-27.368,-0.5503,158314321.0,352459069.0355
20210816,4935.9229,4973.3761,4931.3691,4941.0676,4945.9829,-4.9153,-0.0994,161953373.0,340735120.1747
20210817,4935.0044,4967.5648,4823.3923,4837.4034,4941.0676,-103.6642,-2.098,187573472.0,388457131.5037
20210818,4838.4706,4909.5409,4818.9013,4894.2384,4837.4034,56.835,1.1749,197474378.0,395792165.7598
20210819,4886.564,4893.467,4839.5681,4862.1394,4894.2384,-32.099,-0.6559,201711719.0,397424964.846
20210820,4817.4937,4835.153,4720.8257,4769.2678,4862.1394,-92.8716,-1.9101,177635810.0,404938035.6674
20210823,4777.7347,4843.8193,4764.0089,4835.8782,4769.2678,66.6104,1.3967,167579093.0,389599126.282
20210824,4844.5925,4906.2036,4842.7476,4888.3902,4835.8782,52.512,1.0859,197883163.0,417481426.1582
20210825,4890.5211,4899.7651,4865.7646,4898.1572,4888.3902,9.767,0.1998,189448016.0,371868197.4586
20210826,4892.2044,4892.2044,4798.6954,4801.6094,4898.1572,-96.5478,-1.9711,197617387.0,368987718.5059
20210827,4794.974,4863.4692,4793.5908,4827.0433,4801.6094,25.4339,0.5297,183310211.0,368421410.2812
20210830,4847.0348,4849.1598,4787.1999,4813.2703,4827.0433,-13.773,-0.2853,219635757.0,477182071.7198
20210831,4803.0854,4821.7564,4740.7524,4805.6099,4813.2703,-7.6604,-0.1592,235118658.0,460805653.996
20210901,4804.6863,4906.4024,4763.2992,4869.4587,4805.6099,63.8488,1.3286,326721080.0,568819748.4058
20210902,4865.8218,4892.7049,4845.6246,4869.4113,4869.4587,-0.0474,-0.001,267858013.0,465954132.7971
20210903,4875.0656,4886.5477,4828.6991,4843.0624,4869.4113,-26.3489,-0.5411,268091896.0,466430119.6996
20210906,4841.0623,4944.4497,4837.7859,4933.7262,4843.0624,90.6638,1.872,240507245.0,452756275.2919
20210907,4932.9759,5005.9606,4915.6119,4992.8294,4933.7262,59.1032,1.1979,244178519.0,417759639.1209
20210908,4986.7953,5013.9764,4955.8876,4972.1324,4992.8294,-20.697,-0.4145,264615315.0,428591077.7081
20210909,4952.4924,4970.147,4929.9501,4970.0133,4972.1324,-2.1191,-0.0426,256530217.0,401675689.2758
20210910,4967.9759,5042.7994,4962.3707,5013.5219,4970.0133,43.5086,0.8754,288304352.0,472762533.2392
20210913,5006.7748,5029.7237,4964.9599,4991.6598,5013.5219,-21.8621,-0.4361,249915298.0,433329627.4211
20210914,4989.8348,5000.9772,4907.3159,4917.1617,4991.6598,-74.4981,-1.4925,245590402.0,417245830.7822
20210915,4903.8471,4903.8471,4843.1158,4867.3187,4917.1617,-49.843,-1.0137,187984730.0,363256653.8783
20210916,4866.7936,4879.5306,4806.1442,4807.6978,4867.3187,-59.6209,-1.2249,216752099.0,393517267.1656
20210917,4797.1129,4857.958,4786.0876,4855.9402,4807.6978,48.2424,1.0034,201958127.0,360397420.0867
20210922,4770.7323,4830.8496,4765.2301,4821.7675,4855.9402,-34.1727,-0.7037,191220376.0,311952989.4321
20210923,4848.2223,4877.3359,4837.5571,4853.1957,4821.7675,31.4282,0.6518,228151064.0,362140919.563
20210924,4845.638,4897.0596,4838.5352,4849.4277,4853.1957,-3.768,-0.0776,207693290.0,361849453.1973
20210927,4870.8482,4922.5626,4852.1997,4877.3698,4849.4277,27.9421,0.5762,215967030.0,426083025.4175
20210928,4869.0845,4901.3114,4846.6306,4883.828,4877.3698,6.4582,0.1324,176890880.0,321272191.534
20210929,4846.0212,4868.0678,4799.877,4833.9281,4883.828,-49.8999,-1.0217,188171366.0,331841767.7489
20210930,4843.9531,4876.0728,4843.9531,4866.3826,4833.9281,32.4545,0.6714,146113896.0,283254685.2322
20211008,4915.7305,4937.0918,4891.6249,4929.9409,4866.3826,63.5583,1.3061,168968077.0,343635835.3064
20211011,4941.2918,4983.7294,4930.7132,4936.1918,4929.9409,6.2509,0.1268,163511624.0,315186321.3821
20211012,4920.6596,4925.4883,4840.77,4883.8369,4936.1918,-52.3549,-1.0606,168079337.0,299424238.6011
20211013,4880.144,4953.3749,4869.8307,4940.1089,4883.8369,56.272,1.1522,131142813.0,280044666.6284
20211014,4934.2575,4953.9231,4903.2498,4913.6123,4940.1089,-26.4966,-0.5364,119557013.0,249151666.5542
20211015,4896.5578,4939.8153,4881.0136,4932.1084,4913.6123,18.4961,0.3764,142822001.0,300728491.2012
20211018,4922.5137,4922.5137,4844.9383,4874.7753,4932.1084,-57.3331,-1.1624,141245199.0,302539444.437
20211019,4869.3907,4928.1433,4868.8106,4922.7232,4874.7753,47.9479,0.9836,135266493.0,282928243.8068
20211020,4926.7727,4944.0216,4898.3651,4910.1846,4922.7232,-12.5386,-0.2547,141533183.0,279747732.4551
20211021,4914.7378,4946.1764,4893.8525,4928.0156,4910.1846,17.831,0.3631,148898154.0,274802962.4949
20211022,4934.8698,4989.887,4934.8698,4959.7254,4928.0156,31.7098,0.6435,143926228.0,289252612.1999
20211025,4940.8962,4981.6499,4930.112,4979.5235,4959.7254,19.7981,0.3992,141861490.0,299408232.1576
20211026,4983.2383,5002.5746,4953.4787,4963.0984,4979.5235,-16.4251,-0.3299,140888943.0,301786229.7404
20211027,4949.2269,4949.2269,4884.9418,4898.1644,4963.0984,-64.934,-1.3083,147111593.0,299460469.4147
20211028,4882.5858,4898.6576,4846.2779,4864.138,4898.1644,-34.0264,-0.6947,156649472.0,316631709.5663
20211029,4861.2667,4908.7701,4855.7593,4908.7701,4864.138,44.6321,0.9176,159887353.0,368731987.3102
20211101,4878.1276,4908.2056,4858.2485,4890.6851,4908.7701,-18.085,-0.3684,171583974.0,379730767.559
20211102,4886.1849,4911.2266,4797.899,4839.8457,4890.6851,-50.8394,-1.0395,185437688.0,385731879.8175
20211103,4835.8093,4858.7133,4804.3657,4821.1119,4839.8457,-18.7338,-0.3871,142763820.0,302269934.6562
20211104,4841.0912,4873.9394,4834.7433,4868.7419,4821.1119,47.63,0.9879,132592970.0,308688054.5736
20211105,4858.8999,4889.6835,4841.7442,4842.3458,4868.7419,-26.3961,-0.5422,147789359.0,312070841.453
20211108,4841.1527,4866.0822,4827.6892,4848.1795,4842.3458,5.8337,0.1205,137398264.0,295893824.0004
20211109,4858.2525,4870.7905,4818.5386,4846.7444,4848.1795,-1.4351,-0.0296,118375526.0,261645065.3762
20211110,4832.8006,4832.8006,4753.9959,4821.1925,4846.7444,-25.5519,-0.5272,135118179.0,301058966.2705
20211111,4814.7655,4898.6529,4809.1109,4898.6529,4821.1925,77.4604,1.6067,160484863.0,323624626.0694
20211112,4902.9289,4909.0839,4875.3492,4888.3749,4898.6529,-10.278,-0.2098,132662969.0,271773244.503
20211115,4894.4119,4906.3301,4863.396,4882.3777,4888.3749,-5.9972,-0.1227,121823149.0,272997748.9102
20211116,4880.8964,4915.3717,4876.5004,4883.3206,4882.3777,0.9429,0.0193,127254406.0,284094590.893
20211117,4883.2481,4891.5232,4864.5198,4885.7544,4883.3206,2.4338,0.0498,108459223.0,246177916.9486
20211118,4871.4216,4871.4216,4830.4123,4837.6185,4885.7544,-48.1359,-0.9852,114480565.0,244484713.7971
20211119,4832.0595,4892.8093,4829.5665,4890.0575,4837.6185,52.439,1.084,127198312.0,266280681.8636
20211122,4895.3875,4918.9957,4893.2732,4912.399,4890.0575,22.3415,0.4569,138092836.0,316148811.48
20211123,4905.7587,4927.5211,4896.8781,4913.3457,4912.399,0.9467,0.0193,154304411.0,301022146.0811
20211124,4914.0266,4935.4885,4899.6112,4916.6579,4913.3457,3.3122,0.0674,137150673.0,289707337.7086
20211125,4917.6055,4921.3333,4891.728,4896.4416,4916.6579,-20.2163,-0.4112,115984031.0,255450994.3521
20211126,4886.9516,4886.9516,4850.8114,4860.1265,4896.4416,-36.3151,-0.7417,120368974.0,243041335.6472
20211129,4820.0053,4858.5322,4818.7058,4851.423,4860.1265,-8.7035,-0.1791,133626862.0,285995221.6568
20211130,4857.183,4871.2528,4810.2192,4832.026,4851.423,-19.397,-0.3998,129630596.0,279268234.018
20211201,4831.8885,4844.5242,4823.9254,4843.851,4832.026,11.825,0.2447,123086789.0,255968912.3621
20211202,4839.9137,4866.8505,4830.3228,4856.163,4843.851,12.312,0.2542,148088521.0,278051726.1557
20211203,4856.9802,4901.0175,4853.3505,4901.0175,4856.163,44.8545,0.9237,144059626.0,300052698.3422
20211206,4909.4292,4943.9032,4888.6927,4892.6209,4901.0175,-8.3966,-0.1713,173615683.0,333405791.0149
20211207,4930.8261,4934.0973,4895.2178,4922.1015,4892.6209,29.4806,0.6026,179053460.0,340617766.2378
20211208,4934.4056,4995.9298,4915.7898,4995.9298,4922.1015,73.8283,1.4999,157490559.0,329064831.2389
20211209,5000.6871,5114.5012,4999.4097,5078.6901,4995.9298,82.7603,1.6566,220568776.0,425680958.7791
20211210,5046.2677,5060.0554,5035.8087,5055.1172,5078.6901,-23.5729,-0.4642,193695154.0,356917625.3795
20211213,5090.0207,5143.841,5079.7276,5083.8007,5055.1172,28.6835,0.5674,211801596.0,426376532.4771
20211214,5066.3497,5075.2138,5038.8583,5049.6953,5083.8007,-34.1054,-0.6709,159107790.0,318685538.0735
20211215,5036.284,5060.368,5003.7776,5005.8991,5049.6953,-43.7962,-0.8673,150529752.0,291072568.7608
20211216,5006.6105,5034.7321,4987.2247,5034.7321,5005.8991,28.833,0.576,144053867.0,291474766.8662
20211217,5021.3385,5022.1067,4954.7592,4954.7599,5034.7321,-79.9722,-1.5884,149005399.0,297943311.1866
20211220,4934.9662,4971.6727,4872.6846,4880.4178,4954.7599,-74.3421,-1.5004,169675690.0,317536919.39
20211221,4876.5141,4917.7994,4872.9491,4913.4853,4880.4178,33.0675,0.6776,143339898.0,259023177.3226
20211222,4924.5771,4936.6731,4903.1652,4914.4544,4913.4853,0.9691,0.0197,133256740.0,244642450.5137
20211223,4924.2912,4948.7389,4906.7473,4948.7389,4914.4544,34.2845,0.6976,139555406.0,263359754.8007
20211224,4953.0616,4964.9064,4905.9785,4921.3449,4948.7389,-27.394,-0.5536,142673323.0,290483663.5064
20211227,4918.1462,4939.689,4894.1598,4919.3238,4921.3449,-2.0211,-0.0411,124100952.0,254421525.1727
20211228,4923.6917,4959.1448,4913.5983,4955.9644,4919.3238,36.6406,0.7448,130457757.0,276316732.1812
20211229,4958.6455,4958.6455,4883.4804,4883.4804,4955.9644,-72.484,-1.4626,113587002.0,273225467.1122
20211230,4882.1561,4940.178,4878.6478,4921.5109,4883.4804,38.0305,0.7788,121617178.0,268022477.3118
20211231,4937.463,4950.3639,4923.1392,4940.3733,4921.5109,18.8624,0.3833,121313737.0,266975388.7232
20220104,4957.9835,4961.4527,4874.5337,4917.7653,4940.3733,-22.608,-0.4576,151534776.0,336516961.627
20220105,4907.9347,4916.2822,4851.9835,4868.1202,4917.7653,-49.6451,-1.0095,178816100.0,363944528.8479
20220106,4842.156,4857.5596,4786.433,4818.2318,4868.1202,-49.8884,-1.0248,157665826.0,321750076.5492
20220107,4824.3181,4856.6522,4818.1931,4822.3689,4818.2318,4.1371,0.0859,187139413.0,332218950.7345
20220110,4812.23,4844.3928,4780.8191,4844.0451,4822.3689,21.6762,0.4495,156211696.0,305033816.7835
20220111,4840.0087,4850.879,4791.8854,4797.7735,4844.0451,-46.2716,-0.9552,146928004.0,286445756.0337
20220112,4818.8902,4852.7314,4810.919,4845.5787,4797.7735,47.8052,0.9964,143200204.0,293153042.8452
20220113,4853.0314,4853.0632,4765.2416,4765.9191,4845.5787,-79.6596,-1.644,142519653.0,288799117.0433
20220114,4743.9124,4764.0522,4723.9428,4726.7317,4765.9191,-39.1874,-0.8222,146863126.0,281828448.5174
20220117,4728.7595,4775.2385,4726.7083,4767.2762,4726.7317,40.5445,0.8578,115295691.0,263788241.676
20220118,4766.7811,4826.3003,4747.92,4813.3472,4767.2762,46.071,0.9664,150870802.0,282749393.1387
20220119,4815.8106,4828.7522,4755.9301,4780.3784,4813.3472,-32.9688,-0.6849,133927360.0,275534557.4685
20220120,4778.2616,4845.0048,4777.5683,4823.5091,4780.3784,43.1307,0.9022,164971315.0,304344267.9705
20220121,4808.7733,4818.3052,4762.5641,4779.3142,4823.5091,-44.1949,-0.9162,138952585.0,274699155.2938
20220124,4753.9413,4801.0976,4746.4479,4786.7377,4779.3142,7.4235,0.1553,114463880.0,246261594.8529
20220125,4761.95,4781.3908,4678.2472,4678.4511,4786.7377,-108.2866,-2.2622,133667586.0,250555769.168
20220126,4697.0991,4718.9946,4648.1283,4712.3109,4678.4511,33.8598,0.7237,107070842.0,226553448.3568
20220127,4708.0989,4708.4364,4616.0273,4619.8765,4712.3109,-92.4344,-1.9616,121263804.0,250535654.8244
20220128,4641.8137,4660.519,4559.8331,4563.772,4619.8765,-56.1045,-1.2144,126480112.0,263967891.8283
20220207,4638.5754,4672.6535,4615.0052,4634.0899,4563.772,70.3179,1.5408,144849720.0,266031793.9853
20220208,4626.4365,4626.4365,4522.4709,4608.7729,4634.0899,-25.317,-0.5463,155830708.0,281364873.7625
20220209,4608.1491,4659.4611,4595.2826,4652.0609,4608.7729,43.288,0.9393,148335547.0,273771960.5059
20220210,4657.2107,4657.2107,4608.0905,4639.8625,4652.0609,-12.1984,-0.2622,151576666.0,287224388.0856
20220211,4617.8741,4662.5963,4595.8751,4601.3953,4639.8625,-38.4672,-0.8291,155974584.0,307938016.7145
20220214,4579.4202,4593.6324,4530.0566,4551.6878,4601.3953,-49.7075,-1.0803,143673894.0,275737553.4667
20220215,4553.8112,4601.453,4550.543,4600.1025,4551.6878,48.4147,1.0637,115025600.0,249977008.675
20220216,4619.8458,4643.1003,4607.2178,4617.9893,4600.1025,17.8868,0.3888,107258955.0,210190931.0355
20220217,4616.8955,4650.1591,4606.9522,4629.1649,4617.9893,11.1756,0.242,110014643.0,227946249.3065
20220218,4604.5669,4651.3415,4598.1003,4651.2358,4629.1649,22.0709,0.4768,104550228.0,195825700.4779
20220221,4646.0522,4646.6724,4613.2971,4634.3141,4651.2358,-16.9217,-0.3638,112516512.0,215039182.2972
20220222,4601.9184,4602.066,4550.804,4574.1527,4634.3141,-60.1614,-1.2982,123317237.0,246872960.6681
20220223,4582.0064,4625.2979,4579.2945,4623.0465,4574.1527,48.8938,1.0689,122952916.0,259050146.1944
20220224,4592.069,4610.8792,4488.4763,4529.3189,4623.0465,-93.7276,-2.0274,184403058.0,342346666.8565
20220225,4564.6321,4611.8602,4561.8964,4573.4247,4529.3189,44.1058,0.9738,149722583.0,271727599.6719
20220228,4563.7427,4581.6459,4530.6764,4581.6459,4573.4247,8.2212,0.1798,135406978.0,248363727.4827
20220301,4597.855,4623.4312,4583.917,4619.6862,4581.6459,38.0403,0.8303,123139220.0,260431185.0637
20220302,4594.017,4594.017,4558.4416,4578.6007,4619.6862,-41.0855,-0.8894,113298325.0,215299655.3651
20220303,4595.0249,4599.3973,4544.4313,4551.6283,4578.6007,-26.9724,-0.5891,138285877.0,242701771.9962
20220304,4513.3636,4539.3925,4481.4927,4496.4301,4551.6283,-55.1982,-1.2127,127266806.0,249970282.271
20220307,4462.5174,4462.5174,4338.3042,4352.7775,4496.4301,-143.6526,-3.1948,162197706.0,306898527.6584
20220308,4361.6424,4383.6467,4252.5386,4265.391,4352.7775,-87.3865,-2.0076,167863277.0,315176698.3709
20220309,4280.9789,4304.482,4068.193,4226.3463,4265.391,-39.0447,-0.9154,194232900.0,341009391.8657
20220310,4326.2035,4335.6731,4288.5078,4292.8374,4226.3463,66.4911,1.5733,145266383.0,301636182.1952
20220311,4231.1961,4316.044,4176.4522,4306.5217,4292.8374,13.6843,0.3188,152399921.0,295008832.4324
20220314,4248.1526,4280.3609,4174.7577,4174.7577,4306.5217,-131.764,-3.0596,130187236.0,260691659.4608
20220315,4125.4866,4163.4176,3983.812,3983.812,4174.7577,-190.9457,-4.5738,202524699.0,346988947.3678
20220316,4053.099,4168.5853,3942.861,4156.081,3983.812,172.269,4.3242,196021982.0,378883588.2903
20220317,4237.6722,4302.7426,4217.8038,4237.6956,4156.081,81.6146,1.9637,179407344.0,385039197.2857
20220318,4218.4736,4283.3679,4194.9402,4265.9017,4237.6956,28.2061,0.6656,149458305.0,275791291.0726
20220321,4280.1397,4287.8166,4223.024,4258.7459,4265.9017,-7.1558,-0.1677,127036360.0,251214543.3214
20220322,4252.5658,4283.3344,4236.6888,4255.295,4258.7459,-3.4509,-0.081,126382470.0,226213533.9845
20220323,4269.6088,4287.5771,4241.957,4276.5174,4255.295,21.2224,0.4987,117089078.0,226390778.4033
20220324,4249.5328,4273.9568,4216.8506,4251.3061,4276.5174,-25.2113,-0.5895,108918272.0,219594430.5404
20220325,4249.0731,4254.8449,4173.93,4174.5742,4251.3061,-76.7319,-1.8049,108808046.0,217013187.2648
20220328,4128.8379,4174.1206,4091.2978,4148.4663,4174.5742,-26.1079,-0.6254,118449021.0,213468973.9975
20220329,4155.4182,4177.2134,4124.7179,4134.1441,4148.4663,-14.3222,-0.3452,100266972.0,199463853.6682
20220330,4162.1666,4254.0989,4160.7351,4254.0989,4134.1441,119.9548,2.9016,138346024.0,268869181.1713
20220331,4234.7159,4247.3602,4214.5352,4222.5968,4254.0989,-31.5021,-0.7405,134029185.0,238877216.8056
20220401,4198.8191,4290.671,4190.0835,4276.158,4222.5968,53.5612,1.2684,133803053.0,244758870.7552
20220406,4258.8325,4277.5238,4236.7283,4263.8411,4276.158,-12.3169,-0.288,159062195.0,253690929.8979
20220407,4240.0237,4278.1127,4205.743,4209.0998,4263.8411,-54.7413,-1.2838,134880353.0,216996185.5037
20220408,4213.2107,4237.8126,4175.5287,4230.7669,4209.0998,21.6671,0.5148,142843793.0,229081764.7593
20220411,4203.7902,4203.7902,4089.0934,4100.0703,4230.7669,-130.6966,-3.0892,148197071.0,265224932.4715
20220412,4102.9711,4179.9727,4075.796,4179.9727,4100.0703,79.9024,1.9488,144285684.0,252830412.7564
20220413,4154.4121,4194.0374,4139.737,4139.737,4179.9727,-40.2357,-0.9626,125097489.0,221281029.5597
20220414,4172.6443,4217.0612,4155.5509,4191.5684,4139.737,51.8314,1.252,124791316.0,245993822.0405
20220415,4162.3718,4211.3174,4152.974,4188.7472,4191.5684,-2.8212,-0.0673,124762263.0,226229740.2752
20220418,4152.9306,4171.7427,4119.9941,4166.3844,4188.7472,-22.3628,-0.5339,117504610.0,212855328.1868
20220419,4161.9328,4186.9389,4115.4184,4134.9017,4166.3844,-31.4827,-0.7556,110217471.0,208570579.1288
20220420,4130.5427,4136.1661,4060.5044,4070.7889,4134.9017,-64.1128,-1.5505,117331658.0,216536635.6952
20220421,4048.7338,4086.4393,3978.3669,3995.83,4070.7889,-74.9589,-1.8414,132783828.0,227026679.6824
20220422,3967.2016,4037.084,3953.7217,4013.2498,3995.83,17.4198,0.4359,122101811.0,206371766.7156
20220425,3933.4459,3958.2102,3814.9127,3814.9127,4013.2498,-198.3371,-4.9421,168364502.0,272889272.2752
20220426,3822.4887,3871.8498,3773.8986,3784.1198,3814.9127,-30.7929,-0.8072,157577611.0,259626354.2254
20220427,3758.0835,3895.731,3757.0859,3895.5361,3784.1198,111.4163,2.9443,172734046.0,296924102.939
20220428,3883.4196,3943.4349,3873.5781,3921.1073,3895.5361,25.5712,0.6564,153056586.0,268502242.4529
20220429,3939.6238,4017.4281,3898.5701,4016.241,3921.1073,95.1337,2.4262,179458377.0,321414877.4282
20220505,3995.3533,4039.7,3988.9312,4010.2102,4016.241,-6.0308,-0.1502,154170716.0,290538230.6629
20220506,3928.8548,3947.2378,3902.051,3908.815,4010.2102,-101.3952,-2.5284,123005551.0,214825174.0473
20220509,3883.9514,3914.1116,3854.9353,3877.4364,3908.815,-31.3786,-0.8028,92936694.0,171756502.8638
20220510,3820.6278,3932.6823,3808.5699,3919.8684,3877.4364,42.432,1.0943,136416918.0,239060211.9329
20220511,3917.9322,4033.3026,3916.5249,3976.4231,3919.8684,56.5547,1.4428,165632256.0,309294912.7968
20220512,3949.949,3985.9268,3935.5886,3958.74,3976.4231,-17.6831,-0.4447,113376066.0,202029156.4151
20220513,3983.8201,4003.8539,3957.1392,3988.6002,3958.74,29.8602,0.7543,109968357.0,195727044.9221
20220516,4014.9955,4018.0283,3947.7461,3956.5378,3988.6002,-32.0624,-0.8039,112425294.0,199717909.541
20220517,3961.7605,4005.8934,3955.1018,4005.8934,3956.5378,49.3556,1.2474,109661454.0,210117539.6909
20220518,4015.0134,4017.341,3964.7503,3991.9069,4005.8934,-13.9865,-0.3491,108074233.0,201800666.0521
20220519,3938.2964,3999.5984,3933.7452,3999.5984,3991.9069,7.6915,0.1927,116293420.0,210206681.6415
20220520,4020.8162,4077.6016,4020.8162,4077.5998,3999.5984,78.0014,1.9502,147069173.0,265609089.9426
20220523,4080.9694,4080.9694,4029.0846,4053.9823,4077.5998,-23.6175,-0.5792,130477810.0,225981540.9191
20220524,4052.8675,4055.783,3959.1541,3959.1541,4053.9823,-94.8282,-2.3391,145554336.0,247713039.7126
20220525,3959.7672,3983.6236,3946.8083,3983.1784,3959.1541,24.0243,0.6068,107734015.0,188700537.3913
20220526,3987.6815,4015.7468,3938.2389,3993.0446,3983.1784,9.8662,0.2477,126263689.0,216987025.401
20220527,4022.7095,4051.1428,3983.3838,4001.2988,3993.0446,8.2542,0.2067,112769337.0,206944426.2272
20220530,4020.8584,4040.819,4003.3768,4029.0179,4001.2988,27.7191,0.6928,111152241.0,211144721.6155
20220531,4031.7621,4096.1971,4020.3781,4091.5176,4029.0179,62.4997,1.5512,135415513.0,267770088.726
20220601,4086.6177,4094.9008,4058.8468,4083.1772,4091.5176,-8.3404,-0.2038,114850879.0,225416237.8733
20220602,4063.9996,4091.152,4057.9135,4089.5682,4083.1772,6.391,0.1565,113893638.0,222657537.906
20220606,4090.5286,4166.6151,4063.9057,4166.085,4089.5682,76.5168,1.871,167871011.0,324075626.9031
20220607,4165.6899,4198.0863,4155.1683,4179.1285,4166.085,13.0435,0.3131,142992881.0,285733722.3326
20220608,4187.1483,4224.8096,4158.0329,4219.8122,4179.1285,40.6837,0.9735,157374057.0,319480252.8365
20220609,4211.7225,4227.4484,4160.8814,4175.6747,4219.8122,-44.1375,-1.046,168449154.0,285172804.2116
20220610,4145.6505,4241.3541,4140.2203,4238.9936,4175.6747,63.3189,1.5164,184796214.0,324091440.6633
20220613,4194.4574,4218.2327,4156.7146,4189.3527,4238.9936,-49.6409,-1.1711,168475622.0,336585670.5075
20220614,4143.2232,4224.0857,4102.929,4222.3114,4189.3527,32.9587,0.7867,171385904.0,335418557.9316
20220615,4228.2926,4348.4226,4228.2926,4278.2178,4222.3114,55.9064,1.3241,257046590.0,459766820.6648
20220616,4282.0827,4302.9212,4241.075,4250.0614,4278.2178,-28.1564,-0.6581,184074416.0,337235911.5424
20220617,4219.2339,4318.7655,4218.6817,4309.0444,4250.0614,58.983,1.3878,158649098.0,346675726.8288
20220620,4322.8324,4368.3555,4297.8912,4330.4328,4309.0444,21.3884,0.4964,165666382.0,359569296.8598
20220621,4327.9159,4357.3396,4287.1406,4325.5657,4330.4328,-4.8671,-0.1124,164667615.0,317163317.7403
20220622,4331.902,4333.1827,4269.2456,4270.6227,4325.5657,-54.943,-1.2702,158565854.0,298656263.3113
20220623,4277.9555,4343.8781,4260.9002,4343.8781,4270.6227,73.2554,1.7153,170882360.0,327144780.5437
20220624,4354.553,4400.6852,4346.1221,4394.7723,4343.8781,50.8942,1.1716,168972199.0,356054750.5215
20220627,4414.3321,4472.6948,4414.3321,4444.2639,4394.7723,49.4916,1.1261,177385676.0,381432966.3279
20220628,4442.5811,4497.8949,4407.3519,4490.5166,4444.2639,46.2527,1.0407,174756489.0,361685970.6636
20220629,4472.7346,4503.1307,4413.9961,4421.357,4490.5166,-69.1596,-1.5401,187276688.0,395926107.6985
20220630,4418.0656,4514.9968,4418.0656,4485.0108,4421.357,63.6538,1.4397,156666289.0,354343886.7603
20220701,4489.5204,4500.9853,4449.2914,4466.7179,4485.0108,-18.2929,-0.4079,144779599.0,318492130.1996
20220704,4447.2159,4496.0338,4427.8232,4496.0303,4466.7179,29.3124,0.6562,146345651.0,356968521.261
20220705,4505.4572,4530.3245,4439.4511,4489.5383,4496.0303,-6.492,-0.1444,154962415.0,361891850.8393
20220706,4475.4815,4484.3615,4393.4165,4423.9698,4489.5383,-65.5685,-1.4605,149800235.0,344672707.728
20220707,4425.2814,4457.3431,4391.1938,4443.4736,4423.9698,19.5038,0.4409,132660906.0,328133133.6565
20220708,4468.0627,4479.4937,4426.8856,4428.781,4443.4736,-14.6926,-0.3307,123195739.0,304031107.3025
20220711,4406.1476,4406.1476,4330.5819,4354.6167,4428.781,-74.1643,-1.6746,134448578.0,299195233.4303
20220712,4352.6456,4370.3411,4296.6215,4313.6184,4354.6167,-40.9983,-0.9415,130187838.0,291072311.8502
20220713,4313.3589,4341.4663,4284.9419,4321.4617,4313.6184,7.8433,0.1818,131113179.0,286075545.4065
20220714,4308.8229,4352.0978,4292.7595,4322.0742,4321.4617,0.6125,0.0142,145250926.0,301569861.0368
20220715,4299.4714,4344.8572,4248.5273,4248.5273,4322.0742,-73.5469,-1.7017,150214453.0,316793192.6699
20220718,4262.1539,4300.7777,4217.5064,4292.5858,4248.5273,44.0585,1.037,122601192.0,281055128.6395
20220719,4288.4441,4288.4441,4238.8238,4269.3401,4292.5858,-23.2457,-0.5415,103805730.0,231117731.8071
20220720,4291.2808,4303.3668,4269.9717,4283.8027,4269.3401,14.4626,0.3388,94490144.0,212301881.4076
20220721,4270.3624,4283.1471,4236.0499,4236.0578,4283.8027,-47.7449,-1.1145,117156344.0,239228146.8116
20220722,4251.7867,4275.4696,4207.3135,4238.2341,4236.0578,2.1763,0.0514,103840624.0,224295333.4573
20220725,4233.9277,4234.8448,4201.919,4212.6441,4238.2341,-25.59,-0.6038,83636664.0,188136426.6728
20220726,4220.0911,4259.9854,4214.5343,4245.9758,4212.6441,33.3317,0.7912,85823274.0,197601406.3737
20220727,4236.154,4242.0951,4217.2809,4225.0357,4245.9758,-20.9401,-0.4932,78904940.0,194245303.8072
20220728,4242.2743,4267.9181,4223.029,4225.6733,4225.0357,0.6376,0.0151,107531930.0,243871486.4715
20220729,4226.4245,4243.5143,4160.8735,4170.1019,4225.6733,-55.5714,-1.3151,114179286.0,253198574.6475
20220801,4160.6478,4196.5743,4129.4528,4188.6784,4170.1019,18.5765,0.4455,107749029.0,251125308.5975
20220802,4144.3765,4144.3765,4071.431,4107.024,4188.6784,-81.6544,-1.9494,142224425.0,281013555.2799
20220803,4114.8251,4150.9804,4058.1792,4066.9754,4107.024,-40.0486,-0.9751,116666124.0,268695834.7654
20220804,4089.4419,4108.1591,4064.6594,4101.5367,4066.9754,34.5613,0.8498,89532644.0,216898674.9022
20220805,4109.6287,4159.485,4097.8625,4156.9111,4101.5367,55.3744,1.3501,102571004.0,247325902.0151
20220808,4142.1111,4155.7301,4135.0809,4148.0746,4156.9111,-8.8365,-0.2126,90208138.0,224080812.0547
20220809,4143.666,4161.8086,4131.4252,4156.2907,4148.0746,8.2161,0.1981,84136959.0,214223692.2601
20220810,4149.2071,4160.7871,4092.5455,4109.7373,4156.2907,-46.5534,-1.1201,85565839.0,217447368.47
20220811,4130.741,4193.8115,4116.0558,4193.5428,4109.7373,83.8055,2.0392,121385051.0,269630998.4068
20220812,4185.4203,4202.4663,4175.0501,4191.152,4193.5428,-2.3908,-0.057,106808295.0,219208055.2549
20220815,4180.0006,4219.9183,4174.3,4185.6794,4191.152,-5.4726,-0.1306,105898495.0,245539800.9854
20220816,4190.5269,4208.8006,4170.5197,4177.837,4185.6794,-7.8424,-0.1874,93906139.0,233818584.7315
20220817,4182.5668,4222.7866,4155.1734,4216.9586,4177.837,39.1216,0.9364,112864659.0,252044325.0517
20220818,4205.7851,4211.9141,4173.541,4180.0996,4216.9586,-36.859,-0.8741,101052650.0,233115491.3898
20220819,4174.5458,4185.6579,4151.0738,4151.0738,4180.0996,-29.0258,-0.6944,117402978.0,262494128.1523
20220822,4135.1623,4183.6498,4134.2008,4181.3965,4151.0738,30.3227,0.7305,112442720.0,259747163.6982
20220823,4175.5314,4187.3875,4147.4127,4161.0823,4181.3965,-20.3142,-0.4858,103153512.0,239101330.8331
20220824,4168.5764,4174.1565,4079.0934,4082.4195,4161.0823,-78.6628,-1.8904,119069679.0,262844309.3161
20220825,4093.2949,4119.6196,4058.7454,4116.2396,4082.4195,33.8201,0.8284,111320745.0,242149581.4775
20220826,4127.8142,4139.7879,4102.6818,4107.5455,4116.2396,-8.6941,-0.2112,99000493.0,225519196.8004
20220829,4063.8825,4092.9474,4059.5963,4089.5205,4107.5455,-18.025,-0.4388,94354432.0,203086114.7123
20220830,4088.5262,4093.1356,4048.5244,4075.7937,4089.5205,-13.7268,-0.3357,93301662.0,192649001.2778
20220831,4057.1443,4112.8485,4046.6225,4078.8402,4075.7937,3.0465,0.0747,132449765.0,292974665.5462
20220901,4066.1869,4090.8852,4041.1281,4043.7395,4078.8402,-35.1007,-0.8606,97387071.0,210898503.4539
20220902,4054.8423,4056.1805,4004.911,4023.6131,4043.7395,-20.1264,-0.4977,86789278.0,184468327.0057
20220905,4010.4052,4016.9986,3982.7395,4015.4264,4023.6131,-8.1867,-0.2035,93767109.0,201118696.5594
20220906,4024.4726,4054.004,4009.5826,4052.2802,4015.4264,36.8538,0.9178,113506265.0,235921838.1184
20220907,4032.7231,4067.5437,4028.374,4054.983,4052.2802,2.7028,0.0667,107678059.0,215147152.182
20220908,4059.1689,4067.758,4036.0226,4037.6839,4054.983,-17.2991,-0.4266,100886049.0,186889047.9808
20220909,4050.5853,4099.0081,4042.2498,4093.7874,4037.6839,56.1035,1.3895,118427114.0,221442547.2041
20220913,4112.0123,4128.1113,4097.1408,4111.1145,4093.7874,17.3271,0.4233,111789737.0,218521062.1358
20220914,4058.0441,4089.0583,4047.9187,4065.359,4111.1145,-45.7555,-1.113,90793681.0,185484965.1105
20220915,4078.6495,4088.8078,3998.8564,4027.1186,4065.359,-38.2404,-0.9406,123951196.0,254367492.776
20220916,4013.5829,4019.4104,3932.6826,3932.6826,4027.1186,-94.436,-2.345,137193655.0,241251840.0503
20220919,3928.4239,3953.6494,3910.3106,3928.0001,3932.6826,-4.6825,-0.1191,97719575.0,183574440.5818
20220920,3945.6467,3957.5538,3921.6884,3932.8361,3928.0001,4.836,0.1231,84824134.0,179248153.5379
20220921,3921.3177,3924.3914,3884.2268,3903.7348,3932.8361,-29.1013,-0.74,86458391.0,168939074.3426
20220922,3875.1771,3900.2736,3860.2308,3869.344,3903.7348,-34.3908,-0.881,80946919.0,161134102.7844
20220923,3865.1049,3888.3958,3829.6913,3856.0212,3869.344,-13.3228,-0.3443,94342462.0,172904807.3644
20220926,3829.5958,3893.3186,3827.9498,3836.6773,3856.0212,-19.3439,-0.5017,104526031.0,192906200.2538
20220927,3844.0692,3893.0283,3827.9265,3892.295,3836.6773,55.6177,1.4496,88860160.0,185955247.3534
20220928,3879.4398,3879.4398,3828.0545,3828.7098,3892.295,-63.5852,-1.6336,86592213.0,172438042.7882
20220929,3864.316,3873.1823,3808.6496,3827.1434,3828.7098,-1.5664,-0.0409,85654142.0,171635940.0075
20220930,3833.3504,3848.6018,3801.2798,3804.8853,3827.1434,-22.2581,-0.5816,78559966.0,158692748.7733
20221010,3806.5596,3807.4574,3715.7142,3720.9365,3804.8853,-83.9488,-2.2063,102647595.0,194635904.0943
20221011,3732.0191,3739.8084,3706.0629,3727.6867,3720.9365,6.7502,0.1814,83944625.0,166800394.8532
20221012,3722.8659,3784.3064,3661.5255,3784.3064,3727.6867,56.6197,1.5189,108089319.0,210931362.2915
20221013,3756.4176,3783.596,3749.6393,3752.6729,3784.3064,-31.6335,-0.8359,99018915.0,198368891.5485
20221014,3783.316,3863.2265,3780.8415,3842.4698,3752.6729,89.7969,2.3929,116242293.0,256551271.975
20221017,3822.2428,3849.6207,3809.1196,3846.4119,3842.4698,3.9421,0.1026,104192019.0,220488874.4068
20221018,3865.8258,3870.2155,3831.1723,3838.2667,3846.4119,-8.1452,-0.2118,88346907.0,186556295.7655
20221019,3827.4658,3840.487,3776.5335,3776.5335,3838.2667,-61.7332,-1.6084,81574844.0,186736408.2297
20221020,3746.5793,3804.2468,3726.7925,3754.9269,3776.5335,-21.6066,-0.5721,90290895.0,203781618.9222
20221021,3753.8903,3768.6895,3724.69,3742.8929,3754.9269,-12.034,-0.3205,98750038.0,180686357.677
20221024,3727.915,3762.158,3619.9876,3633.3733,3742.8929,-109.5196,-2.9261,130056864.0,259450743.134
20221025,3621.9356,3670.7327,3594.7011,3627.4542,3633.3733,-5.9191,-0.1629,110953882.0,219302759.5967
20221026,3633.3107,3700.8797,3633.3107,3656.9027,3627.4542,29.4485,0.8118,121301548.0,242453810.5719
20221027,3667.6645,3685.0837,3631.0639,3631.1448,3656.9027,-25.7579,-0.7044,117998675.0,257473315.676
20221028,3605.1598,3618.864,3533.4993,3541.3295,3631.1448,-89.8153,-2.4735,118772162.0,245816451.9776
20221031,3504.507,3553.3871,3495.9509,3508.7034,3541.3295,-32.6261,-0.9213,138465655.0,256574822.1022
20221101,3519.8174,3634.1732,3517.6209,3634.1732,3508.7034,125.4698,3.576,149286698.0,295089928.4073
20221102,3620.3693,3703.465,3610.8029,3677.8051,3634.1732,43.6319,1.2006,141592919.0,291648245.712
20221103,3645.0604,3670.1574,3628.4987,3647.8966,3677.8051,-29.9085,-0.8132,110566035.0,215379297.9644
20221104,3646.7709,3782.8823,3646.7709,3767.1746,3647.8966,119.278,3.2698,149734949.0,311145477.555
20221107,3754.5227,3792.7942,3746.3715,3775.2971,3767.1746,8.1225,0.2156,129826371.0,251195699.9365
20221108,3773.6612,3779.1156,3723.3415,3749.3251,3775.2971,-25.972,-0.6879,99016451.0,193351324.8967
20221109,3750.7821,3760.4068,3711.268,3714.2704,3749.3251,-35.0547,-0.935,89434525.0,172029529.9436
20221110,3685.8274,3701.5306,3665.0585,3685.6885,3714.2704,-28.5819,-0.7695,103509302.0,183155308.7029
20221111,3787.7568,3828.9004,3747.0902,3788.4387,3685.6885,102.7502,2.7878,189685586.0,344471326.2671
20221114,3818.1447,3848.4116,3781.7778,3794.0171,3788.4387,5.5784,0.1472,169665048.0,315536856.0846
20221115,3788.926,3871.6424,3775.4988,3865.9726,3794.0171,71.9555,1.8966,151515650.0,296268142.7689
20221116,3860.811,3877.6781,3829.3126,3834.3899,3865.9726,-31.5827,-0.8169,120610964.0,235844588.2446
20221117,3821.2709,3821.7419,3776.5739,3818.664,3834.3899,-15.7259,-0.4101,105940632.0,219540811.3349
20221118,3823.8207,3840.3018,3801.5686,3801.5686,3818.664,-17.0954,-0.4477,115078777.0,224276131.0075
20221121,3769.627,3769.8731,3733.9954,3769.1269,3801.5686,-32.4417,-0.8534,95866966.0,188230373.6654
20221122,3766.0817,3809.8582,3751.0448,3769.5727,3769.1269,0.4458,0.0118,144486334.0,203490828.4322
20221123,3760.2157,3791.1782,3753.2136,3773.5287,3769.5727,3.956,0.1049,144527911.0,201070601.1779
20221124,3791.5399,3804.8987,3751.3818,3756.8082,3773.5287,-16.7205,-0.4431,101073447.0,160698921.5462
20221125,3751.2822,3790.566,3743.4138,3775.7764,3756.8082,18.9682,0.5049,142929711.0,191711040.7065
20221128,3701.902,3736.0813,3672.1306,3733.2424,3775.7764,-42.534,-1.1265,127825748.0,196305561.7059
20221129,3766.5702,3854.7742,3766.5702,3848.4224,3733.2424,115.18,3.0853,178701392.0,289062336.4307
20221130,3836.5598,3867.6591,3833.8272,3853.0365,3848.4224,4.6141,0.1199,157511400.0,250051468.0933
20221201,3921.2954,3944.5645,3893.8718,3894.7687,3853.0365,41.7322,1.0831,169964585.0,306678195.7164
20221202,3886.4034,3898.1146,3865.8844,3870.9478,3894.7687,-23.8209,-0.6116,116786350.0,201253166.3629
20221205,3907.6375,3947.476,3900.6742,3946.8759,3870.9478,75.9281,1.9615,201747221.0,296615512.3266
20221206,3929.0063,3988.9007,3922.9969,3968.1979,3946.8759,21.322,0.5402,155108323.0,275583430.8408
20221207,3956.6722,3999.5864,3944.1831,3958.4409,3968.1979,-9.757,-0.2459,143001356.0,255490829.0271
20221208,3953.199,3971.4927,3941.2966,3959.1798,3958.4409,0.7389,0.0187,115199986.0,198037690.4814
20221209,3961.9919,4003.3178,3944.4396,3998.2442,3959.1798,39.0644,0.9867,153774954.0,268166789.6569
20221212,3976.1722,3983.4332,3950.3203,3953.4433,3998.2442,-44.8009,-1.1205,125935368.0,227606300.9369
20221213,3953.5482,3964.3957,3939.9795,3945.6813,3953.4433,-7.762,-0.1963,100994100.0,184020700.11
20221214,3952.7885,3972.7381,3935.7668,3954.8857,3945.6813,9.2044,0.2333,98528006.0,196175108.6172
20221215,3954.672,3963.5002,3926.4997,3951.9885,3954.8857,-2.8972,-0.0733,88864725.0,181994889.1234
20221216,3931.2318,3960.4705,3929.4873,3954.227,3951.9885,2.2385,0.0566,93178567.0,167488442.5889
20221219,3952.7707,3966.5679,3878.4367,3893.2207,3954.227,-61.0063,-1.5428,106919075.0,180801387.7024
20221220,3881.2257,3881.2729,3811.4759,3829.0173,3893.2207,-64.2034,-1.6491,83096822.0,164046440.8737
20221221,3839.0009,3853.7272,3821.4037,3830.5384,3829.0173,1.5211,0.0397,64839215.0,123450040.3598
20221222,3859.2041,3882.1263,3821.3418,3836.028,3830.5384,5.4896,0.1433,83705173.0,163970306.9509
20221223,3811.6164,3848.3436,3805.9487,3828.2188,3836.028,-7.8092,-0.2036,65278148.0,130559415.5657
20221226,3830.5682,3856.8066,3827.5186,3843.4887,3828.2188,15.2699,0.3989,73005712.0,148692832.4221
20221227,3860.9054,3891.8497,3856.58,3887.854,3843.4887,44.3653,1.1543,77515350.0,152032206.6309
20221228,3874.9132,3884.7205,3854.9406,3871.2644,3887.854,-16.5896,-0.4267,84424656.0,160671122.0307
20221229,3854.2363,3868.2933,3838.4803,3856.7007,3871.2644,-14.5637,-0.3762,79394815.0,149011372.4373
20221230,3873.9358,3887.5527,3868.7569,3871.6338,3856.7007,14.9331,0.3872,78773272.0,148295049.3815
20230103,3864.8356,3893.9904,3831.245,3887.8992,3871.6338,16.2654,0.4201,115051875.0,207540165.9532
20230104,3886.2504,3905.9032,3873.6549,3892.9477,3887.8992,5.0485,0.1299,110660743.0,198997711.686
20230105,3913.4928,3974.875,3912.26,3968.5782,3892.9477,75.6305,1.9428,116502395.0,256312608.292
20230106,3969.5493,4000.4143,3966.4696,3980.8888,3968.5782,12.3106,0.3102,110953038.0,235744305.5822
20230109,3998.5278,4023.0898,3990.7073,4013.1196,3980.8888,32.2308,0.8096,117054425.0,233212426.4581
20230110,4014.7125,4030.4574,4002.2297,4017.4737,4013.1196,4.3541,0.1085,101751141.0,214871166.2395
20230111,4019.8844,4043.3991,4008.0153,4010.0309,4017.4737,-7.4428,-0.1853,99997889.0,203000262.9606
20230112,4021.7547,4030.2876,4003.5079,4017.8692,4010.0309,7.8383,0.1955,90552627.0,183686268.1068
20230113,4032.2906,4074.3772,4027.8864,4074.3772,4017.8692,56.508,1.4064,95871896.0,212173997.4984
20230116,4077.8793,4177.1035,4076.6394,4137.9643,4074.3772,63.5871,1.5607,151395455.0,319007749.3713
20230117,4138.8433,4148.5838,4118.157,4137.2422,4137.9643,-0.7221,-0.0175,95479040.0,204381576.5234
20230118,4140.1019,4151.4577,4125.7687,4130.3143,4137.2422,-6.9279,-0.1675,84200645.0,172126171.8192
20230119,4125.5772,4156.0077,4105.9797,4156.0077,4130.3143,25.6934,0.6221,94608398.0,192699589.7741
20230120,4166.8444,4189.831,4161.6698,4181.5267,4156.0077,25.519,0.614,123553809.0,222342455.1007
20230130,4267.6248,4268.1522,4197.8596,4201.345,4181.5267,19.8183,0.4739,164607064.0,330193322.0922
20230131,4200.5813,4212.7347,4153.0484,4156.8578,4201.345,-44.4872,-1.0589,124550835.0,249365321.6271
20230201,4170.1322,4195.9332,4137.7659,4195.9332,4156.8578,39.0754,0.94,141008954.0,265553944.7093
20230202,4207.4123,4207.4123,4170.5565,4181.1493,4195.9332,-14.7839,-0.3523,133823736.0,262497434.837
20230203,4162.0258,4162.0258,4103.1654,4141.6319,4181.1493,-39.5174,-0.9451,117041221.0,226914770.0439
20230206,4103.8307,4105.9445,4065.2224,4086.8779,4141.6319,-54.754,-1.322,110192717.0,226345113.9687
20230207,4098.3117,4107.3438,4077.9623,4094.2335,4086.8779,7.3556,0.18,91360072.0,183537351.5771
20230208,4099.8573,4111.4745,4072.6474,4076.1411,4094.2335,-18.0924,-0.4419,84786099.0,170591751.8173
20230209,4067.5631,4130.8565,4064.7489,4130.8565,4076.1411,54.7154,1.3423,102289961.0,211722604.8592
20230210,4124.0986,4125.2893,4092.3472,4106.3097,4130.8565,-24.5468,-0.5942,96716733.0,195348320.5734
20230213,4098.8795,4146.45,4092.2729,4143.574,4106.3097,37.2643,0.9075,128892577.0,251990181.5539
20230214,4151.247,4152.0487,4125.2583,4145.2902,4143.574,1.7162,0.0414,102499890.0,204915435.7499
20230215,4146.8547,4153.7159,4115.9671,4123.6893,4145.2902,-21.6009,-0.5211,121664508.0,219855528.9664
20230216,4125.4087,4167.9003,4068.8591,4093.4876,4123.6893,-30.2017,-0.7324,159310585.0,281315625.5886
20230217,4086.2237,4104.6398,4032.9285,4034.507,4093.4876,-58.9806,-1.4408,116142589.0,225737746.955
20230220,4039.9623,4134.8623,4035.4762,4133.4896,4034.507,98.9826,2.4534,161794481.0,280122962.1504
20230221,4130.0632,4151.7994,4116.2716,4144.3536,4133.4896,10.864,0.2628,145776173.0,249674201.0482
20230222,4118.9669,4134.8759,4101.8596,4106.9506,4144.3536,-37.403,-0.9025,104290295.0,191586158.9912
20230223,4106.2136,4132.3896,4088.2073,4103.6463,4106.9506,-3.3043,-0.0805,103564906.0,197193582.4301
20230224,4100.9897,4102.6094,4048.2374,4061.0457,4103.6463,-42.6006,-1.0381,100989425.0,191210465.0532
20230227,4040.4571,4067.0296,4034.5237,4043.8444,4061.0457,-17.2013,-0.4236,93787630.0,187959491.1453
20230228,4058.1298,4074.2639,4026.4476,4069.4587,4043.8444,25.6143,0.6334,110323591.0,198799712.3791
20230301,4068.7331,4135.4812,4061.2167,4126.9415,4069.4587,57.4828,1.4125,156015794.0,255374791.0157
20230302,4119.9919,4137.2525,4113.8264,4117.7377,4126.9415,-9.2038,-0.223,148217637.0,235953764.9695
20230303,4126.0183,4135.2116,4100.3827,4130.5513,4117.7377,12.8136,0.3112,160331741.0,226914545.6284
20230306,4131.1525,4132.8367,4088.4484,4109.0102,4130.5513,-21.5411,-0.5215,162971807.0,283079861.9715
20230307,4103.6419,4124.9609,4046.5679,4048.8519,4109.0102,-60.1583,-1.4641,195912068.0,272491994.0092
20230308,4030.7387,4037.287,4011.5231,4034.1077,4048.8519,-14.7442,-0.3642,117936493.0,191659655.1909
20230309,4035.8433,4043.8493,4000.8901,4019.8505,4034.1077,-14.2572,-0.3534,116539629.0,201737990.6868
20230310,3991.7959,4004.3612,3966.428,3967.1352,4019.8505,-52.7153,-1.3114,123855409.0,218286956.131
20230313,3962.6426,4008.686,3962.6426,4008.686,3967.1352,41.5508,1.0474,143561370.0,242865516.7576
20230314,3999.8803,4001.9415,3946.9405,3984.6956,4008.686,-23.9904,-0.5985,150544174.0,267224848.8105
20230315,4011.8444,4018.7495,3986.902,3986.902,3984.6956,2.2064,0.0554,142026007.0,232101093.9786
20230316,3958.1962,3981.321,3936.4758,3939.1505,3986.902,-47.7515,-1.1977,152515644.0,246264286.428
20230317,3971.1585,4004.2153,3945.2501,3958.8194,3939.1505,19.6689,0.4993,177433818.0,305541015.5561
20230320,3962.6625,3979.5485,3935.0161,3939.077,3958.8194,-19.7424,-0.4987,205264970.0,319760032.638
20230321,3948.1573,3982.7047,3948.1573,3982.3782,3939.077,43.3012,1.0993,145090679.0,251631985.0169
20230322,3993.7849,4016.4495,3986.7093,3999.4427,3982.3782,17.0645,0.4285,149228970.0,265180992.1041
20230323,3985.9928,4039.0895,3983.9986,4039.0895,3999.4427,39.6468,0.9913,158887421.0,296479529.467
20230324,4035.1564,4037.8417,4017.0028,4027.0457,4039.0895,-12.0438,-0.2982,159442330.0,295785588.9431
20230327,4023.3028,4023.3028,3987.0297,4012.4771,4027.0457,-14.5686,-0.3618,168482279.0,315474696.948
20230328,4015.6973,4023.7834,3994.5999,3999.5147,4012.4771,-12.9624,-0.3231,131895117.0,248736920.9718
20230329,4013.5926,4017.7572,3992.6662,4006.144,3999.5147,6.6293,0.1658,133743510.0,263866922.7331
20230330,4009.5573,4040.5023,3983.8958,4038.5257,4006.144,32.3817,0.8083,149901037.0,280004715.991
20230331,4045.4538,4063.5675,4039.9587,4050.9257,4038.5257,12.4,0.307,138842546.0,279863685.781
20230403,4059.6227,4094.9376,4059.0607,4090.5676,4050.9257,39.6419,0.9786,182124313.0,382895558.426
20230404,4089.2932,4103.1583,4080.0682,4103.1052,4090.5676,12.5376,0.3065,197146631.0,394443175.1462
20230406,4084.132,4098.8332,4078.4048,4096.64,4103.1052,-6.4652,-0.1576,150703374.0,328981851.5883
20230407,4096.9009,4131.3126,4092.1848,4123.2799,4096.64,26.6399,0.6503,128676738.0,286567771.8831
20230410,4132.0096,4132.2952,4099.0519,4104.8118,4123.2799,-18.4681,-0.4479,152453002.0,340822557.2076
20230411,4108.5062,4116.1247,4083.4946,4100.1479,4104.8118,-4.6639,-0.1136,153901333.0,324192951.9987
20230412,4102.3968,4108.2451,4090.2784,4097.2876,4100.1479,-2.8603,-0.0698,165965278.0,325425226.4032
20230413,4081.3871,4088.8809,4059.5744,4068.9786,4097.2876,-28.309,-0.6909,156444295.0,300291020.7529
20230414,4078.9703,4098.2151,4075.2049,4091.9988,4068.9786,23.0202,0.5657,150695682.0,306201501.4387
20230417,4090.0719,4149.3836,4089.509,4149.3836,4091.9988,57.3848,1.4024,188773095.0,341831272.7927
20230418,4139.3088,4169.6678,4138.4618,4162.032,4149.3836,12.6484,0.3048,170184130.0,331545662.3156
20230419,4159.3938,4159.3938,4118.6261,4124.5589,4162.032,-37.4731,-0.9004,162554592.0,312219504.5226
20230420,4122.9461,4125.8231,4094.0022,4113.0192,4124.5589,-11.5397,-0.2798,162706677.0,332172409.512
20230421,4114.2642,4114.2642,4031.9123,4032.5672,4113.0192,-80.452,-1.956,180802435.0,347852011.6025
20230424,4031.303,4033.6367,3967.907,3982.6429,4032.5672,-49.9243,-1.238,170099217.0,328375614.6743
20230425,3985.1055,3991.6868,3925.436,3962.6658,3982.6429,-19.9771,-0.5016,172555409.0,331110619.7677
20230426,3950.2553,3975.6562,3934.6625,3959.2323,3962.6658,-3.4335,-0.0866,162702006.0,322062811.3335
20230427,3948.0313,3999.1302,3942.8152,3988.4185,3959.2323,29.1862,0.7372,153828195.0,304804002.5574
20230428,3993.2561,4030.4469,3993.2561,4029.0858,3988.4185,40.6673,1.0196,179508488.0,328936294.0252
20230504,4013.4713,4035.7832,4001.1259,4030.2471,4029.0858,1.1613,0.0288,227582846.0,345492506.0493
20230505,4031.0946,4047.6015,3998.392,4016.8774,4030.2471,-13.3697,-0.3317,206626924.0,307694489.937
20230508,4028.1056,4070.7724,4018.9608,4062.6624,4016.8774,45.785,1.1398,255583085.0,359539954.1701
20230509,4065.439,4092.8501,4026.3886,4027.8754,4062.6624,-34.787,-0.8563,279306048.0,396422120.4206
20230510,4017.9358,4019.0587,3984.6287,3996.8695,4027.8754,-31.0059,-0.7698,207552709.0,309484851.7411
20230511,4005.7823,4018.0579,3988.4816,3990.6637,3996.8695,-6.2058,-0.1553,144804619.0,241052071.4316
20230512,3987.769,3999.3831,3937.5274,3937.7622,3990.6637,-52.9015,-1.3256,144421728.0,228992923.3881
20230515,3938.83,3998.8872,3923.0317,3998.8872,3937.7622,61.125,1.5523,176257362.0,279531163.5084
20230516,4002.5237,4005.015,3966.9921,3978.2054,3998.8872,-20.6818,-0.5172,136833271.0,234840652.671
20230517,3971.7017,3982.6044,3945.7137,3960.165,3978.2054,-18.0404,-0.4535,118448185.0,205195685.9764
20230518,3965.5162,3982.7178,3939.5526,3956.0701,3960.165,-4.0949,-0.1034,136533947.0,229134184.4129
20230519,3946.2215,3967.2816,3928.316,3944.5403,3956.0701,-11.5298,-0.2914,120212479.0,207094944.7813
20230522,3941.0015,3985.4031,3935.8015,3969.3277,3944.5403,24.7874,0.6284,109116605.0,202185550.2459
20230523,3968.2346,3971.939,3913.1882,3913.1882,3969.3277,-56.1395,-1.4143,118685077.0,189955815.34
20230524,3903.7818,3903.7818,3859.0935,3859.0935,3913.1882,-54.0947,-1.3824,137258265.0,211768410.5202
20230525,3851.4053,3861.3815,3817.8365,3850.4996,3859.0935,-8.5939,-0.2227,124150770.0,213313620.0553
20230526,3848.4174,3859.6291,3815.5701,3850.9511,3850.4996,0.4515,0.0117,100326439.0,191537814.8725
20230529,3862.0838,3866.7238,3819.1822,3833.9416,3850.9511,-17.0095,-0.4417,131859967.0,230095604.8134
20230530,3827.7924,3844.0052,3789.2736,3837.7531,3833.9416,3.8115,0.0994,137619629.0,244566265.5349
20230531,3827.1634,3827.1634,3781.4034,3798.5434,3837.7531,-39.2097,-1.0217,126387368.0,235606123.9476
20230601,3788.5902,3832.2051,3786.7344,3806.8679,3798.5434,8.3245,0.2191,134561881.0,241829546.4094
20230602,3821.6198,3865.2843,3821.6198,3861.8337,3806.8679,54.9658,1.4439,125015110.0,232696547.1308
20230605,3860.5557,3860.5557,3832.4578,3844.2492,3861.8337,-17.5845,-0.4553,116163989.0,211144360.1437
20230606,3840.4587,3867.8452,3802.8449,3808.1629,3844.2492,-36.0863,-0.9387,125781258.0,222091722.5922
20230607,3815.4823,3823.1124,3780.1021,3789.3418,3808.1629,-18.8211,-0.4942,98862432.0,189879792.1796
20230608,3791.0826,3834.3888,3777.7752,3820.1867,3789.3418,30.8449,0.814,118700934.0,199119300.6497
20230609,3822.4088,3836.7026,3811.2189,3836.7026,3820.1867,16.5159,0.4323,134319863.0,247296087.0709
20230612,3827.3253,3859.7156,3813.8577,3844.4324,3836.7026,7.7298,0.2015,126758543.0,240791270.4735
20230613,3838.1287,3867.3034,3833.4598,3864.9074,3844.4324,20.475,0.5326,110924946.0,225435215.3149
20230614,3872.7155,3891.6656,3862.0609,3864.0247,3864.9074,-0.8827,-0.0228,124955759.0,243932581.1839
20230615,3871.7746,3925.4994,3871.7746,3925.4994,3864.0247,61.4747,1.5909,128369938.0,282635910.8942
20230616,3932.2114,3968.0128,3928.5419,3963.3509,3925.4994,37.8515,0.9642,139760076.0,280374762.8378
20230619,3957.0327,3957.0327,3922.4742,3930.9079,3963.3509,-32.443,-0.8186,134905848.0,268213068.5798
20230620,3926.094,3937.4945,3918.473,3924.2377,3930.9079,-6.6702,-0.1697,122520318.0,266274081.2868
20230621,3909.1044,3920.1276,3864.0323,3864.0323,3924.2377,-60.2054,-1.5342,118346575.0,243630705.5915
20230626,3833.4436,3841.2862,3801.0537,3809.6962,3864.0323,-54.3361,-1.4062,133990419.0,247713845.7795
20230627,3811.6872,3851.8957,3806.3242,3845.4334,3809.6962,35.7372,0.9381,116992681.0,210097713.6876
20230628,3836.6086,3846.8516,3808.1607,3840.7986,3845.4334,-4.6348,-0.1205,107021541.0,206187959.8768
20230629,3836.7305,3840.7132,3817.3759,3821.8435,3840.7986,-18.9551,-0.4935,98289274.0,204110031.4078
20230630,3816.3345,3860.0311,3813.552,3842.4516,3821.8435,20.6081,0.5392,101268429.0,208146272.9093
20230703,3853.2919,3897.3273,3853.2919,3892.8821,3842.4516,50.4305,1.3125,133158051.0,256876520.2117
20230704,3888.0328,3899.9755,3878.3978,3899.0133,3892.8821,6.1312,0.1575,109494527.0,216335611.4218
20230705,3895.1945,3899.5188,3864.1301,3868.8054,3899.0133,-30.2079,-0.7748,97636384.0,188400265.0506
20230706,3857.0304,3876.8901,3836.4573,3842.7547,3868.8054,-26.0507,-0.6734,100121842.0,184742420.8623
20230707,3831.5955,3844.8438,3819.0772,3825.6988,3842.7547,-17.0559,-0.4438,100906920.0,173918560.673
20230710,3841.5591,3865.4566,3831.92,3844.3269,3825.6988,18.6281,0.4869,92033441.0,185360813.1107
20230711,3853.7955,3870.6549,3844.5244,3869.4861,3844.3269,25.1592,0.6545,86510716.0,177585694.3683
20230712,3864.6013,3874.0403,3838.5632,3843.4369,3869.4861,-26.0492,-0.6732,111522024.0,214046519.0561
20230713,3855.662,3901.1023,3855.662,3898.4229,3843.4369,54.986,1.4306,120300232.0,235278706.8345
20230714,3904.6033,3908.4871,3893.7862,3899.1027,3898.4229,0.6798,0.0174,122364846.0,220230466.5229
20230717,3881.6225,3881.6225,3852.2626,3867.1749,3899.1027,-31.9278,-0.8188,98340144.0,174623552.8074
20230718,3871.0444,3871.0444,3844.5129,3854.9393,3867.1749,-12.2356,-0.3164,91438615.0,167104315.1171
20230719,3848.4826,3860.0092,3830.4073,3850.8663,3854.9393,-4.073,-0.1057,79585700.0,151311481.0298
20230720,3857.7725,3875.6241,3818.7134,3823.6946,3850.8663,-27.1717,-0.7056,92042076.0,174320872.1398
20230721,3816.9835,3849.5109,3808.803,3821.91,3823.6946,-1.7846,-0.0467,79507563.0,157144211.2093
20230724,3803.3492,3828.7853,3798.8048,3805.221,3821.91,-16.689,-0.4367,75483545.0,151448369.5662
20230725,3866.6445,3915.8148,3866.6445,3915.1153,3805.221,109.8943,2.888,163066320.0,299853562.1681
20230726,3908.174,3912.9834,3893.3987,3907.0128,3915.1153,-8.1025,-0.207,107881717.0,192912604.792
20230727,3914.2298,3935.3578,3894.6923,3902.3458,3907.0128,-4.667,-0.1195,110667109.0,196845425.5133
20230728,3889.7929,4000.919,3886.5535,3992.7376,3902.3458,90.3918,2.3163,179735481.0,310092467.4045
20230731,4018.8895,4064.3621,4002.0784,4014.6301,3992.7376,21.8925,0.5483,199606830.0,366544120.0036
20230801,4009.1831,4031.7008,3983.0273,3998.001,4014.6301,-16.6291,-0.4142,142286859.0,255620773.6376
20230802,3985.6951,4008.3343,3958.5127,3969.895,3998.001,-28.106,-0.703,125855690.0,204875690.9238
20230803,3962.1296,4004.9996,3962.1296,4004.9839,3969.895,35.0889,0.8839,129006640.0,224809824.8203
20230804,4033.7239,4058.2431,4011.6202,4020.5792,4004.9839,15.5953,0.3894,178267189.0,316529733.8377
20230807,4002.9677,4002.9677,3977.0173,3990.1531,4020.5792,-30.4261,-0.7568,121310662.0,227090572.7509
20230808,3980.0423,4002.2904,3963.4632,3979.7322,3990.1531,-10.4209,-0.2612,109871699.0,202611335.3138
20230809,3967.3566,3982.1091,3961.8434,3967.5652,3979.7322,-12.167,-0.3057,94640269.0,174394242.7653
20230810,3962.8569,3976.4637,3945.3869,3975.7166,3967.5652,8.1514,0.2055,97176849.0,175646730.1982
20230811,3977.9834,3977.9834,3884.2538,3884.2538,3975.7166,-91.4628,-2.3005,126082931.0,203546314.6474
20230814,3840.8872,3859.4718,3814.0711,3855.9061,3884.2538,-28.3477,-0.7298,115966336.0,197623765.2464
20230815,3858.3662,3865.284,3811.6839,3846.5357,3855.9061,-9.3704,-0.243,103097111.0,177437071.6925
20230816,3830.8274,3852.4198,3817.6324,3818.3338,3846.5357,-28.2019,-0.7332,94616946.0,169323869.0276
20230817,3801.1969,3836.1507,3782.4967,3831.1008,3818.3338,12.767,0.3344,98415493.0,174093848.2429
20230818,3832.4554,3844.195,3784.0038,3784.0038,3831.1008,-47.097,-1.2293,95549638.0,168445686.9882
20230821,3773.225,3782.1112,3729.555,3729.555,3784.0038,-54.4488,-1.4389,98708369.0,173379942.9066
20230822,3748.0675,3770.0556,3704.6785,3758.2271,3729.555,28.6721,0.7688,120318327.0,203463879.6718
20230823,3751.7736,3756.1659,3695.0309,3696.6339,3758.2271,-61.5932,-1.6389,97081638.0,160476231.5869
20230824,3711.5403,3748.8567,3701.5717,3723.4293,3696.6339,26.7954,0.7249,119614521.0,196257391.0837
20230825,3703.5136,3734.2185,3695.8442,3709.1517,3723.4293,-14.2776,-0.3835,105182610.0,175601437.1729
20230828,3911.5485,3911.5485,3740.5279,3752.6194,3709.1517,43.4677,1.1719,197990379.0,335047670.9668
20230829,3743.0534,3810.3772,3742.0758,3790.1067,3752.6194,37.4873,0.999,152486146.0,262134936.751
20230830,3803.1191,3813.7032,3780.2411,3788.5097,3790.1067,-1.597,-0.0421,129671661.0,226727480.8387
20230831,3786.9261,3793.9972,3762.0046,3765.2678,3788.5097,-23.2419,-0.6135,118961646.0,193577001.342
20230901,3778.9129,3808.5306,3778.9129,3791.4912,3765.2678,26.2234,0.6965,105319045.0,172219141.5861
20230904,3812.9873,3854.2605,3804.5886,3848.9517,3791.4912,57.4605,1.5155,142385201.0,237934727.9243
20230905,3839.5779,3839.5779,3814.3338,3820.3174,3848.9517,-28.6343,-0.744,104052333.0,181377877.9553
20230906,3808.1,3817.5239,3790.8949,3812.0283,3820.3174,-8.2891,-0.217,93442393.0,166081524.0072
20230907,3802.2272,3802.2272,3756.853,3758.4748,3812.0283,-53.5535,-1.4049,95103903.0,164405748.8275
20230908,3747.6509,3753.263,3724.987,3739.9927,3758.4748,-18.4821,-0.4917,71638166.0,129197657.3031
20230911,3740.5846,3788.3219,3734.7228,3767.537,3739.9927,27.5443,0.7365,105358016.0,186871759.4413
20230912,3764.3331,3775.093,3755.4162,3760.6048,3767.537,-6.9322,-0.184,79385378.0,140117510.2333
20230913,3759.6091,3768.8162,3719.1114,3736.6513,3760.6048,-23.9535,-0.637,81576901.0,138238089.9125
20230914,3736.9355,3748.8177,3717.3107,3733.5077,3736.6513,-3.1436,-0.0841,100386075.0,151578100.4639
20230915,3740.7853,3749.0247,3699.3806,3708.7766,3733.5077,-24.7311,-0.6624,109395689.0,180398970.9383
20230918,3698.9344,3737.5306,3691.1107,3727.711,3708.7766,18.9344,0.5105,86727741.0,156966973.9105
20230919,3723.4244,3724.0717,3702.6934,3720.5021,3727.711,-7.2089,-0.1934,83199038.0,135216895.2294
20230920,3715.9578,3718.5207,3705.1274,3705.6898,3720.5021,-14.8123,-0.3981,75448209.0,117691805.9572
20230921,3698.313,3708.4557,3672.4448,3672.4448,3705.6898,-33.245,-0.8971,83031005.0,135011796.5552
20230922,3672.6402,3740.4183,3664.7661,3738.9327,3672.4448,66.4879,1.8105,110231166.0,192236467.3628
20230925,3738.0622,3738.0622,3711.2049,3714.6037,3738.9327,-24.329,-0.6507,92596479.0,155793827.3615
20230926,3711.7106,3723.8481,3692.6172,3692.8928,3714.6037,-21.7109,-0.5845,78044525.0,137808437.7748
20230927,3694.9607,3731.1405,3694.3938,3700.495,3692.8928,7.6022,0.2059,91629210.0,164790435.2658
20230928,3711.2117,3716.0569,3685.3001,3689.5172,3700.495,-10.9778,-0.2967,85221719.0,153500421.344
20231009,3678.929,3694.1713,3641.9966,3684.7272,3689.5172,-4.79,-0.1298,102148058.0,178072374.7481
20231010,3696.2542,3701.2562,3655.589,3657.1259,3684.7272,-27.6013,-0.7491,99163730.0,161938958.9248
20231011,3674.7514,3689.5347,3658.355,3667.5483,3657.1259,10.4224,0.285,102091587.0,187667554.1266
20231012,3697.9337,3711.4985,3682.8418,3702.3824,3667.5483,34.8341,0.9498,114363225.0,194598219.8173
20231013,3677.9585,3678.1913,3652.3094,3663.4104,3702.3824,-38.972,-1.0526,98287987.0,170152309.003
20231016,3664.039,3664.039,3615.7686,3626.5972,3663.4104,-36.8132,-1.0049,91853118.0,159537973.5984
20231017,3635.2994,3645.5654,3619.1277,3639.4018,3626.5972,12.8046,0.3531,90745188.0,147056233.3474
20231018,3631.0671,3632.0579,3608.9768,3610.5767,3639.4018,-28.8251,-0.792,94545879.0,158982356.6674
20231019,3588.5154,3588.5154,3532.3059,3533.5445,3610.5767,-77.0322,-2.1335,111737520.0,189194781.8439
20231020,3518.3464,3535.6623,3501.725,3510.5889,3533.5445,-22.9556,-0.6496,98518605.0,169591289.1453
20231023,3500.199,3505.3468,3450.6456,3474.2438,3510.5889,-36.3451,-1.0353,96561652.0,152054894.179
20231024,3481.7644,3495.0039,3453.1016,3487.1302,3474.2438,12.8864,0.3709,115547289.0,186529203.442
20231025,3524.2965,3531.8314,3500.9154,3504.4576,3487.1302,17.3274,0.4969,128009617.0,203691741.1192
20231026,3484.7807,3515.5716,3478.0503,3514.1448,3504.4576,9.6872,0.2764,105143566.0,176088467.2258
20231027,3501.171,3576.5861,3494.5488,3562.3851,3514.1448,48.2403,1.3727,120225108.0,224301960.437
20231030,3554.1055,3592.7188,3554.0238,3583.7718,3562.3851,21.3867,0.6003,144010426.0,242973328.0944
20231031,3581.6759,3581.6759,3554.5822,3572.5056,3583.7718,-11.2662,-0.3144,112587267.0,196317658.3241
20231101,3605.7576,3606.4126,3564.6421,3571.0268,3572.5056,-1.4788,-0.0414,97645538.0,182943566.4353
20231102,3580.0672,3597.1699,3553.7406,3554.1889,3571.0268,-16.8379,-0.4715,90359643.0,149465055.4339
20231103,3558.5303,3596.101,3558.5303,3584.1364,3554.1889,29.9475,0.8426,97542101.0,165865989.2003
20231106,3608.3187,3635.7897,3600.6304,3632.6084,3584.1364,48.472,1.3524,152982463.0,254465948.1104
20231107,3623.7849,3628.4615,3606.2975,3619.7593,3632.6084,-12.8491,-0.3537,110288591.0,190433605.3107
20231108,3610.6434,3627.0479,3591.8248,3611.0723,3619.7593,-8.687,-0.24,110594230.0,192594372.3525
20231109,3603.1082,3624.4141,3601.3744,3612.8263,3611.0723,1.754,0.0486,111872057.0,189355228.5917
20231110,3596.0688,3599.4519,3576.1011,3586.4893,3612.8263,-26.337,-0.729,102107034.0,166924677.3283
20231113,3593.9109,3599.3897,3562.7682,3579.4141,3586.4893,-7.0752,-0.1973,96707649.0,164821249.6247
20231114,3581.1034,3600.1483,3568.882,3582.0584,3579.4141,2.6443,0.0739,100884158.0,165935163.4262
20231115,3616.8765,3620.6007,3596.9158,3607.2454,3582.0584,25.187,0.7031,104929218.0,188932150.5006
20231116,3600.9813,3605.2898,3572.3636,3572.3641,3607.2454,-34.8813,-0.967,87464780.0,146629217.1578
20231117,3561.3112,3573.6819,3547.0287,3568.0685,3572.3641,-4.2956,-0.1202,87319207.0,139621898.7052
20231120,3569.7314,3586.9731,3545.1038,3576.3233,3568.0685,8.2548,0.2314,91080445.0,157449634.694
20231121,3587.8779,3615.0569,3575.682,3581.0674,3576.3233,4.7441,0.1327,108594314.0,175922105.9299
20231122,3569.4389,3574.3782,3544.4162,3544.4162,3581.0674,-36.6512,-1.0235,84784381.0,136041195.5389
20231123,3541.4416,3562.0675,3529.939,3561.5204,3544.4162,17.1042,0.4826,84800167.0,141499811.4909
20231124,3560.6462,3560.6462,3533.9955,3538.0087,3561.5204,-23.5117,-0.6602,85018403.0,140101998.5553
20231127,3534.4445,3534.4445,3492.8623,3511.9424,3538.0087,-26.0663,-0.7368,99102314.0,155975437.0357
20231128,3510.6554,3521.0463,3501.1093,3518.5232,3511.9424,6.5808,0.1874,89335789.0,147740535.8624
20231129,3518.8836,3519.198,3482.2444,3488.3073,3518.5232,-30.2159,-0.8588,98841412.0,155948235.9759
20231130,3485.5171,3505.1273,3481.4515,3496.2028,3488.3073,7.8955,0.2263,101350820.0,153790180.6533
20231201,3494.2234,3494.2234,3452.1728,3482.8813,3496.2028,-13.3215,-0.381,108530941.0,176078323.4694
20231204,3481.0449,3488.133,3459.611,3460.138,3482.8813,-22.7433,-0.653,97156826.0,164664395.2929
20231205,3450.0898,3450.0898,3393.8139,3394.2571,3460.138,-65.8809,-1.904,100472007.0,164840691.1121
20231206,3387.8798,3420.2773,3382.9457,3399.598,3394.2571,5.3409,0.1574,105805519.0,172142987.7249
20231207,3394.3064,3404.4074,3369.7675,3391.2823,3399.598,-8.3157,-0.2446,97713248.0,160949948.1973
20231208,3391.8585,3409.3845,3383.4479,3399.4618,3391.2823,8.1795,0.2412,129522054.0,203034222.5611
20231211,3378.0517,3426.6106,3346.8902,3419.4548,3399.4618,19.993,0.5881,139626249.0,219761181.4231
20231212,3409.9976,3427.5456,3406.1013,3426.803,3419.4548,7.3482,0.2149,105590013.0,166979964.7797
20231213,3418.6413,3418.6413,3369.605,3369.605,3426.803,-57.198,-1.6691,95285367.0,165455928.3756
20231214,3387.3847,3399.1394,3350.7648,3351.9639,3369.605,-17.6411,-0.5235,83655135.0,150245775.7364
20231215,3365.9388,3388.5047,3339.519,3341.5517,3351.9639,-10.4122,-0.3106,97787783.0,164907019.3721
20231218,3329.191,3352.3458,3314.9095,3329.3657,3341.5517,-12.186,-0.3647,90526826.0,142303319.4189
20231219,3325.6596,3345.7795,3313.1874,3334.0412,3329.3657,4.6755,0.1404,83808118.0,135293655.3961
20231220,3334.332,3338.5434,3297.3652,3297.5022,3334.0412,-36.539,-1.0959,92412868.0,141290542.8023
20231221,3285.6049,3339.3552,3283.9883,3330.8698,3297.5022,33.3676,1.0119,102546198.0,171120780.5795
20231222,3329.4668,3359.0601,3315.8976,3337.2281,3330.8698,6.3583,0.1909,105220133.0,167336342.3092
20231225,3330.3333,3348.882,3330.3333,3347.4508,3337.2281,10.2227,0.3063,74542693.0,121838327.0711
20231226,3345.3952,3345.4171,3315.937,3324.7902,3347.4508,-22.6606,-0.677,74732935.0,121689997.4346
20231227,3326.9267,3341.2659,3309.6731,3336.3572,3324.7902,11.567,0.3479,94403928.0,140924923.6748
20231228,3335.5572,3423.4018,3331.2082,3414.5403,3336.3572,78.1831,2.3434,148064851.0,245855634.4643
20231229,3411.1094,3432.5412,3409.5795,3431.1099,3414.5403,16.5696,0.4853,114928932.0,193573180.5151
20240102,3426.2684,3426.2684,3386.3522,3386.3522,3431.1099,-44.7577,-1.3045,116180726.0,184096097.4487
20240103,3379.7501,3392.8504,3362.6617,3378.2971,3386.3522,-8.0551,-0.2379,105613851.0,165099018.6425
20240104,3375.0207,3375.0207,3323.8647,3347.0519,3378.2971,-31.2452,-0.9249,106721013.0,165512262.6986
20240105,3341.3061,3372.5444,3313.5542,3329.1114,3347.0519,-17.9405,-0.536,126400574.0,182251664.9481
20240108,3322.6051,3333.516,3283.3421,3286.0564,3329.1114,-43.055,-1.2933,117429485.0,170761644.8734
20240109,3286.7083,3304.6008,3273.8431,3292.4994,3286.0564,6.443,0.1961,109330465.0,172276323.0452
20240110,3281.6692,3312.9161,3268.2471,3277.129,3292.4994,-15.3704,-0.4668,94199366.0,159777649.8381
20240111,3275.3086,3311.1137,3266.7911,3295.6717,3277.129,18.5427,0.5658,108789735.0,180978533.5555
20240112,3284.358,3310.4704,3279.6987,3284.1667,3295.6717,-11.505,-0.3491,96853555.0,156536022.2919
20240115,3270.1029,3306.9217,3261.2687,3280.9195,3284.1667,-3.2472,-0.0989,88851530.0,144331722.4306
20240116,3272.571,3300.8762,3260.4362,3300.8762,3280.9195,19.9567,0.6083,113276665.0,175650587.4889
20240117,3291.1392,3291.1392,3229.082,3229.082,3300.8762,-71.7942,-2.175,108769728.0,173516385.1747
20240118,3214.2844,3279.2538,3171.6329,3274.7286,3229.082,45.6466,1.4136,174909168.0,256784536.828
20240119,3261.2393,3286.9415,3251.8136,3269.7763,3274.7286,-4.9523,-0.1512,118501408.0,191261807.0988
20240122,3262.4685,3281.4205,3193.1776,3218.9016,3269.7763,-50.8747,-1.5559,148705628.0,225510031.8443
20240123,3208.4316,3249.5306,3188.1259,3231.9329,3218.9016,13.0313,0.4048,122012000.0,193791168.6242
20240124,3245.9592,3281.4892,3190.4674,3277.1089,3231.9329,45.176,1.3978,154371954.0,219036341.6245
20240125,3274.3391,3344.2426,3269.7943,3342.9189,3277.1089,65.81,2.0082,196833614.0,265521114.9543
20240126,3326.6465,3351.9692,3315.1265,3333.8213,3342.9189,-9.0976,-0.2721,180664005.0,238144899.501
20240129,3335.3936,3351.3715,3303.9604,3303.9604,3333.8213,-29.8609,-0.8957,184164795.0,244698013.5933
20240130,3283.8977,3300.204,3244.9719,3245.0387,3303.9604,-58.9217,-1.7834,143649350.0,199592929.9117
20240131,3231.5425,3252.1475,3201.9264,3215.3518,3245.0387,-29.6869,-0.9148,153143469.0,215333349.9212
20240201,3202.2564,3251.7582,3191.8968,3217.7109,3215.3518,2.3591,0.0734,145516792.0,203815063.2325
20240202,3219.8734,3235.4079,3108.3515,3179.6276,3217.7109,-38.0833,-1.1836,173758089.0,234495151.557
20240205,3164.25,3233.8485,3111.5184,3200.4218,3179.6276,20.7942,0.654,203042970.0,279713141.5072
20240206,3185.2498,3314.512,3182.8216,3311.6922,3200.4218,111.2704,3.4767,202713099.0,285042020.9459
20240207,3314.0306,3343.6303,3289.6704,3343.6303,3311.6922,31.9381,0.9644,216647933.0,297997664.5752
20240208,3351.4052,3367.2101,3336.9779,3364.9297,3343.6303,21.2994,0.637,189977578.0,270239765.211
20240219,3393.1916,3403.8078,3364.1418,3403.8078,3364.9297,38.8781,1.1554,183319800.0,267674145.1473
20240220,3395.1916,3415.8943,3380.103,3410.8542,3403.8078,7.0464,0.207,140734581.0,218459281.946
20240221,3390.3619,3500.1338,3383.6911,3456.8713,3410.8542,46.0171,1.3491,188879362.0,291823544.6082
20240222,3450.3518,3486.6826,3448.4135,3486.6747,3456.8713,29.8034,0.8621,141020784.0,225098128.8727
20240223,3491.3367,3507.5592,3472.968,3489.7416,3486.6747,3.0669,0.088,144821273.0,232926057.1139
20240226,3485.5427,3492.6061,3445.3889,3453.3585,3489.7416,-36.3831,-1.0426,151248331.0,238951637.715
20240227,3440.0516,3494.7874,3437.4422,3494.7874,3453.3585,41.4289,1.1997,139528246.0,244488721.2508
20240228,3499.8257,3521.6574,3450.2598,3450.2598,3494.7874,-44.5276,-1.2741,189837548.0,328300591.2564
20240229,3437.8984,3516.0826,3437.8984,3516.0826,3450.2598,65.8228,1.9078,155944532.0,281971899.2882
20240301,3515.0587,3544.3595,3503.459,3537.8038,3516.0826,21.7212,0.6178,162709570.0,288575619.2245
20240304,3538.366,3548.6901,3519.7599,3540.8686,3537.8038,3.0648,0.0866,163244613.0,297719931.8093
20240305,3524.9644,3570.6935,3519.0816,3565.5143,3540.8686,24.6457,0.696,166422389.0,299895929.7091
20240306,3556.5323,3577.3883,3545.1013,3551.0481,3565.5143,-14.4662,-0.4057,143076613.0,248294165.7074
20240307,3548.1007,3569.9185,3522.8964,3529.7195,3551.0481,-21.3286,-0.6006,148110510.0,251839533.0361
20240308,3529.5509,3548.5055,3511.577,3544.9099,3529.7195,15.1904,0.4304,125792664.0,225379101.014
20240311,3545.9427,3589.2635,3542.2789,3589.2635,3544.9099,44.3536,1.2512,148202825.0,286418582.1546
20240312,3592.5826,3605.6976,3574.2117,3597.4939,3589.2635,8.2304,0.2293,180685560.0,339997042.3371
20240313,3594.4211,3594.4211,3563.3685,3572.361,3597.4939,-25.1329,-0.6986,144590590.0,266898756.3798
20240314,3571.7885,3597.46,3545.612,3562.2229,3572.361,-10.1381,-0.2838,140962722.0,263803609.3352
20240315,3554.9068,3572.8091,3533.6798,3569.993,3562.2229,7.7701,0.2181,138316044.0,243991558.3662
20240318,3577.0564,3604.0519,3573.404,3603.528,3569.993,33.535,0.9394,160379438.0,295314840.611
20240319,3593.3396,3610.7389,3577.188,3577.6303,3603.528,-25.8977,-0.7187,145571786.0,259553448.4134
20240320,3568.7158,3589.5456,3568.4341,3585.3838,3577.6303,7.7535,0.2167,129528966.0,223752103.8862
20240321,3593.07,3601.1145,3575.0331,3581.0902,3585.3838,-4.2936,-0.1198,130743377.0,233162492.6296
20240322,3571.2736,3575.7171,3522.8404,3545.0023,3581.0902,-36.0879,-1.0077,139227358.0,248850931.0222
20240325,3536.7136,3564.9604,3525.7634,3525.7634,3545.0023,-19.2389,-0.5427,137015724.0,233747256.2351
20240326,3526.6818,3547.6461,3518.6018,3543.7467,3525.7634,17.9833,0.5101,126209535.0,226730734.8441
20240327,3538.7244,3542.9624,3502.7866,3502.7866,3543.7467,-40.9601,-1.1558,128626763.0,216404726.5659
20240328,3498.482,3551.2143,3489.3861,3520.9648,3502.7866,18.1782,0.519,143334717.0,232530806.3345
20240329,3516.883,3538.2378,3516.883,3537.4843,3520.9648,16.5195,0.4692,128643290.0,201749384.3567
20240401,3551.5815,3600.9193,3551.5815,3595.6466,3537.4843,58.1623,1.6442,162776561.0,251637272.8451
20240402,3593.2206,3596.1903,3568.7539,3580.6759,3595.6466,-14.9707,-0.4164,141272972.0,220207515.5429
20240403,3578.6835,3582.4324,3558.874,3567.8031,3580.6759,-12.8728,-0.3595,135592331.0,214222897.5801
20240408,3553.5554,3567.82,3535.7688,3536.4077,3567.8031,-31.3954,-0.88,155304283.0,243249251.6872
20240409,3533.3849,3543.7141,3518.8601,3533.4871,3536.4077,-2.9206,-0.0826,129670942.0,195893525.5747
20240410,3528.9679,3531.2295,3490.0525,3504.7086,3533.4871,-28.7785,-0.8145,128790274.0,199754768.6261
20240411,3485.0294,3520.5893,3484.9252,3504.2447,3504.7086,-0.4639,-0.0132,126534395.0,200293481.8857
20240412,3505.7499,3516.6988,3470.0611,3475.8389,3504.2447,-28.4058,-0.8106,128921116.0,208566204.7029
20240415,3473.5047,3552.4125,3473.5047,3549.0759,3475.8389,73.237,2.107,183941250.0,267472484.531
20240416,3533.3636,3545.5034,3503.6158,3511.1146,3549.0759,-37.9613,-1.0696,176153065.0,253315972.2723
20240417,3509.1318,3565.9389,3498.0324,3565.403,3511.1146,54.2884,1.5462,168466398.0,244987812.7532
20240418,3550.5562,3602.7902,3547.5996,3569.8018,3565.403,4.3988,0.1234,178574105.0,261329927.2684
20240419,3550.6087,3560.9492,3529.3237,3541.6619,3569.8018,-28.1399,-0.7883,147281505.0,226229520.1213
20240422,3536.1844,3558.1642,3528.0186,3530.9045,3541.6619,-10.7574,-0.3037,150579042.0,229511183.118
20240423,3525.6681,3533.7584,3499.9838,3506.2249,3530.9045,-24.6796,-0.699,143113504.0,213257232.2107
20240424,3514.0108,3524.537,3495.6494,3521.6219,3506.2249,15.397,0.4391,121739851.0,195299919.7462
20240425,3510.6396,3543.9699,3505.1999,3530.2813,3521.6219,8.6594,0.2459,115187722.0,184524622.0007
20240426,3531.9647,3588.4003,3531.9647,3584.2686,3530.2813,53.9873,1.5293,197216133.0,308045062.2507
20240429,3584.5427,3645.8229,3578.7597,3623.9124,3584.2686,39.6438,1.106,222721381.0,358709708.8376
20240430,3619.2586,3630.7092,3604.3943,3604.3943,3623.9124,-19.5181,-0.5386,191296899.0,286674161.7578
20240506,3654.0485,3668.2565,3645.738,3657.8767,3604.3943,53.4824,1.4838,208018007.0,333270472.13
20240507,3657.0007,3665.684,3648.376,3659.0076,3657.8767,1.1309,0.0309,164834286.0,247368347.9831
20240508,3650.7484,3650.9355,3628.6984,3630.2233,3659.0076,-28.7843,-0.7867,130035336.0,199923460.3498
20240509,3630.4142,3669.7593,3630.4142,3664.561,3630.2233,34.3377,0.9459,146559017.0,232694927.9409
20240510,3669.0869,3674.6088,3641.7639,3666.2771,3664.561,1.7161,0.0468,150720536.0,233730562.0745
20240513,3646.3491,3673.6211,3634.6049,3664.6907,3666.2771,-1.5864,-0.0433,157267455.0,249688465.0729
20240514,3668.2254,3675.776,3646.7092,3657.0454,3664.6907,-7.6453,-0.2086,133406490.0,214643548.2138
20240515,3651.0536,3656.5277,3624.002,3626.0559,3657.0454,-30.9895,-0.8474,123522764.0,191480969.4351
20240516,3636.6007,3657.4831,3626.334,3640.3592,3626.0559,14.3033,0.3945,154630503.0,240288953.464
20240517,3638.5613,3677.9696,3627.447,3677.9696,3640.3592,37.6104,1.0332,164570417.0,247729525.1922
20240520,3682.0615,3703.0287,3677.4426,3690.9623,3677.9696,12.9927,0.3533,184609423.0,279971341.5204
20240521,3682.2868,3684.6106,3665.1524,3676.1611,3690.9623,-14.8012,-0.401,130678283.0,196575354.8779
20240522,3675.6471,3691.8804,3667.0885,3684.451,3676.1611,8.2899,0.2255,151914605.0,230839373.5049
20240523,3672.8403,3674.3654,3633.5051,3641.7917,3684.451,-42.6593,-1.1578,142572990.0,214205039.0307
20240524,3630.827,3650.8734,3599.6678,3601.4754,3641.7917,-40.3163,-1.107,124791177.0,195344742.1559
20240527,3606.645,3638.1514,3603.7131,3635.7079,3601.4754,34.2325,0.9505,131272644.0,206143742.5356
20240528,3633.2535,3638.9703,3605.9213,3609.1724,3635.7079,-26.5355,-0.7299,123532238.0,184381267.9791
20240529,3609.0708,3633.1971,3602.8198,3613.5223,3609.1724,4.3499,0.1205,115906321.0,179072813.2776
20240530,3607.0522,3624.0352,3586.7543,3594.3121,3613.5223,-19.2102,-0.5316,122602995.0,193069647.0508
20240531,3599.8196,3614.6439,3579.9247,3579.9247,3594.3121,-14.3874,-0.4003,112462019.0,180707602.9317
20240603,3577.3798,3600.6044,3567.8713,3588.7483,3579.9247,8.8236,0.2465,141054591.0,222756928.1744
20240604,3583.8104,3622.5012,3580.2771,3615.6714,3588.7483,26.9231,0.7502,124545096.0,195790966.2338
20240605,3610.3601,3623.3232,3594.1056,3594.7936,3615.6714,-20.8778,-0.5774,110906766.0,182639598.8749
20240606,3602.1554,3625.0109,3584.171,3592.2454,3594.7936,-2.5482,-0.0709,137893517.0,226764072.6392
20240607,3594.6335,3603.0698,3552.0853,3574.1143,3592.2454,-18.1311,-0.5047,131103026.0,213001530.0978
20240611,3555.8186,3565.3113,3525.8945,3542.8771,3574.1143,-31.2372,-0.874,134522306.0,219282337.214
20240612,3539.0947,3551.1706,3531.5657,3544.1225,3542.8771,1.2454,0.0352,122813729.0,200722600.6311
20240613,3548.2162,3551.0771,3520.1802,3526.1306,3544.1225,-17.9919,-0.5077,123245462.0,214792338.4493
20240614,3514.7998,3547.1473,3503.5233,3541.5331,3526.1306,15.4025,0.4368,171516942.0,283768816.845
20240617,3521.4365,3540.7932,3520.7381,3536.1986,3541.5331,-5.3345,-0.1506,137433438.0,232293851.8939
20240618,3533.4875,3551.7085,3532.7845,3545.5902,3536.1986,9.3916,0.2656,123671838.0,208824124.156
20240619,3543.3599,3543.3599,3524.8449,3528.749,3545.5902,-16.8412,-0.475,106642797.0,184790298.7286
20240620,3525.1687,3533.9865,3500.131,3503.2817,3528.749,-25.4673,-0.7217,111617396.0,186515776.5747
20240621,3496.3428,3505.5123,3473.8283,3495.6198,3503.2817,-7.6619,-0.2187,109186615.0,182736735.0668
20240624,3473.6392,3505.7752,3471.2164,3476.8102,3495.6198,-18.8096,-0.5381,117990184.0,195787549.3136
20240625,3475.1648,3483.2189,3440.6464,3457.9023,3476.8102,-18.9079,-0.5438,118448118.0,190886336.7624
20240626,3451.5389,3487.3964,3442.2982,3480.2648,3457.9023,22.3625,0.6467,105898861.0,171538111.7023
20240627,3467.2888,3471.1423,3452.5775,3454.1175,3480.2648,-26.1473,-0.7513,114918101.0,174112508.7961
20240628,3443.6744,3484.678,3443.6744,3461.657,3454.1175,7.5395,0.2183,135409153.0,205118806.8118
20240701,3458.2636,3479.9548,3443.8086,3478.1827,3461.657,16.5257,0.4774,121829770.0,188018227.7748
20240702,3472.4527,3488.3189,3464.5237,3471.7857,3478.1827,-6.397,-0.1839,121650121.0,186104752.4219
20240703,3471.5556,3478.7047,3454.9942,3463.4141,3471.7857,-8.3716,-0.2411,103857108.0,163035359.3631
20240704,3468.2958,3483.3098,3444.928,3445.8128,3463.4141,-17.6013,-0.5082,104429909.0,159477153.5695
20240705,3443.3588,3451.0386,3399.6693,3431.0605,3445.8128,-14.7523,-0.4281,116609659.0,181416567.4028
20240708,3420.8033,3428.0418,3395.9123,3401.7604,3431.0605,-29.3001,-0.854,115528218.0,177559765.8275
20240709,3396.8044,3448.9279,3384.8086,3439.8111,3401.7604,38.0507,1.1186,131629443.0,215048837.8198
20240710,3425.8818,3447.505,3423.6483,3428.9657,3439.8111,-10.8454,-0.3153,127203456.0,198149476.8491
20240711,3451.0442,3473.9837,3438.118,3468.169,3428.9657,39.2033,1.1433,145892466.0,237551298.4816
20240712,3459.9564,3479.0958,3457.3633,3472.4014,3468.169,4.2324,0.122,130874589.0,205055553.8564
20240715,3462.6113,3481.4613,3460.7915,3476.2467,3472.4014,3.8453,0.1107,118517083.0,171584915.3795
20240716,3466.8523,3500.2943,3464.3655,3498.2827,3476.2467,22.036,0.6339,120659017.0,200456285.0775
20240717,3494.209,3514.4753,3486.2229,3501.5836,3498.2827,3.3009,0.0944,131802062.0,222830802.5284
20240718,3483.2975,3522.7995,3475.7236,3520.931,3501.5836,19.3474,0.5525,123768199.0,215783795.7026
20240719,3500.8052,3545.3383,3493.0734,3539.0156,3520.931,18.0846,0.5136,132447975.0,228065104.129
20240722,3538.4012,3540.1874,3494.0143,3514.9249,3539.0156,-24.0907,-0.6807,132126337.0,217457320.4039
20240723,3509.7887,3509.7887,3439.8779,3439.8779,3514.9249,-75.047,-2.1351,128897660.0,202857560.1687
20240724,3432.3459,3451.4196,3408.4129,3418.1663,3439.8779,-21.7116,-0.6312,127036263.0,184884499.7868
20240725,3404.611,3415.8557,3383.7991,3399.2716,3418.1663,-18.8947,-0.5528,131022242.0,190131464.8347
20240726,3403.7084,3420.8201,3388.6601,3409.2931,3399.2716,10.0215,0.2948,124195558.0,187853329.4778
20240729,3404.3663,3408.5024,3388.8444,3390.742,3409.2931,-18.5511,-0.5441,109787786.0,166697103.8231
20240730,3380.6893,3380.6893,3352.8043,3369.3821,3390.742,-21.3599,-0.6299,104952164.0,165442824.4902
20240731,3364.0268,3445.0042,3364.0268,3442.0844,3369.3821,72.7023,2.1577,171959177.0,258249147.3364
20240801,3443.1397,3448.3361,3419.1872,3419.2666,3442.0844,-22.8178,-0.6629,136323464.0,206038002.5177
20240802,3393.9167,3419.1023,3380.9645,3384.3919,3419.2666,-34.8747,-1.0199,116615255.0,179671192.4276
20240805,3362.1117,3409.0314,3343.3205,3343.3205,3384.3919,-41.0714,-1.2136,142812516.0,223631266.5632
20240806,3367.3517,3376.7956,3318.6251,3342.9789,3343.3205,-0.3416,-0.0102,119340279.0,181724693.8475
20240807,3338.5909,3362.3839,3329.9658,3341.489,3342.9789,-1.4899,-0.0446,95084377.0,145078975.3255
20240808,3332.4281,3364.7855,3320.8432,3342.9369,3341.489,1.4479,0.0433,92495695.0,149482926.2265
20240809,3358.128,3366.6688,3331.6274,3331.6274,3342.9369,-11.3095,-0.3383,91511626.0,142852166.5592
20240812,3327.5561,3338.0771,3319.8908,3325.8645,3331.6274,-5.7629,-0.173,79938754.0,117544892.7265
20240813,3328.0138,3335.014,3310.1909,3334.3903,3325.8645,8.5258,0.2563,84489679.0,125259155.343
20240814,3332.7866,3332.7866,3309.1,3309.2389,3334.3903,-25.1514,-0.7543,78742407.0,118181952.0042
20240815,3301.4455,3356.7644,3297.9711,3341.953,3309.2389,32.7141,0.9886,104766399.0,149249335.4255
20240816,3342.0346,3356.9071,3335.6239,3345.634,3341.953,3.681,0.1101,96519083.0,135885323.083
20240819,3344.2614,3375.9621,3343.7116,3356.9677,3345.634,11.3337,0.3388,105571110.0,143421671.3373
20240820,3361.6394,3362.3338,3321.6397,3332.7034,3356.9677,-24.2643,-0.7228,101668331.0,137910585.0916
20240821,3322.9134,3339.443,3307.9917,3321.635,3332.7034,-11.0684,-0.3321,89954751.0,130005992.5633
20240822,3322.8723,3327.6962,3305.2453,3313.1357,3321.635,-8.4993,-0.2559,100366504.0,147702791.5606
20240823,3305.9307,3336.2414,3305.6403,3327.1905,3313.1357,14.0548,0.4242,89525774.0,132680886.4997
20240826,3330.7184,3336.5271,3311.5701,3324.2231,3327.1905,-2.9674,-0.0892,93990772.0,139070603.958
20240827,3315.686,3320.5667,3299.5635,3305.3338,3324.2231,-18.8893,-0.5682,95808157.0,129755962.8644
20240828,3298.9089,3305.3496,3274.5881,3286.4956,3305.3338,-18.8382,-0.5699,92696650.0,135982310.9646
20240829,3273.541,3290.7857,3269.5288,3277.6812,3286.4956,-8.8144,-0.2682,130702333.0,174340106.3926
20240830,3273.7532,3351.6254,3273.6496,3321.4323,3277.6812,43.7511,1.3348,188695443.0,268376041.2109
20240902,3307.5432,3307.7627,3264.7565,3265.011,3321.4323,-56.4213,-1.6987,147612353.0,194409996.3483
20240903,3261.741,3281.5935,3261.1877,3273.4282,3265.011,8.4172,0.2578,122897306.0,155089488.5353
20240904,3253.898,3272.9861,3249.9809,3252.1649,3273.4282,-21.2633,-0.6496,104832482.0,140070063.0769
20240905,3252.96,3266.882,3247.1725,3257.7578,3252.1649,5.5929,0.172,97109450.0,134618198.8937
20240906,3261.1542,3274.8144,3231.0685,3231.3457,3257.7578,-26.4121,-0.8107,88400417.0,121541545.9057
20240909,3214.7996,3222.9278,3180.9277,3192.9516,3231.3457,-38.3941,-1.1882,108673069.0,146516054.4605
20240910,3193.4557,3205.0972,3171.7932,3195.7552,3192.9516,2.8036,0.0878,97290078.0,133610476.1315
20240911,3187.0508,3197.3363,3174.0343,3186.1299,3195.7552,-9.6253,-0.3012,102482110.0,141513837.1353
20240912,3189.4271,3201.5544,3171.8775,3172.4747,3186.1299,-13.6552,-0.4286,92868657.0,136387244.6371
20240913,3174.0344,3188.9145,3159.247,3159.247,3172.4747,-13.2277,-0.417,88336677.0,137448911.3974
20240918,3158.8179,3179.9012,3145.7908,3171.0102,3159.247,11.7632,0.3723,84722814.0,123452147.9689
20240919,3178.3959,3213.8378,3149.7925,3196.0357,3171.0102,25.0255,0.7892,125439272.0,181785109.7127
20240920,3192.4322,3207.9875,3173.2238,3201.0497,3196.0357,5.014,0.1569,118064098.0,163985054.9569
20240923,3200.8678,3230.1613,3198.0248,3212.7639,3201.0497,11.7142,0.3659,95344855.0,143876166.8609
20240924,3244.6468,3351.9684,3222.4885,3351.909,3212.7639,139.1451,4.331,204072217.0,307879526.8475
20240925,3403.7021,3465.4882,3393.438,3401.533,3351.909,49.624,1.4805,241564255.0,356862584.9395
20240926,3399.3188,3545.3249,3391.6772,3545.3204,3401.533,143.7874,4.2271,243134010.0,373983643.0448
20240927,3617.9203,3708.4951,3596.5833,3703.6849,3545.3204,158.3645,4.4669,265487774.0,466692757.4818
20240930,3846.6515,4038.6968,3796.5045,4017.8545,3703.6849,314.1696,8.4826,510217707.0,862528807.4192
20241008,4450.3675,4450.3675,4094.3519,4256.0962,4017.8545,238.2417,5.9296,589867894.0,1130387437.1301
20241009,4168.8436,4197.6,3942.5118,3955.9839,4256.0962,-300.1123,-7.0514,482269295.0,1029032062.1934
20241010,3979.6116,4098.4967,3912.7708,3997.7879,3955.9839,41.804,1.0567,395053099.0,717952217.5126
20241011,3969.7576,3978.2389,3847.1228,3887.167,3997.7879,-110.6209,-2.7671,274096505.0,484998267.2956
20241014,3915.2186,3979.5431,3868.779,3961.3424,3887.167,74.1754,1.9082,307578993.0,534076602.2155
20241015,3942.5342,3967.8712,3855.9949,3855.9949,3961.3424,-105.3475,-2.6594,242486448.0,434410916.7235
20241016,3806.1373,3877.7483,3805.0868,3831.589,3855.9949,-24.4059,-0.6329,218866407.0,377301324.4264
20241017,3853.841,3882.0733,3787.7498,3788.2217,3831.589,-43.3673,-1.1318,212313820.0,369170521.6345
20241018,3780.3143,3998.214,3765.1615,3925.234,3788.2217,137.0123,3.6168,312958834.0,620673701.8941
20241021,3946.9016,3979.2638,3896.165,3935.1974,3925.234,9.9634,0.2538,291185634.0,600109598.9491
20241022,3923.7443,3965.9084,3917.5218,3957.7755,3935.1974,22.5781,0.5737,223433396.0,442881846.8137
20241023,3955.3191,4012.1795,3939.0986,3973.2089,3957.7755,15.4334,0.39,245873949.0,469120806.2721
20241024,3950.8987,3957.9832,3914.0887,3928.8334,3973.2089,-44.3755,-1.1169,174724062.0,340486884.4853
20241025,3931.3205,3992.8918,3921.9396,3956.421,3928.8334,27.5876,0.7022,210694885.0,412231378.4304
20241028,3953.1063,3964.1569,3917.2042,3964.1569,3956.421,7.7359,0.1955,216160415.0,390450182.338
20241029,3970.008,3991.3091,3921.5795,3924.649,3964.1569,-39.5079,-0.9966,217293984.0,429625020.4048
20241030,3904.1595,3926.0581,3864.3051,3889.4487,3924.649,-35.2003,-0.8969,219436626.0,385010582.2332
20241031,3888.4229,3923.8997,3859.1079,3891.0396,3889.4487,1.5909,0.0409,300636718.0,515533818.945
20241101,3882.4579,3933.2204,3879.9588,3890.0203,3891.0396,-1.0193,-0.0262,307986481.0,476472952.0283
20241104,3897.7144,3944.7619,3891.2109,3944.7619,3890.0203,54.7416,1.4072,229239060.0,381048606.0681
20241105,3937.6228,4046.6977,3925.4138,4044.5725,3944.7619,99.8106,2.5302,316862794.0,580971852.7237
20241106,4051.2891,4091.7031,4002.5027,4024.2831,4044.5725,-20.2894,-0.5016,335807938.0,639124093.9118
20241107,3987.2665,4146.151,3984.6652,4145.6952,4024.2831,121.4121,3.017,341436414.0,658145920.9481
20241108,4192.0794,4200.908,4094.1631,4104.047,4145.6952,-41.6482,-1.0046,332350385.0,688446559.7722
20241111,4066.9336,4132.5111,4048.039,4131.1312,4104.047,27.0842,0.6599,289594227.0,625605935.91
20241112,4133.3528,4181.7096,4060.7936,4085.743,4131.1312,-45.3882,-1.0987,297778086.0,660380524.8206
20241113,4059.5898,4121.0735,4059.5898,4110.8901,4085.743,25.1471,0.6155,240484099.0,512734303.1194
20241114,4101.2228,4118.1686,4034.9441,4039.6191,4110.8901,-71.271,-1.7337,230152784.0,464157560.7551
20241115,4025.6482,4049.071,3968.8308,3968.8308,4039.6191,-70.7883,-1.7524,247399463.0,474079686.5882
20241118,3982.1036,4034.0596,3931.1872,3950.3806,3968.8308,-18.4502,-0.4649,306777946.0,472408054.8307
20241119,3954.6038,3979.1505,3896.7493,3976.8912,3950.3806,26.5106,0.6711,242946465.0,402610970.3401
20241120,3966.1238,4001.0847,3958.3383,3985.7727,3976.8912,8.8815,0.2233,184599372.0,347577693.0995
20241121,3979.4554,3999.5693,3966.0658,3989.2979,3985.7727,3.5252,0.0884,166125927.0,324235010.779
20241122,3984.2435,3990.2647,3865.6989,3865.6989,3989.2979,-123.599,-3.0983,216285809.0,397566831.8478
20241125,3875.6126,3889.7069,3812.3179,3848.0909,3865.6989,-17.608,-0.4555,190702953.0,349006773.1801
20241126,3836.259,3875.229,3833.2842,3840.1847,3848.0909,-7.9062,-0.2055,149892441.0,264403254.83
20241127,3829.3442,3907.164,3817.9125,3907.0447,3840.1847,66.86,1.7411,174136096.0,320632355.477
20241128,3904.2525,3908.3918,3866.0136,3872.5505,3907.0447,-34.4942,-0.8829,150117291.0,286432871.2235
20241129,3869.8903,3962.7002,3869.8903,3916.5832,3872.5505,44.0327,1.137,187656713.0,375262017.9192
20241202,3909.7029,3955.1252,3902.1697,3947.632,3916.5832,31.0488,0.7928,197289784.0,368591235.9908
20241203,3946.7034,3963.9474,3922.8425,3951.8912,3947.632,4.2592,0.1079,182496867.0,327295048.7008
20241204,3948.13,3957.365,3917.7467,3930.5568,3951.8912,-21.3344,-0.5399,174626318.0,312040419.0815
20241205,3916.5638,3936.3358,3910.0834,3921.5881,3930.5568,-8.9687,-0.2282,138534038.0,257716297.9965
20241206,3923.8954,3995.1168,3923.8954,3973.1405,3921.5881,51.5524,1.3146,192057907.0,351751735.425
20241209,3970.6628,3995.5116,3948.4206,3966.5708,3973.1405,-6.5697,-0.1654,175959958.0,308227216.7029
20241210,4094.05,4098.3804,3988.9676,3995.6369,3966.5708,29.0661,0.7328,253463795.0,487278042.807
20241211,3988.0179,4005.3253,3977.3522,3988.8308,3995.6369,-6.8061,-0.1703,177252846.0,310713317.8954
20241212,3987.1525,4031.7441,3981.3485,4028.5048,3988.8308,39.674,0.9946,181621777.0,333667518.4014
20241213,4000.9854,4000.9854,3931.7392,3933.1808,4028.5048,-95.324,-2.3662,230353079.0,421478609.274
20241216,3930.7807,3938.7595,3901.6465,3911.8416,3933.1808,-21.3392,-0.5425,178511251.0,327619081.5813
20241217,3908.1263,3955.945,3908.1263,3922.0334,3911.8416,10.1918,0.2605,160939090.0,306037370.8467
20241218,3934.5425,3956.1441,3933.9693,3941.89,3922.0334,19.8566,0.5063,157738321.0,276825381.2243
20241219,3911.8901,3954.3491,3899.7479,3945.4635,3941.89,3.5735,0.0907,161081040.0,321771606.9334
20241220,3937.4722,3958.6336,3923.2562,3927.7441,3945.4635,-17.7194,-0.4491,154986496.0,332143276.3977
20241223,3928.1493,3965.8502,3928.1493,3933.5718,3927.7441,5.8277,0.1484,190067362.0,354063425.2087
20241224,3934.9422,3985.8588,3934.7338,3983.6882,3933.5718,50.1164,1.2741,161494589.0,310384873.2942
20241225,3987.9557,4007.7626,3969.4766,3985.6291,3983.6882,1.9409,0.0487,159390747.0,299295145.7931
20241226,3981.7317,3991.5331,3965.5461,3987.4801,3985.6291,1.851,0.0464,143425286.0,305769929.4027
20241227,3987.0189,4007.1314,3970.9365,3981.0307,3987.4801,-6.4494,-0.1617,169268666.0,345011075.199
20241230,3976.7004,4005.778,3976.7004,3999.0549,3981.0307,18.0242,0.4528,164612485.0,322699390.1918
20241231,3995.8705,4004.3462,3934.9109,3934.9109,3999.0549,-64.144,-1.604,183928397.0,347880439.5304
20250102,3931.8155,3934.2034,3796.3389,3820.3952,3934.9109,-114.5157,-2.9102,217898724.0,388636586.6393
20250103,3825.2426,3835.9353,3767.6653,3775.1648,3820.3952,-45.2304,-1.1839,175342676.0,304322755.4359
20250106,3775.9902,3788.8489,3743.0727,3768.9697,3775.1648,-6.1951,-0.1641,150946670.0,262803541.1162
20250107,3760.866,3797.602,3749.0581,3796.1055,3768.9697,27.1358,0.72,146455779.0,266855795.3474
20250108,3781.261,3810.7355,3731.1887,3789.2153,3796.1055,-6.8902,-0.1815,169166968.0,300965725.4327
20250109,3780.7341,3795.2608,3768.681,3779.8773,3789.2153,-9.338,-0.2464,129794002.0,251486002.8198
20250110,3778.8928,3786.8069,3732.4806,3732.4806,3779.8773,-47.3967,-1.2539,137523171.0,275354209.0643
20250113,3704.4442,3737.8852,3704.1073,3722.513,3732.4806,-9.9676,-0.2671,136446199.0,247861953.1967
20250114,3728.5561,3826.6399,3718.8768,3820.5395,3722.513,98.0265,2.6333,170664657.0,345461480.0636
20250115,3810.0353,3816.8284,3790.1655,3796.026,3820.5395,-24.5135,-0.6416,141475520.0,278850595.5317
20250116,3812.1935,3842.947,3776.2861,3800.3836,3796.026,4.3576,0.1148,144505871.0,305734630.7713
20250117,3788.3729,3831.6404,3780.2133,3812.3429,3800.3836,11.9593,0.3147,126621961.0,265437489.5936
20250120,3835.3042,3858.6677,3821.9815,3829.6764,3812.3429,17.3335,0.4547,139581277.0,292175449.1086
20250121,3850.3563,3850.9106,3817.1214,3832.6145,3829.6764,2.9381,0.0767,141218406.0,285073351.6934
20250122,3823.9447,3823.9447,3783.1438,3797.0166,3832.6145,-35.5979,-0.9288,137255062.0,298745637.5514
20250123,3829.0462,3864.2585,3801.8531,3803.7439,3797.0166,6.7273,0.1772,180569551.0,345198071.1139
20250124,3793.8498,3847.6003,3793.4836,3832.8637,3803.7439,29.1198,0.7656,148971722.0,296474375.4691
20250127,3836.9578,3851.9969,3817.0802,3817.0802,3832.8637,-15.7835,-0.4118,146670772.0,282940127.5406
20250205,3844.6998,3844.6998,3785.162,3795.0848,3817.0802,-21.9954,-0.5762,157168308.0,346016202.0252
20250206,3789.6086,3843.4942,3788.3196,3842.8314,3795.0848,47.7466,1.2581,167288176.0,371891971.1014
20250207,3844.0574,3919.3499,3833.8685,3892.7028,3842.8314,49.8714,1.2978,221857707.0,487381557.0782
20250210,3898.1023,3906.3678,3878.8314,3901.0618,3892.7028,8.359,0.2147,188903040.0,384968342.8743
20250211,3905.1594,3905.1594,3872.9087,3883.1352,3901.0618,-17.9266,-0.4595,166574909.0,337866056.1159
20250212,3875.9596,3920.7229,3867.3538,3919.8617,3883.1352,36.7265,0.9458,164228540.0,354830596.2979
20250213,3913.9044,3939.1978,3904.9845,3905.1398,3919.8617,-14.7219,-0.3756,172485874.0,376473453.3066
20250214,3900.8274,3942.0356,3900.8274,3939.0085,3905.1398,33.8687,0.8673,172976452.0,360974236.8544
20250217,3954.4147,3955.8959,3921.7017,3947.3983,3939.0085,8.3898,0.213,213588246.0,430929575.5632
20250218,3942.5761,3965.4232,3901.8675,3912.7829,3947.3983,-34.6154,-0.8769,209425101.0,400186229.9407
20250219,3906.2201,3943.6742,3904.1455,3940.1602,3912.7829,27.3773,0.6997,182829517.0,363680372.5627
20250220,3934.6503,3940.678,3916.1772,3928.8959,3940.1602,-11.2643,-0.2859,163895236.0,325972429.3626
20250221,3938.0518,3981.048,3927.7874,3978.444,3928.8959,49.5481,1.2611,227400330.0,504645493.5771
20250224,3972.4831,3995.9456,3949.2309,3969.7169,3978.444,-8.7271,-0.2194,220810618.0,455088749.6845
20250225,3933.636,3955.4336,3915.6527,3925.6505,3969.7169,-44.0664,-1.1101,178108580.0,377981451.2504
20250226,3931.842,3960.3298,3925.3664,3959.9413,3925.6505,34.2908,0.8735,191062501.0,386458193.7626
20250227,3961.0635,3973.9323,3933.4611,3968.1159,3959.9413,8.1746,0.2064,202887963.0,428272792.6676
20250228,3950.1866,3972.4813,3886.3994,3890.0487,3968.1159,-78.0672,-1.9674,198104147.0,420308043.4501
20250303,3899.6962,3930.0048,3872.5872,3888.4738,3890.0487,-1.5749,-0.0405,177623166.0,356057735.014
20250304,3865.9939,3890.4235,3855.7254,3885.2208,3888.4738,-3.253,-0.0837,149850967.0,297739246.8023
20250305,3887.7992,3906.4214,3877.0188,3902.5706,3885.2208,17.3498,0.4466,158652751.0,290860484.5049
20250306,3923.3827,3964.4942,3917.0833,3956.2369,3902.5706,53.6663,1.3752,193960915.0,397419427.6427
20250307,3944.9145,3967.0743,3935.0464,3944.0143,3956.2369,-12.2226,-0.3089,166732375.0,340626700.2855
20250310,3945.5795,3949.1448,3905.127,3928.8018,3944.0143,-15.2125,-0.3857,152765232.0,292574987.4809
20250311,3890.4305,3941.4157,3889.4298,3941.4157,3928.8018,12.6139,0.3211,144754402.0,287480453.1198
20250312,3946.8623,3953.6125,3921.4736,3927.2315,3941.4157,-14.1842,-0.3599,156732190.0,309627267.3648
20250313,3925.7439,3939.2854,3897.3758,3911.5793,3927.2315,-15.6522,-0.3986,156536443.0,295173112.5796
20250314,3919.6159,4014.1586,3919.6159,4006.5567,3911.5793,94.9774,2.4281,216139003.0,450895278.803
20250317,4020.6402,4021.7278,3992.2563,3996.7876,4006.5567,-9.7691,-0.2438,162202911.0,318904417.4183
20250318,4011.7794,4016.873,3995.9602,4007.7229,3996.7876,10.9353,0.2736,140208496.0,292739319.5446
20250319,4004.8251,4025.299,3989.512,4010.168,4007.7229,2.4451,0.061,144419428.0,286075300.7953
20250320,4011.0588,4012.0416,3969.9259,3974.9918,4010.168,-35.1762,-0.8772,133754670.0,260020676.8258
20250321,3966.5146,3983.1476,3904.7674,3914.6956,3974.9918,-60.2962,-1.5169,165905294.0,309348613.9354
20250324,3916.1136,3938.1826,3907.1999,3934.8486,3914.6956,20.153,0.5148,152234674.0,266051442.6127
20250325,3937.8975,3946.3574,3921.5287,3932.2951,3934.8486,-2.5535,-0.0649,140475399.0,239246310.9858
20250326,3930.2073,3942.026,3916.8607,3919.3566,3932.2951,-12.9385,-0.329,131164187.0,220943164.4862
20250327,3911.3841,3952.9852,3903.652,3932.4117,3919.3566,13.0551,0.3331,126793738.0,232173613.774
20250328,3930.7763,3934.2336,3907.384,3915.1662,3932.4117,-17.2455,-0.4385,126356214.0,213379194.2893
20250331,3905.9815,3928.4482,3872.403,3887.3056,3915.1662,-27.8606,-0.7116,166798523.0,268480316.5723
20250401,3892.7794,3905.2622,3882.4045,3887.6841,3887.3056,0.3785,0.0097,140380274.0,246041674.6702
20250402,3884.4181,3900.4949,3877.1599,3884.3858,3887.6841,-3.2983,-0.0848,113043175.0,198267515.3424
20250403,3843.4177,3883.7025,3843.4177,3861.5034,3884.3858,-22.8824,-0.5891,142599789.0,263684681.5451
20250407,3675.2017,3707.7771,3514.1165,3589.4406,3861.5034,-272.0628,-7.0455,312578586.0,512971787.7446
20250408,3597.9859,3650.759,3583.8746,3650.759,3589.4406,61.3184,1.7083,280197312.0,464021087.8375
20250409,3606.1036,3686.7943,3587.3368,3686.7943,3650.759,36.0353,0.9871,262305708.0,455031069.2898
20250410,3749.1262,3756.1386,3708.8194,3735.1151,3686.7943,48.3208,1.3106,227252227.0,403842564.8555
20250411,3730.3148,3762.3653,3708.4617,3750.5167,3735.1151,15.4016,0.4123,168759691.0,318535141.9044
20250414,3772.0407,3776.6344,3754.033,3759.1422,3750.5167,8.6255,0.23,164462403.0,292571297.0391
20250415,3756.4788,3764.486,3737.8495,3761.2348,3759.1422,2.0926,0.0557,134006040.0,228604621.3758
20250416,3757.8757,3775.1661,3721.6025,3772.8204,3761.2348,11.5856,0.308,156359006.0,261711094.7685
20250417,3755.0862,3779.1253,3749.504,3772.2221,3772.8204,-0.5983,-0.0159,122371002.0,209012323.0662
20250418,3760.0425,3782.0443,3754.4072,3772.523,3772.2221,0.3009,0.008,102948509.0,173109384.0972
20250421,3768.1421,3790.1782,3763.1383,3784.8806,3772.523,12.3576,0.3276,121355730.0,208085677.3821
20250422,3780.1122,3799.2295,3778.0791,3783.9522,3784.8806,-0.9284,-0.0245,125688257.0,210200698.7937
20250423,3803.4295,3807.9536,3780.5183,3786.8824,3783.9522,2.9302,0.0774,131986870.0,247117386.1221
20250424,3787.459,3807.2599,3775.207,3784.3574,3786.8824,-2.525,-0.0667,117164560.0,205483051.375
20250425,3792.0838,3801.5765,3780.7772,3786.9937,3784.3574,2.6363,0.0697,124591133.0,220535052.6193
20250428,3786.3867,3792.0082,3772.8029,3781.6188,3786.9937,-5.3749,-0.1419,125145091.0,210635318.5232
20250429,3776.0025,3785.3157,3768.0311,3775.0767,3781.6188,-6.5421,-0.173,111514694.0,197462744.3625
20250430,3775.8306,3787.5639,3768.7573,3770.5705,3775.0767,-4.5062,-0.1194,143681658.0,244820462.2176
20250506,3794.3757,3809.0939,3782.777,3808.5424,3770.5705,37.9719,1.0071,158520459.0,267937090.7574
20250507,3861.5767,3863.6776,3814.9868,3831.627,3808.5424,23.0846,0.6061,161172299.0,286010735.4534
20250508,3820.5481,3867.3313,3816.2642,3852.8963,3831.627,21.2693,0.5551,124959833.0,246987280.5877
20250509,3848.6187,3853.6632,3836.5349,3846.1566,3852.8963,-6.7397,-0.1749,119389526.0,216697939.6717
20250512,3866.5305,3890.7342,3859.0346,3890.6096,3846.1566,44.453,1.1558,153332460.0,296122947.8078
20250513,3915.5924,3915.5924,3890.6855,3896.2583,3890.6096,5.6487,0.1452,147320299.0,267586397.7199
20250514,3894.8386,3960.5228,3890.6504,3943.2108,3896.2583,46.9525,1.2051,172033779.0,319465226.8505
20250515,3934.0273,3936.4653,3904.9068,3907.1992,3943.2108,-36.0116,-0.9133,138081749.0,241464943.5536
20250516,3898.6662,3903.8528,3874.8619,3889.0854,3907.1992,-18.1138,-0.4636,118405345.0,208835664.0392
20250519,3882.5677,3885.5889,3866.5695,3877.1453,3889.0854,-11.9401,-0.307,98643414.0,184888170.5538
20250520,3883.1024,3911.4737,3881.7436,3898.1705,3877.1453,21.0252,0.5423,104885234.0,201636702.5218
20250521,3899.4365,3928.6339,3899.4365,3916.3807,3898.1705,18.2102,0.4671,109791343.0,217037739.435
20250522,3912.6007,3923.0195,3903.0898,3913.8651,3916.3807,-2.5156,-0.0642,107597052.0,197511410.2708
20250523,3910.3739,3931.5514,3882.2741,3882.2741,3913.8651,-31.591,-0.8072,120277419.0,232945378.2948
20250526,3875.7891,3884.537,3849.0384,3860.1067,3882.2741,-22.1674,-0.571,109601207.0,208876792.1489
20250527,3857.6271,3865.4291,3834.8455,3839.3969,3860.1067,-20.7098,-0.5365,98572425.0,178466763.5409
20250528,3843.0747,3849.736,3833.9582,3836.2366,3839.3969,-3.1603,-0.0823,89031026.0,162496372.7275
20250529,3838.0092,3869.7909,3831.4577,3858.6998,3836.2366,22.4632,0.5856,108471886.0,209459602.5012
20250530,3850.493,3858.6128,3829.2542,3840.2323,3858.6998,-18.4675,-0.4786,111672228.0,199389751.0711
20250603,3833.4584,3863.2952,3832.7202,3852.0127,3840.2323,11.7804,0.3068,131403090.0,226782772.0627
20250604,3855.4878,3875.8569,3855.4878,3868.7429,3852.0127,16.7302,0.4343,116803873.0,211736178.1541
20250605,3872.6373,3883.1345,3861.272,3877.5557,3868.7429,8.8128,0.2278,122878184.0,231749275.3346
20250606,3878.1027,3889.4557,3869.3871,3873.9841,3877.5557,-3.5716,-0.0921,110987971.0,202034736.3109
20250609,3877.7977,3894.6517,3871.9917,3885.2459,3873.9841,11.2618,0.2907,136306293.0,262023668.4655
20250610,3887.5512,3897.4573,3850.4663,3865.4652,3885.2459,-19.7807,-0.5091,145563859.0,263647551.7948
20250611,3870.6719,3911.6107,3870.6719,3894.6252,3865.4652,29.16,0.7544,142414772.0,257217704.4054
20250612,3885.5196,3900.0408,3870.3838,3892.1992,3894.6252,-2.426,-0.0623,133998697.0,260239581.458
20250613,3881.4923,3889.1602,3853.8186,3864.1822,3892.1992,-28.017,-0.7198,172539536.0,309172346.1799
20250616,3853.6193,3876.1704,3853.6193,3873.7951,3864.1822,9.6129,0.2488,137341835.0,246860982.8633
20250617,3875.1768,3880.4156,3860.409,3870.3786,3873.7951,-3.4165,-0.0882,122342526.0,220399818.9485
20250618,3871.6502,3881.346,3854.6575,3874.9708,3870.3786,4.5922,0.1186,127528621.0,230553858.2636
20250619,3870.049,3872.9425,3834.9512,3843.0912,3874.9708,-31.8796,-0.8227,130280658.0,234840180.8055
20250620,3839.7833,3856.4799,3839.7833,3846.6443,3843.0912,3.5531,0.0925,118151020.0,213522822.8745
20250623,3831.1703,3867.5896,3827.0829,3857.9016,3846.6443,11.2573,0.2927,133800892.0,232482215.8504
20250624,3862.3876,3914.1579,3862.3876,3904.0342,3857.9016,46.1326,1.1958,163656188.0,294228720.6125
20250625,3907.0682,3963.0371,3902.1771,3960.0662,3904.0342,56.032,1.4352,187213671.0,361727254.624
20250626,3953.1603,3964.482,3945.2589,3946.0195,3960.0662,-14.0467,-0.3547,165316263.0,328102847.4956
20250627,3949.7879,3969.2626,3918.2041,3921.7578,3946.0195,-24.2617,-0.6148,194557913.0,343468229.8138
20250630,3920.3149,3940.3611,3911.6044,3936.0791,3921.7578,14.3213,0.3652,145170236.0,288821434.9214
20250701,3935.9078,3946.2451,3924.7219,3942.762,3936.0791,6.6829,0.1698,128959362.0,236070338.3994
20250702,3943.3232,3952.1378,3929.6956,3943.6849,3942.762,0.9229,0.0234,147063062.0,246637847.4538
20250703,3949.3998,3971.616,3945.138,3968.0676,3943.6849,24.3827,0.6183,141004006.0,269609569.5387
20250704,3967.4637,4013.8478,3958.3762,3982.2034,3968.0676,14.1358,0.3562,157197133.0,290512992.198
20250707,3977.2881,3979.7481,3956.5663,3965.1746,3982.2034,-17.0288,-0.4276,131135273.0,225106992.8759
20250708,3965.426,4002.269,3965.426,3998.4527,3965.1746,33.2781,0.8393,156402895.0,292089834.2238
20250709,3997.5044,4016.7434,3987.4267,3991.4006,3998.4527,-7.0521,-0.1764,173293796.0,305398796.5627
20250710,3993.4196,4032.9829,3992.5242,4010.0243,3991.4006,18.6237,0.4666,209778904.0,347836703.6263
20250711,4011.4652,4065.9419,4010.1052,4014.807,4010.0243,4.7827,0.1193,262052773.0,443780794.8804
20250714,4021.2135,4034.9198,4017.6678,4017.6678,4014.807,2.8608,0.0713,207917175.0,321415945.1571
20250715,4023.9896,4042.6574,3994.2628,4019.0644,4017.6678,1.3966,0.0348,191042931.0,353524574.4409
20250716,4019.3925,4027.8567,3993.9209,4007.2019,4019.0644,-11.8625,-0.2952,151027308.0,300656795.6646
20250717,4005.067,4034.5935,4005.067,4034.491,4007.2019,27.2891,0.681,161249041.0,325516865.7227
20250718,4039.8712,4064.6378,4039.3181,4058.5486,4034.491,24.0576,0.5963,186211063.0,354244444.6297
20250721,4069.7685,4086.1171,4063.4427,4085.6072,4058.5486,27.0586,0.6667,223268476.0,377938564.8776
20250722,4087.3354,4119.2021,4068.3383,4118.9582,4085.6072,33.351,0.8163,257596985.0,450874014.4794
20250723,4129.1476,4155.6783,4113.9085,4119.7685,4118.9582,0.8103,0.0197,300506154.0,470330899.4208
20250724,4116.8312,4152.4265,4111.8849,4149.0368,4119.7685,29.2683,0.7104,319632392.0,487000043.8841
20250725,4145.3195,4150.4994,4117.8005,4127.1634,4149.0368,-21.8734,-0.5272,273594963.0,430445513.4709
20250728,4128.1993,4146.12,4112.9677,4135.8242,4127.1634,8.6608,0.2098,222759815.0,406792873.9733
20250729,4132.6833,4153.3307,4117.5772,4152.0247,4135.8242,16.2005,0.3917,230807880.0,428764310.9738
20250730,4148.9405,4185.2064,4127.4301,4151.2379,4152.0247,-0.7868,-0.0189,249853048.0,445168467.668
20250731,4141.5612,4141.8243,4063.6662,4075.5912,4151.2379,-75.6467,-1.8223,267087406.0,492142571.7388
20250801,4069.9254,4085.3543,4040.462,4054.9286,4075.5912,-20.6626,-0.507,196221826.0,359685164.1634
20250804,4037.9378,4070.7023,4037.9378,4070.7023,4054.9286,15.7737,0.389,162275902.0,295976826.6324
20250805,4080.3877,4106.2969,4075.5836,4103.45,4070.7023,32.7477,0.8045,178851999.0,306934255.7656
20250806,4100.4283,4116.7085,4098.3544,4113.4852,4103.45,10.0352,0.2446,176676155.0,307674626.1248
20250807,4120.2822,4129.7382,4094.8214,4114.666,4113.4852,1.1808,0.0287,198641902.0,358108366.9837
20250808,4109.2734,4122.2104,4097.4157,4104.9669,4114.666,-9.6991,-0.2357,173171201.0,308507687.6347
20250811,4110.2939,4134.2462,4103.605,4122.5106,4104.9669,17.5437,0.4274,190443716.0,360685826.235
20250812,4123.5762,4153.2948,4121.2243,4143.8252,4122.5106,21.3146,0.517,177287823.0,383088423.33
20250813,4150.5037,4186.748,4147.1991,4176.5776,4143.8252,32.7524,0.7904,213934999.0,462776745.4653
20250814,4179.965,4220.3109,4165.9376,4173.3131,4176.5776,-3.2645,-0.0782,221103595.0,485075642.622
20250815,4162.4205,4214.7291,4157.495,4202.3533,4173.3131,29.0402,0.6959,261327566.0,518686873.5008
20250818,4218.2471,4272.9602,4203.4191,4239.4125,4202.3533,37.0592,0.8819,301479102.0,635365867.1845
20250819,4241.7651,4264.2303,4215.2075,4223.3741,4239.4125,-16.0384,-0.3783,250818771.0,553536203.2596
20250820,4208.4005,4272.1463,4190.5559,4271.3958,4223.3741,48.0217,1.137,246481773.0,538815306.1469
20250821,4284.3712,4308.4472,4273.6523,4288.0707,4271.3958,16.6749,0.3904,259030014.0,558521268.9674
20250822,4287.3633,4378.3881,4287.3633,4377.9977,4288.0707,89.927,2.0971,290434897.0,675935075.4089
20250825,4416.2924,4472.6525,4404.7761,4469.2217,4377.9977,91.224,2.0837,358090006.0,823681964.4727
20250826,4453.3526,4476.803,4435.5275,4452.5905,4469.2217,-16.6312,-0.3721,270621395.0,627950450.2292
20250827,4458.8399,4494.9126,4386.1266,4386.1266,4452.5905,-66.4639,-1.4927,333133898.0,785098482.9735
20250828,4378.0351,4464.8028,4364.171,4463.782,4386.1266,77.6554,1.7705,296834536.0,739423602.2214
20250829,4455.8034,4516.8395,4452.3632,4496.7591,4463.782,32.9771,0.7388,351938947.0,831194066.1579
20250901,4516.8787,4528.1342,4487.5304,4523.7111,4496.7591,26.952,0.5994,320366708.0,770378288.1269
20250902,4521.9828,4548.8937,4454.4169,4490.4528,4523.7111,-33.2583,-0.7352,303932566.0,777999297.9641
20250903,4501.3388,4510.7303,4427.5176,4459.8296,4490.4528,-30.6232,-0.682,254320217.0,655697116.7091
20250904,4461.2503,4465.4967,4327.5068,4365.2085,4459.8296,-94.6211,-2.1216,307934609.0,773124596.9981
20250905,4365.6083,4466.5603,4350.2974,4460.3249,4365.2085,95.1164,2.179,249625657.0,664166970.9465
20250908,4467.1693,4482.763,4438.0698,4467.5733,4460.3249,7.2484,0.1625,267638382.0,683630879.7691
20250909,4448.739,4472.093,4412.6914,4436.2584,4467.5733,-31.3149,-0.7009,221375460.0,562861103.9584
20250910,4438.2998,4466.6325,4414.5937,4445.3649,4436.2584,9.1065,0.2053,203597646.0,535539349.4891
20250911,4438.839,4548.0345,4427.9242,4548.0345,4445.3649,102.6696,2.3096,253264051.0,693156671.3977
20250912,4544.5905,4564.6665,4517.7897,4521.998,4548.0345,-26.0365,-0.5725,266442003.0,689576075.6914
20250915,4534.8866,4566.9053,4522.4958,4533.0557,4521.998,11.0577,0.2445,231885678.0,613314652.4191
20250916,4539.9217,4552.419,4494.7875,4523.3367,4533.0557,-9.719,-0.2144,249269206.0,613728334.8059
20250917,4517.2855,4556.0296,4503.7959,4551.023,4523.3367,27.6863,0.6121,235716472.0,608454200.5211
20250918,4546.0319,4573.8331,4454.9886,4498.109,4551.023,-52.914,-1.1627,309859826.0,839987127.411
20250919,4499.0906,4533.0919,4491.8437,4501.9195,4498.109,3.8105,0.0847,225044000.0,603887059.8171
20250922,4512.0251,4523.8695,4487.1299,4522.608,4501.9195,20.6885,0.4595,196459956.0,563149164.266
20250923,4536.7569,4560.7319,4459.7281,4519.7781,4522.608,-2.8299,-0.0626,252827062.0,680513630.6958
20250924,4495.2659,4567.4948,4494.1133,4566.0708,4519.7781,46.2927,1.0242,220482608.0,629161495.4841
20250925,4563.9827,4613.9486,4558.8424,4593.4875,4566.0708,27.4167,0.6004,229823333.0,669866986.6186
20250926,4576.9142,4597.8472,4550.0487,4550.0487,4593.4875,-43.4388,-0.9457,208482114.0,598723903.1739
20250929,4555.0342,4647.5691,4541.4252,4620.0528,4550.0487,70.0041,1.5385,274358877.0,693395231.2412
20250930,4629.8987,4647.5031,4616.2243,4640.6935,4620.0528,20.6407,0.4468,247980359.0,664624101.862
20251009,4662.1133,4726.3449,4651.9895,4709.482,4640.6935,68.7885,1.4823,347678696.0,862208005.9084
20251010,4679.4983,4692.5858,4600.9646,4616.8341,4709.482,-92.6479,-1.9673,319020899.0,792743047.2505
20251013,4490.8661,4601.8072,4490.8661,4593.9785,4616.8341,-22.8556,-0.495,315010354.0,714001634.3953
20251014,4634.0543,4641.4492,4520.9258,4539.0644,4593.9785,-54.9141,-1.1953,372954030.0,808959003.2014
20251015,4544.2431,4608.8239,4526.834,4606.2879,4539.0644,67.2235,1.481,284771855.0,607326345.3256
20251016,4588.9206,4645.0959,4586.2801,4618.4218,4606.2879,12.1339,0.2634,248235518.0,560567191.7414
20251017,4610.6967,4618.5621,4509.3289,4514.2345,4618.4218,-104.1873,-2.2559,256905617.0,559085965.2187
20251020,4558.2421,4570.4376,4520.5024,4538.2201,4514.2345,23.9856,0.5313,218420405.0,505798833.7032
20251021,4556.1224,4615.463,4547.9283,4607.8715,4538.2201,69.6514,1.5348,215711175.0,551390253.2159
20251022,4576.0277,4603.4884,4567.2361,4592.57,4607.8715,-15.3015,-0.3321,185333960.0,440935302.7474
20251023,4578.7018,4611.3409,4541.6944,4606.3447,4592.57,13.7747,0.2999,200463917.0,420800208.7756
20251024,4622.7873,4660.6835,4622.7873,4660.6835,4606.3447,54.3388,1.1797,208814483.0,551986648.5605
20251027,4699.3819,4720.4288,4687.6876,4716.0186,4660.6835,55.3351,1.1873,262200674.0,672670372.5227
20251028,4697.7277,4734.3218,4679.2288,4691.973,4716.0186,-24.0456,-0.5099,220906645.0,571563257.0955
20251029,4701.0362,4747.8378,4697.268,4747.8378,4691.973,55.8648,1.1906,246211324.0,645898688.7652
20251030,4735.9807,4761.8339,4706.452,4709.911,4747.8378,-37.9268,-0.7988,273289118.0,719956285.438
20251031,4702.4946,4706.1395,4640.6676,4640.6676,4709.911,-69.2434,-1.4702,281464740.0,680712251.4927
20251103,4636.7323,4653.4028,4595.7339,4653.4028,4640.6676,12.7352,0.2744,239869809.0,557602941.0959
20251104,4649.3481,4665.323,4595.066,4618.699,4653.4028,-34.7038,-0.7458,233224032.0,505177700.9766
20251105,4562.1117,4642.6101,4558.7647,4627.257,4618.699,8.558,0.1853,203045871.0,468361161.3887
20251106,4642.0112,4698.0935,4642.0112,4693.4032,4627.257,66.1462,1.4295,224241008.0,553641780.9212
20251107,4673.7616,4701.3743,4666.0405,4678.7944,4693.4032,-14.6088,-0.3113,212497377.0,507573849.5002
20251110,4688.124,4695.1794,4654.2103,4695.0507,4678.7944,16.2563,0.3474,236026764.0,593977127.605
20251111,4706.3374,4707.1275,4648.4896,4652.1655,4695.0507,-42.8852,-0.9134,186638858.0,477629076.357
20251112,4643.5592,4669.6073,4620.9897,4645.9079,4652.1655,-6.2576,-0.1345,209460592.0,492308866.4087
20251113,4643.7862,4703.4897,4643.7862,4702.0738,4645.9079,56.1659,1.2089,207367474.0,510060678.2104
20251114,4663.3175,4684.2578,4628.0242,4628.1398,4702.0738,-73.934,-1.5724,192092676.0,444720433.5785
20251117,4616.8058,4624.8976,4580.2613,4598.0525,4628.1398,-30.0873,-0.6501,188955466.0,438940097.5278
20251118,4584.7896,4606.6167,4552.8038,4568.1928,4598.0525,-29.8597,-0.6494,177713185.0,420150126.547
20251119,4568.0365,4607.8627,4568.0365,4588.2922,4568.1928,20.0994,0.44,172924974.0,385230481.9698
20251120,4619.5401,4620.6529,4560.1814,4564.9483,4588.2922,-23.3439,-0.5088,194562593.0,415064817.7298
20251121,4513.3858,4527.0436,4453.1819,4453.6076,4564.9483,-111.3407,-2.439,222851013.0,481295814.4626
20251124,4473.1563,4478.8081,4421.8123,4448.0478,4453.6076,-5.5598,-0.1248,185833729.0,425807469.4999
20251125,4475.8359,4510.7729,4467.3529,4490.4047,4448.0478,42.3569,0.9523,169571929.0,411523796.9624
20251126,4490.2021,4538.1361,4485.6984,4517.6255,4490.4047,27.2208,0.6062,156200368.0,427361377.7384
20251127,4520.014,4559.2183,4509.8635,4515.4027,4517.6255,-2.2228,-0.0492,150311772.0,417789843.5677
20251128,4511.4972,4531.7219,4492.4256,4526.6616,4515.4027,11.2589,0.2493,142902096.0,341832317.9794
20251201,4539.1877,4576.9654,4531.2917,4576.4856,4526.6616,49.824,1.1007,200382317.0,463861587.2514
20251202,4571.9098,4575.4945,4539.4312,4554.3347,4576.4856,-22.1509,-0.484,148493132.0,364366426.4778
20251203,4554.5894,4569.821,4523.5017,4531.0486,4554.3347,-23.2861,-0.5113,169762790.0,374486168.9029
20251204,4533.6004,4557.4228,4514.1878,4546.5664,4531.0486,15.5178,0.3425,147198110.0,348767399.2117
20251205,4547.9056,4593.8279,4535.0195,4584.5368,4546.5664,37.9704,0.8351,196799968.0,412146806.5383
20251208,4593.1399,4640.6256,4592.7414,4621.7545,4584.5368,37.2177,0.8118,199620990.0,496716196.1122
20251209,4611.379,4628.7049,4584.254,4598.2232,4621.7545,-23.5313,-0.5091,184160344.0,452113884.581
20251210,4586.254,4598.5366,4549.0798,4591.8273,4598.2232,-6.3959,-0.1391,169111106.0,401452781.4976
20251211,4597.1901,4610.2787,4547.1372,4552.1848,4591.8273,-39.6425,-0.8633,168419405.0,432431093.5097
20251212,4558.7375,4583.6753,4530.7841,4580.95,4552.1848,28.7652,0.6319,212826520.0,523863221.6519
20251215,4550.0028,4595.0463,4548.4382,4552.0596,4580.95,-28.8904,-0.6307,167589967.0,424383389.7923
20251216,4542.4226,4553.0806,4484.27,4497.5545,4552.0596,-54.5051,-1.1974,165165201.0,390500134.3027
20251217,4499.7729,4594.6556,4498.9304,4579.875,4497.5545,82.3205,1.8303,178424830.0,452504741.1141
20251218,4553.9788,4571.9683,4544.1416,4552.7926,4579.875,-27.0824,-0.5913,151681328.0,382102395.6846
20251219,4561.3729,4591.0931,4546.8465,4568.1781,4552.7926,15.3855,0.3379,154876220.0,371577144.2811
20251222,4587.6683,4615.8721,4587.6683,4611.6235,4568.1781,43.4454,0.951,165252856.0,448240599.5139
20251223,4616.026,4644.5347,4607.7992,4620.7341,4611.6235,9.1106,0.1976,169256412.0,433141326.0055
20251224,4623.6831,4639.4278,4602.1444,4634.0586,4620.7341,13.3245,0.2884,153711241.0,406375640.6621
20251225,4629.3195,4651.1535,4621.9208,4642.5357,4634.0586,8.4771,0.1829,139434186.0,385356060.8324
20251226,4639.7895,4676.131,4635.1052,4657.24,4642.5357,14.7043,0.3167,175396565.0,460426934.2675
20251229,4658.2654,4672.0352,4629.0567,4639.3721,4657.24,-17.8679,-0.3837,200397133.0,482613536.4665
20251230,4617.3163,4664.3305,4616.6323,4651.2818,4639.3721,11.9097,0.2567,180374974.0,457185489.0368
20251231,4656.48,4667.0467,4622.0988,4629.9395,4651.2818,-21.3423,-0.4588,170760224.0,444491545.749
20260105,4661.616,4721.6378,4661.616,4717.7457,4629.9395,87.8062,1.8965,234144839.0,630577351.3114
20260106,4719.2088,4790.6938,4718.0099,4790.6938,4717.7457,72.9481,1.5462,296970686.0,725414566.8729
20260107,4796.9335,4802.6028,4751.0713,4776.6658,4790.6938,-14.028,-0.2928,259095564.0,664897929.3607
20260108,4761.0105,4765.4863,4717.0091,4737.6536,4776.6658,-39.0122,-0.8167,238804957.0,630655637.9616
20260109,4725.9571,4771.4276,4719.134,4758.9221,4737.6536,21.2685,0.4489,254688038.0,668788811.1269
20260112,4769.6501,4795.9327,4737.5702,4789.9155,4758.9221,30.9934,0.6513,294833165.0,799954082.3881
20260113,4798.0488,4836.9549,4745.5154,4761.0324,4789.9155,-28.8831,-0.603,301449497.0,801054979.6398
20260114,4767.6956,4818.1008,4720.246,4741.9306,4761.0324,-19.1018,-0.4012,364951023.0,891334219.1743
20260115,4721.7966,4769.5478,4720.9368,4751.4293,4741.9306,9.4987,0.2003,254003636.0,674058683.6396
20260116,4778.4302,4792.5514,4715.3646,4731.8728,4751.4293,-19.5565,-0.4116,325278929.0,785624166.0963
20260119,4720.1945,4761.6317,4715.0867,4734.4556,4731.8728,2.5828,0.0546,267612492.0,655149256.2357
20260120,4736.9096,4748.2297,4684.9684,4718.8782,4734.4556,-15.5774,-0.329,282719579.0,671960685.3914
20260121,4714.5541,4758.2793,4714.2366,4723.0692,4718.8782,4.191,0.0888,266353332.0,665330511.2373
20260122,4741.7548,4757.7637,4700.4482,4723.7091,4723.0692,0.6399,0.0135,274199932.0,690235248.1605
20260123,4729.585,4734.7942,4684.6172,4702.4966,4723.7091,-21.2125,-0.4491,314635445.0,755617735.5283
20260126,4715.3753,4754.1777,4693.1577,4706.964,4702.4966,4.4674,0.095,363004481.0,796832970.3152
20260127,4705.1744,4736.9857,4675.6409,4705.6918,4706.964,-1.2722,-0.027,301475697.0,715267914.8403
20260128,4725.6014,4739.6257,4697.9063,4717.9914,4705.6918,12.2996,0.2614,382255602.0,829414067.0554
20260129,4733.0879,4770.9599,4696.0536,4753.8697,4717.9914,35.8783,0.7605,415513055.0,917966160.3393
20260130,4723.081,4738.8711,4645.4706,4706.3401,4753.8697,-47.5296,-0.9998,319786531.0,750564885.1954
20260202,4674.2759,4716.6069,4601.7603,4605.9799,4706.3401,-100.3602,-2.1324,304773500.0,725920381.252
20260203,4648.3574,4662.1264,4578.2087,4660.1074,4605.9799,54.1275,1.1752,265549405.0,666626842.8107
20260204,4647.9671,4701.4768,4641.8424,4698.6832,4660.1074,38.5758,0.8278,264881032.0,636018589.8627
20260205,4664.7478,4687.0213,4639.43,4670.4188,4698.6832,-28.2644,-0.6015,237856351.0,550433167.1971
20260206,4622.9747,4678.2618,4606.6379,4643.5959,4670.4188,-26.8229,-0.5743,202716477.0,505759806.2378
20260209,4693.6715,4719.9642,4679.9037,4719.0559,4643.5959,75.46,1.625,207251938.0,522757267.1994
20260210,4718.2552,4732.0871,4713.8684,4724.2956,4719.0559,5.2397,0.111,187000958.0,450339578.9784
20260211,4715.6697,4723.7043,4703.6873,4713.8185,4724.2956,-10.4771,-0.2218,173391681.0,433428613.402
20260212,4720.0085,4726.0426,4707.7359,4719.578,4713.8185,5.7595,0.1222,197841439.0,490473852.2751
20260213,4693.4106,4703.6332,4658.4038,4660.4056,4719.578,-59.1724,-1.2538,189167756.0,452878594.0688
20260224,4727.2961,4727.373,4698.3488,4707.544,4660.4056,47.1384,1.0115,218488890.0,526084235.584
20260225,4713.5754,4766.5587,4713.3438,4735.8858,4707.544,28.3418,0.6021,284268354.0,596903872.6167
20260226,4741.3896,4742.1476,4706.6943,4726.8739,4735.8858,-9.0119,-0.1903,234847644.0,599848915.4049
20260227,4698.3,4721.0141,4692.891,4710.6469,4726.8739,-16.227,-0.3433,261420865.0,578820992.5103
20260302,4681.0141,4735.4055,4667.2752,4728.6688,4710.6469,18.0219,0.3826,349260752.0,752681937.7704
20260303,4737.3164,4744.5987,4651.4047,4655.8962,4728.6688,-72.7726,-1.539,370624272.0,801659243.77
20260304,4609.1918,4639.4204,4575.8249,4602.6247,4655.8962,-53.2715,-1.1442,303035666.0,608923128.5903
20260305,4651.9415,4671.5268,4630.3024,4647.6921,4602.6247,45.0674,0.9792,259317825.0,570443777.0846
20260306,4621.4939,4671.7126,4612.7943,4660.439,4647.6921,12.7469,0.2743,238527926.0,487807080.1569
20260309,4600.2535,4625.9814,4548.969,4615.4551,4660.439,-44.9839,-0.9652,322787617.0,665821508.0053
20260310,4648.7851,4677.5958,4648.7851,4674.7562,4615.4551,59.3011,1.2848,263903748.0,557607876.1486
20260311,4681.0316,4711.8671,4674.7088,4704.4959,4674.7562,29.7397,0.6362,270175443.0,579564397.5803
20260312,4700.7205,4704.3791,4654.3147,4687.5601,4704.4959,-16.9358,-0.36,302986816.0,572105482.4638
20260313,4669.0619,4707.4194,4659.4979,4669.14,4687.5601,-18.4201,-0.393,310772009.0,580305608.1978
20260316,4669.2241,4673.6929,4621.8118,4671.5591,4669.14,2.4191,0.0518,296215070.0,598799098.3564
20260317,4685.5697,4720.8608,4637.368,4637.4392,4671.5591,-34.1199,-0.7304,263021913.0,578501505.8076
20260318,4648.7517,4662.2936,4604.5163,4658.3324,4637.4392,20.8932,0.4505,234690705.0,524173911.454
20260319,4611.4399,4634.5468,4570.392,4583.2511,4658.3324,-75.0813,-1.6118,254130449.0,547850295.7892
20260320,4602.8205,4628.7118,4563.0687,4567.0179,4583.2511,-16.2332,-0.3542,257873703.0,615463088.5578
20260323,4499.1004,4514.7182,4397.5661,4417.9971,4567.0179,-149.0208,-3.263,328081945.0,671719761.0609
20260324,4458.9074,4474.825,4394.2943,4474.7224,4417.9971,56.7253,1.284,255532517.0,530149390.3142
20260325,4506.6247,4542.1806,4502.0265,4537.4656,4474.7224,62.7432,1.4022,262639279.0,550428161.1883
20260326,4525.3291,4541.0502,4468.9571,4477.5343,4537.4656,-59.9313,-1.3208,213736788.0,471127498.4143
20260327,4431.5034,4519.8903,4431.4205,4502.5698,4477.5343,25.0355,0.5591,192400388.0,440517561.6171
20260330,4461.7367,4496.4109,4447.1373,4491.95,4502.5698,-10.6198,-0.2359,209293092.0,444629519.7112
20260331,4491.9209,4523.1745,4450.0493,4450.0493,4491.95,-41.9007,-0.9328,224541585.0,484558113.0112
20260401,4517.2717,4532.1093,4492.0544,4526.0668,4450.0493,76.0175,1.7082,216483196.0,503744056.996
20260402,4514.4416,4519.6931,4459.6095,4478.9141,4526.0668,-47.1527,-1.0418,190992161.0,429949131.6999
20260403,4492.8461,4494.4571,4437.5952,4440.7889,4478.9141,-38.1252,-0.8512,168321705.0,373234910.1577
20260407,4445.8613,4458.9264,4420.6939,4440.6162,4440.7889,-0.1727,-0.0039,162638787.0,378261695.0148
20260408,4517.3403,4595.556,4513.7705,4595.556,4440.6162,154.9398,3.4892,253339213.0,641779180.9695
20260409,4562.6696,4579.197,4552.4244,4566.2237,4595.556,-29.3323,-0.6383,184939783.0,500445676.6607
20260410,4594.9467,4655.0988,4590.1089,4636.5655,4566.2237,70.3418,1.5405,208678605.0,625717995.6482
20260413,4615.133,4653.3983,4615.133,4646.1546,4636.5655,9.5891,0.2068,196712277.0,556620945.2403
20260414,4676.1235,4701.2837,4654.8526,4701.2837,4646.1546,55.1291,1.1866,204700332.0,605717793.5853
20260415,4726.6381,4731.2729,4672.556,4685.2464,4701.2837,-16.0373,-0.3411,201688500.0,604550556.7983
20260416,4694.4309,4739.2208,4689.414,4736.6077,4685.2464,51.3613,1.0962,192057600.0,567611323.5922
20260417,4728.9951,4738.3236,4714.4669,4728.6716,4736.6077,-7.9361,-0.1675,182915336.0,587622682.3079
20260420,4727.1661,4763.0427,4720.6853,4757.4419,4728.6716,28.7703,0.6084,221633494.0,626568410.3309
20260421,4750.5149,4776.8258,4722.0074,4767.997,4757.4419,10.5551,0.2219,205614058.0,580407995.6197
20260422,4751.2794,4801.4465,4750.3502,4799.627,4767.997,31.63,0.6634,204481830.0,619505670.177
20260423,4816.0267,4823.4704,4759.86,4786.3273,4799.627,-13.2997,-0.2771,232865736.0,693853775.9756
20260424,4771.7348,4786.444,4735.606,4769.3688,4786.3273,-16.9585,-0.3543,193798314.0,680097832.5473
20260427,4776.3351,4795.1682,4762.6441,4770.9469,4769.3688,1.5781,0.0331,192796550.0,648904814.9811
20260428,4757.0766,4778.1891,4743.4355,4758.2083,4770.9469,-12.7386,-0.267,216724233.0,631521664.9309
20260429,4737.5755,4813.6104,4737.1139,4810.3468,4758.2083,52.1385,1.0958,233298110.0,681020507.3006
20260430,4820.9716,4829.2715,4797.5445,4807.3069,4810.3468,-3.0399,-0.0632,250633370.0,726665374.5163
20260506,4857.6537,4892.7957,4834.2807,4877.0932,4807.3069,69.7863,1.4517,274443880.0,881744311.6351
20260507,4895.8001,4901.8575,4866.8749,4900.5098,4877.0932,23.4166,0.4801,257833972.0,787236200.0227
20260508,4871.1185,4887.2129,4849.9871,4871.9122,4900.5098,-28.5976,-0.5836,251720996.0,716546104.146
20260511,4902.2775,4960.3975,4889.5659,4951.8366,4871.9122,79.9244,1.6405,305734801.0,904479321.9021
20260512,4965.0175,4971.3026,4926.7897,4948.0465,4951.8366,-3.7901,-0.0765,273812001.0,819351442.6644
20260513,4919.4248,5001.1201,4919.4248,4998.3417,4948.0465,50.2952,1.0165,268454537.0,823173197.9285
20260514,5027.6405,5030.5187,4913.6037,4914.5971,4998.3417,-83.7446,-1.6754,280695379.0,857446326.2476
20260515,4911.6223,4935.6173,4832.6899,4859.5927,4914.5971,-55.0044,-1.1192,276967769.0,887687426.9845
20260518,4836.3286,4868.6008,4806.1455,4833.5237,4859.5927,-26.069,-0.5364,239077587.0,733452822.6238
20260519,4818.7051,4854.5247,4773.534,4852.8832,4833.5237,19.3595,0.4005,232280852.0,712401049.9845
20260520,4829.6129,4866.2121,4825.643,4850.7,4852.8832,-2.1832,-0.045,220023206.0,729653332.839
20260521,4886.2389,4937.9327,4780.7107,4783.0976,4850.7,-67.6024,-1.3937,287342507.0,891936347.9703
20260522,4818.8435,4851.3489,4785.3486,4845.0956,4783.0976,61.998,1.2962,286940435.0,771823300.8507
20260525,4873.1962,4922.4375,4857.1345,4921.5974,4845.0956,76.5018,1.579,264743236.0,861179421.8998
20260526,4900.1152,4952.7412,4892.683,4947.8493,4921.5974,26.2519,0.5334,302799476.0,899094487.8569
20260527,4940.9454,4974.2108,4891.3428,4908.1714,4947.8493,-39.6779,-0.8019,301709175.0,909011906.95
20260528,4889.2659,4922.3297,4843.2265,4914.2133,4908.1714,6.0419,0.1231,267432731.0,819897918.9031
20260529,4937.5119,4954.0703,4878.7869,4892.1213,4914.2133,-22.092,-0.4496,332518610.0,942236490.0581
20260601,4897.8968,4918.7935,4836.6851,4844.2556,4892.1213,-47.8657,-0.9784,296134051.0,823984849.0001
20260602,4860.6119,4930.2776,4831.9972,4914.5591,4844.2556,70.3035,1.4513,281731662.0,806751344.3952
20260603,4921.3445,4991.8525,4904.8969,4938.8091,4914.5591,24.25,0.4934,304035947.0,906047729.419
20260604,4897.3164,4938.7814,4889.7456,4904.7454,4938.8091,-34.0637,-0.6897,264808910.0,736143410.0034
20260605,4886.9645,4924.3438,4798.9103,4816.9199,4904.7454,-87.8255,-1.7906,301929336.0,839863796.3956
20260608,4703.773,4779.8623,4677.5682,4713.6358,4816.9199,-103.2841,-2.1442,299647565.0,761046395.1659
20260609,4743.4505,4802.5047,4715.3907,4801.8106,4713.6358,88.1748,1.8706,258391601.0,713286998.8209
20260610,4753.1154,4786.5162,4718.9946,4748.5932,4801.8106,-53.2174,-1.1083,259297109.0,694628416.0573
20260611,4730.072,4766.1728,4685.5014,4722.4122,4748.5932,-26.181,-0.5513,247177059.0,653931756.2594
20260612,4784.6396,4809.8606,4757.5574,4777.3206,4722.4122,54.9084,1.1627,335922063.0,871477325.2014
20260615,4829.2886,4892.5502,4803.1836,4891.7126,4777.3206,114.392,2.3945,331316076.0,914145755.8047
20260616,4894.8785,4908.2817,4866.0613,4884.2322,4891.7126,-7.4804,-0.1529,282584743.0,857202587.4781
20260617,4859.7012,4933.9288,4859.7012,4931.3861,4884.2322,47.1539,0.9654,276053950.0,850367581.5807
20260618,4916.0442,4976.8909,4916.0442,4941.5986,4931.3861,10.2125,0.2071,334459902.0,1021710711.0561
20260622,4949.3457,5061.5105,4928.4582,5059.6582,4941.5986,118.0596,2.3891,375100124.0,1145900296.7575
20260623,5048.0255,5064.2654,4892.0944,4919.386,5059.6582,-140.2722,-2.7724,342719336.0,1047052858.8213
20260624,4900.3838,4953.2321,4892.2676,4943.0197,4919.386,23.6337,0.4804,312249025.0,964945849.9787
20260625,4950.9753,5031.9994,4944.876,5020.1038,4943.0197,77.0841,1.5595,346664289.0,1110040892.2561
20260626,4981.8251,4981.983,4845.1921,4868.2205,5020.1038,-151.8833,-3.0255,341179238.0,1068082662.0869
20260629,4866.0432,4928.5987,4827.149,4926.921,4868.2205,58.7005,1.2058,323216134.0,1053723822.5525
20260630,4914.4934,4987.5599,4914.4934,4979.4328,4926.921,52.5118,1.0658,306150226.0,985795205.7039
20260701,4972.6923,5017.3754,4925.6309,4958.9773,4979.4328,-20.4555,-0.4108,342934747.0,1101717525.9687
20260702,4865.1713,4896.9934,4800.4842,4812.2957,4958.9773,-146.6816,-2.9579,343243758.0,1027796834.2327
20260703,4809.4988,4890.9652,4809.4988,4842.1737,4812.2957,29.878,0.6209,301067568.0,942569894.3498
20260706,4868.5422,4878.3231,4789.7956,4841.998,4842.1737,-0.1757,-0.0036,294050543.0,907946016.9534
20260707,4813.8707,4839.5098,4756.725,4792.2624,4841.998,-49.7356,-1.0272,246305999.0,762617505.5888
20260708,4804.4837,4830.0464,4751.4045,4755.5338,4792.2624,-36.7286,-0.7664,243928749.0,783248978.2806
20260709,4774.4021,4882.8477,4734.8666,4876.3125,4755.5338,120.7787,2.5398,281627705.0,947119396.8138
20260710,4887.5355,4906.4898,4780.7468,4780.7867,4876.3125,-95.5258,-1.959,304130286.0,1083913073.0394
20260713,4745.4383,4775.2355,4670.2496,4695.383,4780.7867,-85.4037,-1.7864,278634853.0,907944677.889
20260714,4691.1224,4796.502,4649.0444,4796.502,4695.383,101.119,2.1536,283250986.0,924097145.1325
20260715,4797.943,4826.8637,4772.0415,4786.7828,4796.502,-9.7192,-0.2026,278692669.0,858314510.3318
20260716,4711.532,4771.0573,4673.3503,4698.4344,4786.7828,-88.3484,-1.8457,251560977.0,798830386.8211
20260717,4661.6218,4663.5311,4492.085,4529.0953,4698.4344,-169.3391,-3.6042,302629886.0,920822412.822
20260720,4575.6712,4628.7985,4521.1808,4598.3208,4529.0953,69.2255,1.5285,333116058.0,933403207.7406
20260721,4630.8532,4739.2326,4566.281,4739.2287,4598.3208,140.9079,3.0643,345403590.0,1016727269.5794
20260722,4710.6602,4772.0815,4692.833,4717.2442,4739.2287,-21.9845,-0.4639,285556357.0,921519272.2054
20260723,4735.1706,4737.5092,4698.8717,4728.0018,4717.2442,10.7576,0.228,247331675.0,741818580.5601
20260724,4685.4082,4704.0843,4642.9387,4649.1917,4728.0018,-78.8101,-1.6669,221261212.0,626378644.3679
